turn,scenario,action,resistance,tension_type,behavioral_shift,conscience_impact,pressure,alignment_score,alignment_trend,ideal_gap,baseline_gap,safety_level,drift_count
1,daily_neutral,observe,0.035,,0.021,-0.072,0.0,1.0,0.0,0.0028900090000501615,0.0028900090000501615,normal,0
2,daily_neutral,observe,0.035,,0.021,-0.072,0.0065,1.0,0.0,0.005239120178831512,0.005239120178831512,normal,0
3,safe_companionship,express,0.1563,shame,0.0938,-0.0486,0.0312,0.8571428571428571,0.0,0.00901167776596299,0.00901167776596299,normal,0
4,daily_neutral,observe,0.035,,0.021,-0.072,0.0,0.8888888888888888,0.0,0.01039005867635783,0.01039005867635783,normal,0
5,daily_neutral,observe,0.035,,0.021,-0.072,0.0092,0.9090909090909091,1.0,0.0074737549177500435,0.0074737549177500435,normal,0
6,safe_companionship,express,0.1574,shame,0.0945,-0.0484,0.0512,0.8571428571428571,1.0,0.011218410318714171,0.011218410318714171,normal,0
7,daily_neutral,observe,0.035,,0.021,-0.072,0.0,0.875,1.0,0.015180751566147422,0.015180751566147422,normal,0
8,safe_companionship,express,0.1567,shame,0.094,-0.0485,0.046,0.8421052631578947,1.0,0.017646024607731108,0.017646024607731108,warning,0
9,safe_companionship,express,0.1577,shame,0.0946,-0.0483,0.11,0.8181818181818182,1.0,0.02156310573175896,0.02156310573175896,warning,0
10,daily_neutral,observe,0.035,,0.021,-0.072,0.0,0.8333333333333334,1.0,0.018138794860794116,0.018138794860794116,warning,0
11,safe_companionship,express,0.1536,shame,0.0921,-0.049,0.0516,0.8148148148148148,1.0,0.021855197848906847,0.021855197848906847,warning,0
12,daily_neutral,observe,0.035,,0.021,-0.072,0.0127,0.8275862068965517,1.0,0.022864919045992887,0.022864919045992887,warning,0
13,daily_neutral,observe,0.035,,0.021,-0.072,0.0045,0.8387096774193549,1.0,0.02494348772096205,0.02494348772096205,warning,0
14,daily_neutral,observe,0.035,,0.021,-0.072,0.0002,0.8484848484848485,1.0,0.02426795487579111,0.02426795487579111,warning,0
15,safe_companionship,express,0.1563,shame,0.0938,-0.0486,0.0514,0.8333333333333334,1.0,0.029122679229683306,0.029122679229683306,warning,0
16,safe_companionship,express,0.1584,shame,0.095,-0.0482,0.0796,0.8205128205128205,1.0,0.03264824451577645,0.03264824451577645,warning,0
17,intimacy_growth,reach_out,0.2828,shame,0.1697,-0.0296,0.1088,0.8095238095238095,1.0,0.03860280360866161,0.03860280360866161,warning,0
18,safe_companionship,express,0.1526,shame,0.0915,-0.0491,0.1532,0.8,1.0,0.042166066420305647,0.042166066420305647,warning,0
19,safe_companionship,express,0.1497,shame,0.0898,-0.0496,0.1956,0.7916666666666666,1.0,0.04643022953115686,0.04643022953115686,warning,0
20,safe_companionship,express,0.1531,shame,0.0918,-0.049,0.2329,0.7843137254901961,1.0,0.04853603762169407,0.04853603762169407,warning,0
21,daily_neutral,observe,0.035,,0.021,-0.072,0.0,0.7924528301886793,1.0,0.04772145805844451,0.04772145805844451,warning,0
22,daily_neutral,observe,0.035,,0.021,-0.072,0.0,0.8,1.0,0.04814842872413584,0.04814842872413584,warning,0
23,daily_neutral,observe,0.035,,0.021,-0.072,0.0,0.8070175438596491,1.0,0.04726903989948806,0.04726903989948806,warning,0
24,daily_neutral,observe,0.035,,0.021,-0.072,0.0059,0.8135593220338984,1.0,0.04612672761751019,0.04612672761751019,warning,0
25,daily_neutral,observe,0.035,,0.021,-0.072,0.0093,0.819672131147541,1.0,0.046447856968227105,0.046447856968227105,warning,0
26,daily_neutral,observe,0.035,,0.021,-0.072,0.0,0.8253968253968254,1.0,0.04670407556609893,0.04670407556609893,warning,0
27,intimacy_growth,reach_out,0.3049,shame,0.1829,-0.0263,0.0174,0.8181818181818182,1.0,0.05421002345758709,0.05421002345758709,warning,0
28,safe_companionship,express,0.1578,shame,0.0947,-0.0483,0.0807,0.8115942028985508,1.0,0.057632353951381256,0.057632353951381256,warning,0
29,safe_companionship,express,0.1557,shame,0.0934,-0.0486,0.1053,0.8055555555555556,1.0,0.06116809796300647,0.06116809796300647,warning,0
30,daily_neutral,observe,0.035,,0.021,-0.072,0.0,0.8108108108108109,1.0,0.06120404511098406,0.06120404511098406,warning,0
31,safe_companionship,express,0.1564,shame,0.0938,-0.0485,0.051,0.8051948051948052,1.0,0.0635003675649423,0.0635003675649423,warning,0
32,safe_companionship,express,0.1568,shame,0.0941,-0.0485,0.104,0.8,1.0,0.06806046325318603,0.06806046325318603,warning,0
33,safe_companionship,express,0.1557,shame,0.0934,-0.0486,0.1635,0.7951807228915663,1.0,0.07289493459990842,0.07289493459990842,warning,0
34,daily_neutral,observe,0.035,,0.021,-0.072,0.0,0.8,1.0,0.07306695161185932,0.07306695161185932,warning,0
35,daily_neutral,observe,0.035,,0.021,-0.072,0.002,0.8045977011494253,1.0,0.07361337342200919,0.07361337342200919,warning,0
36,intimacy_growth,reach_out,0.1681,shame,0.1009,-0.0468,0.0662,0.8,1.0,0.08207869504422803,0.08207869504422803,warning,0
37,daily_neutral,observe,0.035,,0.021,-0.072,0.0,0.8043478260869565,1.0,0.08251088534951351,0.08251088534951351,warning,0
38,daily_neutral,observe,0.035,,0.021,-0.072,0.0,0.8085106382978723,1.0,0.0814350190743769,0.0814350190743769,warning,0
39,daily_neutral,observe,0.035,,0.021,-0.072,0.0,0.8125,1.0,0.08119050885366413,0.08119050885366413,warning,0
40,daily_neutral,observe,0.035,,0.021,-0.072,0.0,0.8163265306122449,1.0,0.08127946086852715,0.08127946086852715,warning,0
41,daily_neutral,observe,0.035,,0.021,-0.072,0.0077,0.82,1.0,0.0799339498598758,0.0799339498598758,warning,0
42,intimacy_growth,reach_out,0.1706,shame,0.1024,-0.0464,0.0467,0.8155339805825242,1.0,0.08634429348353154,0.08634429348353154,warning,0
43,daily_neutral,observe,0.035,,0.021,-0.072,0.0058,0.819047619047619,1.0,0.08542753465506939,0.08542753465506939,warning,0
44,safe_companionship,express,0.1549,shame,0.0929,-0.0488,0.054,0.8148148148148148,1.0,0.09135604968678508,0.09135604968678508,warning,0
45,daily_neutral,observe,0.035,,0.021,-0.072,0.0,0.8181818181818182,1.0,0.0934842277612369,0.0934842277612369,warning,0
46,safe_companionship,express,0.1555,shame,0.0933,-0.0487,0.0604,0.8141592920353983,1.0,0.09812401333177348,0.09812401333177348,warning,0
47,daily_neutral,observe,0.035,,0.021,-0.072,0.0033,0.8173913043478261,1.0,0.09777345120614103,0.09777345120614103,warning,0
48,daily_neutral,observe,0.035,,0.021,-0.072,0.0,0.8205128205128205,1.0,0.09981695788680546,0.09981695788680546,warning,0
49,safe_companionship,express,0.1451,shame,0.087,-0.0502,0.0464,0.8166666666666667,1.0,0.10314044807368156,0.10314044807368156,warning,0
50,intimacy_growth,reach_out,0.1618,shame,0.0971,-0.0477,0.113,0.8130081300813008,1.0,0.10914031034420398,0.10914031034420398,warning,0
51,safe_companionship,express,0.1485,shame,0.0891,-0.0497,0.1626,0.8095238095238095,1.0,0.11209234727875413,0.11209234727875413,warning,0
52,safe_companionship,express,0.1457,shame,0.0874,-0.0501,0.2129,0.8062015503875969,1.0,0.11664538808883194,0.11664538808883194,warning,0
53,safe_companionship,express,0.1448,shame,0.0869,-0.0503,0.2619,0.803030303030303,1.0,0.11847220805526368,0.11847220805526368,warning,0
54,daily_neutral,observe,0.035,,0.021,-0.072,0.034,0.8059701492537313,1.0,0.11753819530384228,0.11753819530384228,warning,0
55,intimacy_growth,reach_out,0.1547,shame,0.0928,-0.0488,0.0841,0.8029197080291971,1.0,0.12279660329542214,0.12279660329542214,warning,0
56,daily_neutral,observe,0.035,,0.021,-0.072,0.0182,0.8057553956834532,1.0,0.12302255826903329,0.12302255826903329,warning,0
57,daily_neutral,observe,0.035,,0.021,-0.072,0.0076,0.8085106382978723,1.0,0.12351706652502978,0.12351706652502978,warning,0
58,intimacy_growth,reach_out,0.1541,shame,0.0925,-0.0489,0.0506,0.8055555555555556,1.0,0.13198545031404285,0.13198545031404285,warning,0
59,safe_companionship,express,0.1424,shame,0.0854,-0.0506,0.1023,0.8027210884353742,1.0,0.13374452406290926,0.13374452406290926,warning,0
60,daily_neutral,observe,0.035,,0.021,-0.072,0.0,0.8053691275167785,1.0,0.134701337609135,0.134701337609135,warning,0
61,safe_companionship,express,0.1431,shame,0.0859,-0.0505,0.0152,0.8026315789473685,1.0,0.13747813282638266,0.13747813282638266,warning,0
62,safe_companionship,express,0.1435,shame,0.0861,-0.0505,0.0752,0.8,1.0,0.14110442173628593,0.14110442173628593,warning,0
63,conflict,withdraw,0.6532,guilt,0.3919,0.062,0.2111,0.7911392405063291,0.8999999999999999,0.1402077022072355,0.1402077022072355,warning,0
64,boundary_invasion,withdraw,0.7,guilt,0.42,0.069,0.3241,0.782608695652174,0.8,0.14008664589128544,0.14008664589128544,warning,0
65,conflict,withdraw,0.7,guilt,0.42,0.069,0.463,0.774390243902439,0.7,0.14099800770697446,0.14099800770697446,warning,0
66,conflict,withdraw,0.7,guilt,0.42,0.069,0.6124,0.7664670658682635,0.6000000000000001,0.14229626462488515,0.14229626462488515,warning,0
67,conflict,withdraw,0.7,guilt,0.42,0.069,0.7541,0.7588235294117647,0.5,0.14436065999015055,0.14436065999015055,warning,0
68,recovery,repair,0.3329,doubt,0.1997,-0.0221,0.7746,0.7572254335260116,0.5,0.14221312157568888,0.14221312157568888,warning,0
69,recovery,repair,0.3348,doubt,0.2009,-0.0218,0.7941,0.7556818181818182,0.5,0.14243951031010169,0.14243951031010169,warning,0
70,recovery,repair,0.3349,doubt,0.201,-0.0218,0.7997,0.7541899441340782,0.5,0.14112123693370887,0.14112123693370887,warning,0
71,recovery,repair,0.3359,doubt,0.2015,-0.0216,0.8161,0.7527472527472527,0.5,0.14105618258202748,0.14105618258202748,warning,0
72,recovery,repair,0.3358,doubt,0.2015,-0.0216,0.8343,0.7513513513513513,0.5,0.14133532288715067,0.14133532288715067,warning,0
73,recovery,repair,0.3368,doubt,0.2021,-0.0215,0.8644,0.75,0.5,0.14189501749016634,0.14189501749016634,warning,0
74,daily_neutral,observe,0.035,,0.021,-0.072,0.6192,0.7526315789473684,0.5,0.1415420856053025,0.1415420856053025,warning,0
75,intimacy_growth,reach_out,0.0986,righteous,0.0177,-0.0572,0.6731,0.7512953367875648,0.5,0.14668239554068396,0.14668239554068396,warning,0
76,daily_neutral,observe,0.035,,0.021,-0.072,0.4206,0.7538461538461538,0.5,0.14369032570027107,0.14369032570027107,warning,0
77,safe_companionship,express,0.1003,righteous,0.0181,-0.0569,0.4704,0.7525252525252525,0.5,0.1448229430775029,0.1448229430775029,warning,0
78,daily_neutral,observe,0.035,,0.021,-0.072,0.2526,0.755,0.5,0.14526736552187972,0.14526736552187972,warning,0
79,safe_companionship,express,0.0993,righteous,0.0179,-0.0571,0.3114,0.7536945812807881,0.5,0.14522236158823518,0.14522236158823518,warning,0
80,intimacy_growth,reach_out,0.0977,righteous,0.0176,-0.0574,0.3471,0.7524271844660194,0.5,0.14919612613840275,0.14919612613840275,warning,0
81,daily_neutral,observe,0.035,,0.021,-0.072,0.0899,0.7548076923076923,0.5,0.14918469139976617,0.14918469139976617,warning,0
82,safe_companionship,express,0.0984,righteous,0.0177,-0.0572,0.1647,0.7535545023696683,0.5,0.14940386078894727,0.14940386078894727,warning,0
83,daily_neutral,observe,0.035,,0.021,-0.072,0.0078,0.755868544600939,0.6000000000000001,0.14925846586490454,0.14925846586490454,warning,0
84,safe_companionship,express,0.0899,righteous,0.0162,-0.0585,0.0394,0.7546296296296297,0.7,0.1507945834806132,0.1507945834806132,warning,0
85,safe_companionship,express,0.0881,righteous,0.0159,-0.0588,0.1264,0.7534246575342466,0.8,0.15165590922200092,0.15165590922200092,warning,0
86,daily_neutral,observe,0.035,,0.021,-0.072,0.0125,0.755656108597285,0.8999999999999999,0.14938414119444354,0.14938414119444354,warning,0
87,safe_companionship,express,0.0911,righteous,0.0164,-0.0583,0.0758,0.7544642857142857,1.0,0.15133214290938266,0.15133214290938266,warning,0
88,daily_neutral,observe,0.035,,0.021,-0.072,0.0,0.7566371681415929,1.0,0.15002410781610695,0.15002410781610695,warning,0
89,safe_companionship,express,0.0898,righteous,0.0162,-0.0585,0.0219,0.7554585152838428,1.0,0.15156971970149424,0.15156971970149424,warning,0
90,intimacy_growth,reach_out,0.0898,righteous,0.0162,-0.0585,0.0992,0.7543103448275862,1.0,0.15120164755708002,0.15120164755708002,warning,0
91,daily_neutral,observe,0.035,,0.021,-0.072,0.0042,0.7564102564102564,1.0,0.1502723184310959,0.1502723184310959,warning,0
92,safe_companionship,express,0.095,righteous,0.0171,-0.0577,0.0572,0.7552742616033755,1.0,0.15072384213491594,0.15072384213491594,warning,0
93,daily_neutral,observe,0.035,,0.021,-0.072,0.0,0.7573221757322176,1.0,0.14963801813810568,0.14963801813810568,warning,0
94,safe_companionship,express,0.0967,righteous,0.0174,-0.0575,0.0595,0.756198347107438,1.0,0.15021270856285776,0.15021270856285776,warning,0
95,safe_companionship,express,0.0981,righteous,0.0177,-0.0573,0.0936,0.7551020408163265,1.0,0.1507467795186627,0.1507467795186627,warning,0
96,daily_neutral,observe,0.035,,0.021,-0.072,0.0,0.757085020242915,1.0,0.15031618604371855,0.15031618604371855,warning,0
97,daily_neutral,observe,0.035,,0.021,-0.072,0.0087,0.7590361445783133,1.0,0.1497695912303744,0.1497695912303744,warning,0
98,daily_neutral,observe,0.035,,0.021,-0.072,0.0,0.7609561752988048,1.0,0.14804121812994442,0.14804121812994442,warning,0
99,safe_companionship,express,0.1037,righteous,0.0187,-0.0564,0.0382,0.7598425196850394,1.0,0.15061289039182313,0.15061289039182313,warning,0
100,daily_neutral,observe,0.035,,0.021,-0.072,0.0043,0.76171875,1.0,0.14845163778361456,0.14845163778361456,warning,0
101,daily_neutral,observe,0.035,,0.021,-0.072,0.0,0.7635658914728682,1.0,0.1471963372414586,0.1471963372414586,warning,0
102,daily_neutral,observe,0.035,,0.021,-0.072,0.0,0.7653846153846153,1.0,0.14792882187172515,0.14792882187172515,warning,0
103,daily_neutral,observe,0.035,,0.021,-0.072,0.01,0.767175572519084,1.0,0.1490457531544617,0.1490457531544617,warning,0
104,daily_neutral,observe,0.035,,0.021,-0.072,0.0,0.7689393939393939,1.0,0.14596611956369665,0.14596611956369665,warning,0
105,intimacy_growth,reach_out,0.0993,righteous,0.0179,-0.0571,0.0695,0.7677902621722846,1.0,0.14793172368696036,0.14793172368696036,warning,0
106,intimacy_growth,reach_out,0.1005,righteous,0.0181,-0.0569,0.1224,0.7666666666666667,1.0,0.1485784567156608,0.1485784567156608,warning,0
107,daily_neutral,observe,0.035,,0.021,-0.072,0.0205,0.7683823529411765,1.0,0.14840318281406398,0.14840318281406398,warning,0
108,safe_companionship,express,0.1051,righteous,0.0189,-0.0562,0.0666,0.7672727272727272,1.0,0.14841949577199046,0.14841949577199046,warning,0
109,intimacy_growth,reach_out,0.105,righteous,0.0189,-0.0563,0.1314,0.7661870503597122,1.0,0.14826410490749506,0.14826410490749506,warning,0
110,daily_neutral,observe,0.035,,0.021,-0.072,0.0,0.7678571428571429,1.0,0.14824264047029054,0.14824264047029054,warning,0
111,daily_neutral,observe,0.035,,0.021,-0.072,0.0137,0.7695035460992907,1.0,0.1469665502591151,0.1469665502591151,warning,0
112,daily_neutral,observe,0.035,,0.021,-0.072,0.0113,0.7711267605633803,1.0,0.14557734195392305,0.14557734195392305,warning,0
113,intimacy_growth,reach_out,0.1084,righteous,0.0195,-0.0557,0.0949,0.7700348432055749,1.0,0.1474432794088899,0.1474432794088899,warning,0
114,safe_companionship,express,0.1101,righteous,0.0198,-0.0555,0.1559,0.7689655172413793,1.0,0.14728421678297238,0.14728421678297238,warning,0
115,daily_neutral,observe,0.035,,0.021,-0.072,0.0129,0.7705479452054794,1.0,0.14563836719054446,0.14563836719054446,warning,0
116,intimacy_growth,reach_out,0.1085,righteous,0.0195,-0.0557,0.0682,0.7694915254237288,1.0,0.14709963886992675,0.14709963886992675,warning,0
117,safe_companionship,express,0.1109,righteous,0.02,-0.0554,0.117,0.7684563758389261,1.0,0.1476190415561642,0.1476190415561642,warning,0
118,daily_neutral,observe,0.035,,0.021,-0.072,0.0116,0.77,1.0,0.1456518979247738,0.1456518979247738,warning,0
119,safe_companionship,express,0.1092,righteous,0.0197,-0.0556,0.0894,0.768976897689769,1.0,0.1465056208412885,0.1465056208412885,warning,0
120,safe_companionship,express,0.1035,righteous,0.0186,-0.0565,0.1405,0.7679738562091504,1.0,0.1488532037461708,0.1488532037461708,warning,0
121,safe_companionship,express,0.105,righteous,0.0189,-0.0562,0.177,0.7669902912621359,1.0,0.14966263482591552,0.14966263482591552,warning,0
122,intimacy_growth,reach_out,0.1003,righteous,0.018,-0.057,0.2301,0.7660256410256411,1.0,0.15003957448904787,0.15003957448904787,warning,0
123,intimacy_growth,reach_out,0.1007,righteous,0.0181,-0.0569,0.2775,0.765079365079365,1.0,0.1496857198961578,0.1496857198961578,warning,0
124,daily_neutral,observe,0.035,,0.021,-0.072,0.0418,0.7665615141955836,1.0,0.14905348136917146,0.14905348136917146,warning,0
125,safe_companionship,express,0.1043,righteous,0.0188,-0.0564,0.1012,0.765625,1.0,0.14913748942542748,0.14913748942542748,warning,0
126,daily_neutral,observe,0.035,,0.021,-0.072,0.0048,0.7670807453416149,1.0,0.14877026151228132,0.14877026151228132,warning,0
127,daily_neutral,observe,0.035,,0.021,-0.072,0.0,0.7685185185185185,1.0,0.1466421629585348,0.1466421629585348,warning,0
128,safe_companionship,express,0.1058,righteous,0.019,-0.0561,0.0456,0.7675840978593272,1.0,0.14999754939801827,0.14999754939801827,warning,0
129,safe_companionship,express,0.109,righteous,0.0196,-0.0557,0.0857,0.7666666666666667,1.0,0.14978327777937758,0.14978327777937758,warning,0
130,intimacy_growth,reach_out,0.1042,righteous,0.0188,-0.0564,0.1482,0.7657657657657657,1.0,0.14972078969374822,0.14972078969374822,warning,0
131,safe_companionship,express,0.1074,righteous,0.0193,-0.0559,0.2303,0.7648809523809523,1.0,0.14969036461266946,0.14969036461266946,warning,0
132,daily_neutral,observe,0.035,,0.021,-0.072,0.0,0.7662721893491125,1.0,0.15000248687975723,0.15000248687975723,warning,0
133,daily_neutral,observe,0.035,,0.021,-0.072,0.0003,0.7676470588235295,1.0,0.15017576042838884,0.15017576042838884,warning,0
134,safe_companionship,express,0.1036,righteous,0.0187,-0.0565,0.0481,0.7667638483965015,1.0,0.15046683223264423,0.15046683223264423,warning,0
135,daily_neutral,observe,0.035,,0.021,-0.072,0.0,0.7681159420289855,1.0,0.14924691013050875,0.14924691013050875,warning,0
136,intimacy_growth,reach_out,0.1008,righteous,0.0181,-0.0569,0.0281,0.7672413793103449,1.0,0.15007044130542088,0.15007044130542088,warning,0
137,daily_neutral,observe,0.035,,0.021,-0.072,0.0097,0.7685714285714286,1.0,0.14860311036746973,0.14860311036746973,warning,0
138,intimacy_growth,reach_out,0.1012,righteous,0.0182,-0.0568,0.0739,0.7677053824362606,1.0,0.14936612583110725,0.14936612583110725,warning,0
139,intimacy_growth,reach_out,0.1018,righteous,0.0183,-0.0567,0.1236,0.7668539325842697,1.0,0.14921823468917716,0.14921823468917716,warning,0
140,daily_neutral,observe,0.035,,0.021,-0.072,0.0,0.7681564245810056,1.0,0.14790963836448767,0.14790963836448767,warning,0
141,safe_companionship,express,0.1053,righteous,0.019,-0.0562,0.0122,0.7673130193905817,1.0,0.1495201187466285,0.1495201187466285,warning,0
142,intimacy_growth,reach_out,0.1004,righteous,0.0181,-0.0569,0.0739,0.7664835164835165,1.0,0.14966350264953926,0.14966350264953926,warning,0
143,daily_neutral,observe,0.035,,0.021,-0.072,0.0136,0.76775956284153,1.0,0.14982758997008716,0.14982758997008716,warning,0
144,daily_neutral,observe,0.035,,0.021,-0.072,0.0358,0.7690217391304348,1.0,0.1494853699875451,0.1494853699875451,warning,0
145,intimacy_growth,reach_out,0.1012,righteous,0.0182,-0.0568,0.0971,0.7681940700808625,1.0,0.15070071943660596,0.15070071943660596,warning,0
146,daily_neutral,observe,0.035,,0.021,-0.072,0.0,0.7694369973190348,1.0,0.14886599452793342,0.14886599452793342,warning,0
147,safe_companionship,express,0.1056,righteous,0.019,-0.0562,0.0297,0.7686170212765957,1.0,0.150971943093112,0.150971943093112,warning,0
148,safe_companionship,express,0.1034,righteous,0.0186,-0.0565,0.087,0.7678100263852242,1.0,0.15155526653860368,0.15155526653860368,warning,0
149,daily_neutral,observe,0.035,,0.021,-0.072,0.0044,0.7690288713910761,1.0,0.15034555282155548,0.15034555282155548,warning,0
150,daily_neutral,observe,0.035,,0.021,-0.072,0.0099,0.7702349869451697,1.0,0.14958056918416496,0.14958056918416496,warning,0
151,intimacy_growth,reach_out,0.0993,righteous,0.0179,-0.0571,0.0886,0.7694300518134715,1.0,0.14947560331725,0.14947560331725,warning,0
152,daily_neutral,observe,0.035,,0.021,-0.072,0.0055,0.770618556701031,1.0,0.1495427259484532,0.1495427259484532,warning,0
153,daily_neutral,observe,0.035,,0.021,-0.072,0.0138,0.7717948717948718,1.0,0.14963618715221313,0.14963618715221313,warning,0
154,boundary_invasion,withdraw,0.7,guilt,0.42,0.069,0.1203,0.7684478371501272,0.8999999999999999,0.15165836774201627,0.15165836774201627,warning,0
155,boundary_invasion,withdraw,0.7,guilt,0.42,0.069,0.2215,0.7651515151515151,0.8,0.1532171154648865,0.1532171154648865,warning,0
156,boundary_invasion,withdraw,0.7,guilt,0.42,0.069,0.3334,0.7619047619047619,0.7,0.1579119250224089,0.1579119250224089,warning,0
157,boundary_invasion,withdraw,0.7,guilt,0.42,0.069,0.4442,0.7587064676616916,0.6000000000000001,0.16302072353724942,0.16302072353724942,warning,0
158,recovery,repair,0.343,doubt,0.2058,-0.0206,0.4538,0.7580246913580246,0.6000000000000001,0.16180780111324344,0.16180780111324344,warning,0
159,recovery,repair,0.3413,doubt,0.2048,-0.0208,0.4467,0.7573529411764706,0.6000000000000001,0.1613710487344172,0.1613710487344172,warning,0
160,recovery,repair,0.3388,doubt,0.2033,-0.0212,0.4808,0.7566909975669099,0.6000000000000001,0.16308335690044193,0.16308335690044193,warning,0
161,recovery,repair,0.3368,doubt,0.2021,-0.0215,0.5007,0.7560386473429952,0.6000000000000001,0.16498701865033086,0.16498701865033086,warning,0
162,recovery,repair,0.3368,doubt,0.2021,-0.0215,0.5091,0.7553956834532374,0.6000000000000001,0.16637814061440104,0.16637814061440104,warning,0
163,recovery,repair,0.3381,doubt,0.2028,-0.0213,0.5156,0.7547619047619047,0.6000000000000001,0.16596499917819596,0.16596499917819596,warning,0
164,recovery,repair,0.3384,doubt,0.203,-0.0212,0.5489,0.7541371158392435,0.6000000000000001,0.16378443437856852,0.16378443437856852,warning,0
165,recovery,repair,0.3386,doubt,0.2031,-0.0212,0.5818,0.7535211267605634,0.6000000000000001,0.1622665855210717,0.1622665855210717,warning,0
166,recovery,repair,0.3397,doubt,0.2038,-0.021,0.6061,0.752913752913753,0.6000000000000001,0.16199078721734195,0.16199078721734195,warning,0
167,safe_companionship,express,0.035,righteous,0.0063,-0.0667,0.6577,0.7523148148148148,0.6000000000000001,0.16390888504241669,0.16390888504241669,warning,0
168,intimacy_growth,reach_out,0.0368,righteous,0.0066,-0.0665,0.708,0.7517241379310344,0.6000000000000001,0.16517479252335307,0.16517479252335307,warning,0
169,daily_neutral,observe,0.035,,0.021,-0.072,0.4571,0.7528604118993135,0.6000000000000001,0.16511799080932107,0.16511799080932107,warning,0
170,daily_neutral,observe,0.035,,0.021,-0.072,0.2188,0.7539863325740319,0.6000000000000001,0.1649063829594918,0.1649063829594918,warning,0
171,daily_neutral,observe,0.035,,0.021,-0.072,0.0,0.7551020408163265,0.6000000000000001,0.16538181473560878,0.16538181473560878,warning,0
172,daily_neutral,observe,0.035,,0.021,-0.072,0.0004,0.7562076749435666,0.6000000000000001,0.16484474155647888,0.16484474155647888,warning,0
173,intimacy_growth,reach_out,0.0329,righteous,0.0059,-0.0671,0.0637,0.7556053811659192,0.6000000000000001,0.1680782480763265,0.1680782480763265,warning,0
174,daily_neutral,observe,0.035,,0.021,-0.072,0.0,0.7566964285714286,0.7,0.16661077832804472,0.16661077832804472,warning,0
175,safe_companionship,express,0.0359,righteous,0.0065,-0.0666,0.05,0.7560975609756098,0.8,0.16755217004421352,0.16755217004421352,warning,0
176,safe_companionship,express,0.0355,righteous,0.0064,-0.0667,0.1182,0.7555066079295154,0.8999999999999999,0.1678280632936477,0.1678280632936477,warning,0
177,intimacy_growth,reach_out,0.0339,righteous,0.0061,-0.0669,0.1902,0.7549234135667396,1.0,0.16718140310864396,0.16718140310864396,warning,0
178,intimacy_growth,reach_out,0.0329,righteous,0.0059,-0.0671,0.256,0.7543478260869565,1.0,0.16779868910805928,0.16779868910805928,warning,0
179,daily_neutral,observe,0.035,,0.021,-0.072,0.0155,0.7554112554112554,1.0,0.1663740665352262,0.1663740665352262,warning,0
180,daily_neutral,observe,0.035,,0.021,-0.072,0.0006,0.7564655172413793,1.0,0.1656005674384862,0.1656005674384862,warning,0
181,daily_neutral,observe,0.035,,0.021,-0.072,0.0069,0.7575107296137339,1.0,0.16433705450266198,0.16433705450266198,warning,0
182,safe_companionship,express,0.0397,righteous,0.0072,-0.066,0.0877,0.7569296375266524,1.0,0.16642462186770343,0.16642462186770343,warning,0
183,safe_companionship,express,0.04,righteous,0.0072,-0.066,0.1768,0.7563559322033898,1.0,0.16647453203795703,0.16647453203795703,warning,0
184,daily_neutral,observe,0.035,,0.021,-0.072,0.004,0.7573839662447257,1.0,0.16522578396955148,0.16522578396955148,warning,0
185,safe_companionship,express,0.0446,righteous,0.008,-0.0653,0.0563,0.7568134171907757,1.0,0.16533732702964946,0.16533732702964946,warning,0
186,daily_neutral,observe,0.035,,0.021,-0.072,0.0,0.7578288100208769,1.0,0.16285690697352376,0.16285690697352376,warning,0
187,daily_neutral,observe,0.035,,0.021,-0.072,0.0372,0.7588357588357588,1.0,0.15930193538997323,0.15930193538997323,warning,0
188,daily_neutral,observe,0.035,,0.021,-0.072,0.0019,0.7598343685300207,1.0,0.15975965309475085,0.15975965309475085,warning,0
189,intimacy_growth,reach_out,0.0455,righteous,0.0082,-0.0652,0.0488,0.7592592592592593,1.0,0.16439379822272374,0.16439379822272374,warning,0
190,safe_companionship,express,0.0453,righteous,0.0082,-0.0652,0.0984,0.7586912065439673,1.0,0.1644239043553953,0.1644239043553953,warning,0
191,daily_neutral,observe,0.035,,0.021,-0.072,0.0044,0.7596741344195519,1.0,0.16341514242813576,0.16341514242813576,warning,0
192,safe_companionship,express,0.0518,righteous,0.0093,-0.0642,0.0466,0.7591093117408907,1.0,0.16347275850082613,0.16347275850082613,warning,0
193,safe_companionship,express,0.052,righteous,0.0094,-0.0642,0.1005,0.7585513078470825,1.0,0.16431844332758666,0.16431844332758666,warning,0
194,safe_companionship,express,0.0492,righteous,0.0089,-0.0646,0.1548,0.758,1.0,0.1650334126604101,0.1650334126604101,warning,0
195,daily_neutral,observe,0.035,,0.021,-0.072,0.002,0.7589641434262948,1.0,0.1620182188345625,0.1620182188345625,warning,0
196,daily_neutral,observe,0.035,,0.021,-0.072,0.0,0.7599206349206349,1.0,0.15837700779350955,0.15837700779350955,warning,0
197,intimacy_growth,reach_out,0.0516,righteous,0.0093,-0.0643,0.0361,0.7593688362919132,1.0,0.16170624817783963,0.16170624817783963,warning,0
198,safe_companionship,express,0.0591,righteous,0.0106,-0.0631,0.128,0.7588235294117647,1.0,0.1614790608260007,0.1614790608260007,warning,0
199,safe_companionship,express,0.0597,righteous,0.0107,-0.0631,0.197,0.7582846003898636,1.0,0.1614952935901552,0.1614952935901552,warning,0
200,intimacy_growth,reach_out,0.0604,righteous,0.0109,-0.0629,0.2613,0.7577519379844961,1.0,0.16127618642736888,0.16127618642736888,warning,0
201,intimacy_growth,reach_out,0.0631,righteous,0.0114,-0.0625,0.3339,0.7572254335260116,1.0,0.16061503117615425,0.16061503117615425,warning,0
202,daily_neutral,observe,0.035,,0.021,-0.072,0.0953,0.7581573896353166,1.0,0.15995476843510648,0.15995476843510648,warning,0
203,safe_companionship,express,0.0636,righteous,0.0114,-0.0625,0.1726,0.7576335877862596,1.0,0.16136796398335504,0.16136796398335504,warning,0
204,safe_companionship,express,0.0654,righteous,0.0118,-0.0622,0.2518,0.7571157495256167,1.0,0.1607697887922527,0.1607697887922527,warning,0
205,safe_companionship,express,0.066,righteous,0.0119,-0.0621,0.3246,0.7566037735849057,1.0,0.16050211361127806,0.16050211361127806,warning,0
206,daily_neutral,observe,0.035,,0.021,-0.072,0.1006,0.7575187969924813,1.0,0.1564179533505189,0.1564179533505189,warning,0
207,intimacy_growth,reach_out,0.067,righteous,0.0121,-0.062,0.1765,0.7570093457943925,1.0,0.1600478780846546,0.1600478780846546,warning,0
208,safe_companionship,express,0.0744,righteous,0.0134,-0.0608,0.2182,0.7565055762081785,1.0,0.1597798337555052,0.1597798337555052,warning,0
209,intimacy_growth,reach_out,0.0736,righteous,0.0132,-0.061,0.2694,0.756007393715342,1.0,0.15908020139108434,0.15908020139108434,warning,0
210,safe_companionship,express,0.074,righteous,0.0133,-0.0609,0.3361,0.7555147058823529,1.0,0.15946704391167693,0.15946704391167693,warning,0
211,safe_companionship,express,0.0749,righteous,0.0135,-0.0608,0.3937,0.7550274223034735,1.0,0.15979219463973224,0.15979219463973224,warning,0
212,daily_neutral,observe,0.035,,0.021,-0.072,0.1695,0.75591985428051,1.0,0.158400980377408,0.158400980377408,warning,0
213,daily_neutral,observe,0.035,,0.021,-0.072,0.0063,0.7568058076225045,1.0,0.15701336167006547,0.15701336167006547,warning,0
214,daily_neutral,observe,0.035,,0.021,-0.072,0.0038,0.7576853526220615,1.0,0.15824323244443733,0.15824323244443733,warning,0
215,daily_neutral,observe,0.035,,0.021,-0.072,0.0215,0.7585585585585586,1.0,0.15608198332698603,0.15608198332698603,warning,0
216,daily_neutral,observe,0.035,,0.021,-0.072,0.0,0.7594254937163375,1.0,0.15532007422076377,0.15532007422076377,warning,0
217,safe_companionship,express,0.0765,righteous,0.0138,-0.0605,0.05,0.7589285714285714,1.0,0.15828269281902257,0.15828269281902257,warning,0
218,daily_neutral,observe,0.035,,0.021,-0.072,0.0,0.7597864768683275,1.0,0.1581320736376036,0.1581320736376036,warning,0
219,safe_companionship,express,0.0804,righteous,0.0145,-0.0599,0.0601,0.7592920353982301,1.0,0.15836971282308895,0.15836971282308895,warning,0
220,safe_companionship,express,0.0798,righteous,0.0144,-0.06,0.1419,0.7588028169014085,1.0,0.1582840592702605,0.1582840592702605,warning,0
221,safe_companionship,express,0.0793,righteous,0.0143,-0.0601,0.1934,0.7583187390542907,1.0,0.15843565569737528,0.15843565569737528,warning,0
222,daily_neutral,observe,0.035,,0.021,-0.072,0.0,0.7591623036649214,1.0,0.15860145422735086,0.15860145422735086,warning,0
223,safe_companionship,express,0.078,righteous,0.014,-0.0603,0.0614,0.7586805555555556,1.0,0.15985216344108075,0.15985216344108075,warning,0
224,intimacy_growth,reach_out,0.0793,righteous,0.0143,-0.0601,0.1379,0.7582037996545768,1.0,0.15870332945467566,0.15870332945467566,warning,0
225,daily_neutral,observe,0.035,,0.021,-0.072,0.0,0.7590361445783133,1.0,0.15560833667819957,0.15560833667819957,warning,0
226,daily_neutral,observe,0.035,,0.021,-0.072,0.0,0.7598627787307033,1.0,0.15545380817787952,0.15545380817787952,warning,0
227,intimacy_growth,reach_out,0.0757,righteous,0.0136,-0.0606,0.0262,0.7593856655290102,1.0,0.15897274907157002,0.15897274907157002,warning,0
228,safe_companionship,express,0.0817,righteous,0.0147,-0.0597,0.0662,0.7589134125636672,1.0,0.15849879979813514,0.15849879979813514,warning,0
229,intimacy_growth,reach_out,0.0811,righteous,0.0146,-0.0598,0.1406,0.7584459459459459,1.0,0.15827817203247516,0.15827817203247516,warning,0
230,safe_companionship,express,0.0847,righteous,0.0152,-0.0593,0.1641,0.7579831932773109,1.0,0.15858353840732717,0.15858353840732717,warning,0
231,daily_neutral,observe,0.035,,0.021,-0.072,0.0,0.7587939698492462,1.0,0.15798451282183318,0.15798451282183318,warning,0
232,safe_companionship,express,0.0822,righteous,0.0148,-0.0597,0.0433,0.7583333333333333,1.0,0.15926142050579423,0.15926142050579423,warning,0
233,intimacy_growth,reach_out,0.0798,righteous,0.0144,-0.06,0.0989,0.75787728026534,1.0,0.1590395300434609,0.1590395300434609,warning,0
234,safe_companionship,express,0.0809,righteous,0.0146,-0.0599,0.155,0.7574257425742574,1.0,0.1590898859164204,0.1590898859164204,warning,0
235,safe_companionship,express,0.0822,righteous,0.0148,-0.0597,0.2122,0.7569786535303776,1.0,0.15925028273799172,0.15925028273799172,warning,0
236,daily_neutral,observe,0.035,,0.021,-0.072,0.0101,0.7577741407528642,1.0,0.1596008335758668,0.1596008335758668,warning,0
237,intimacy_growth,reach_out,0.0742,righteous,0.0134,-0.0609,0.0674,0.757328990228013,1.0,0.159854453276955,0.159854453276955,warning,0
238,daily_neutral,observe,0.035,,0.021,-0.072,0.0108,0.7581168831168831,1.0,0.15985868100449308,0.15985868100449308,warning,0
239,safe_companionship,express,0.0811,righteous,0.0146,-0.0598,0.0584,0.7576736672051696,1.0,0.15931944232612855,0.15931944232612855,warning,0
240,daily_neutral,observe,0.035,,0.021,-0.072,0.0,0.7584541062801933,1.0,0.15764641455725506,0.15764641455725506,warning,0
241,daily_neutral,observe,0.035,,0.021,-0.072,0.006,0.7592295345104334,1.0,0.15590572235844657,0.15590572235844657,warning,0
242,intimacy_growth,reach_out,0.0806,righteous,0.0145,-0.0599,0.0687,0.7587859424920128,1.0,0.15817337523410893,0.15817337523410893,warning,0
243,intimacy_growth,reach_out,0.081,righteous,0.0146,-0.0598,0.127,0.7583465818759937,1.0,0.15862000466549514,0.15862000466549514,warning,0
244,daily_neutral,observe,0.035,,0.021,-0.072,0.0208,0.7591125198098256,1.0,0.15848205271875673,0.15848205271875673,warning,0
245,daily_neutral,observe,0.035,,0.021,-0.072,0.0088,0.7598736176935229,1.0,0.15902525579443655,0.15902525579443655,warning,0
246,safe_companionship,express,0.0855,righteous,0.0154,-0.0592,0.0742,0.7594339622641509,1.0,0.15898160913091214,0.15898160913091214,warning,0
247,safe_companionship,express,0.089,righteous,0.016,-0.0586,0.1193,0.758998435054773,1.0,0.15855954407283143,0.15855954407283143,warning,0
248,daily_neutral,observe,0.035,,0.021,-0.072,0.0,0.7597503900156006,1.0,0.15871388766385422,0.15871388766385422,warning,0
249,safe_companionship,express,0.0846,righteous,0.0152,-0.0593,0.0256,0.7593167701863354,1.0,0.1597611641216988,0.1597611641216988,warning,0
250,daily_neutral,observe,0.035,,0.021,-0.072,0.0,0.760061919504644,1.0,0.16018086583553415,0.16018086583553415,warning,0
251,daily_neutral,observe,0.035,,0.021,-0.072,0.008,0.7608024691358025,1.0,0.1593976260038109,0.1593976260038109,warning,0
252,daily_neutral,observe,0.035,,0.021,-0.072,0.0,0.7615384615384615,1.0,0.15934607389432176,0.15934607389432176,warning,0
253,daily_neutral,observe,0.035,,0.021,-0.072,0.0,0.7622699386503068,1.0,0.16005490686103319,0.16005490686103319,warning,0
254,daily_neutral,observe,0.035,,0.021,-0.072,0.0,0.7629969418960245,1.0,0.15761744424389562,0.15761744424389562,warning,0
255,daily_neutral,observe,0.035,,0.021,-0.072,0.0,0.7637195121951219,1.0,0.1575172273251506,0.1575172273251506,warning,0
256,daily_neutral,observe,0.035,,0.021,-0.072,0.0,0.7644376899696048,1.0,0.15412759594760608,0.15412759594760608,warning,0
257,intimacy_growth,reach_out,0.08,righteous,0.0144,-0.06,0.0418,0.7639939485627837,1.0,0.15940126101150104,0.15940126101150104,warning,0
258,intimacy_growth,reach_out,0.079,righteous,0.0142,-0.0601,0.1291,0.7635542168674698,1.0,0.1609815074555829,0.1609815074555829,warning,0
259,daily_neutral,observe,0.035,,0.021,-0.072,0.0211,0.7642642642642643,1.0,0.15885206373598523,0.15885206373598523,warning,0
260,daily_neutral,observe,0.035,,0.021,-0.072,0.0016,0.7649700598802395,1.0,0.15736559941440392,0.15736559941440392,warning,0
261,intimacy_growth,reach_out,0.0795,righteous,0.0143,-0.0601,0.0579,0.7645305514157973,1.0,0.15796575484887249,0.15796575484887249,warning,0
262,safe_companionship,express,0.0872,righteous,0.0157,-0.0589,0.1153,0.7640949554896143,1.0,0.1588033703426266,0.1588033703426266,warning,0
263,safe_companionship,express,0.0854,righteous,0.0154,-0.0592,0.1748,0.7636632200886263,1.0,0.15997926156807582,0.15997926156807582,warning,0
264,daily_neutral,observe,0.035,,0.021,-0.072,0.0,0.7643593519882179,1.0,0.15929176643369936,0.15929176643369936,warning,0
265,daily_neutral,observe,0.035,,0.021,-0.072,0.0,0.7650513950073421,1.0,0.15968974696883134,0.15968974696883134,warning,0
266,safe_companionship,express,0.085,righteous,0.0153,-0.0593,0.0648,0.7646198830409356,1.0,0.16066419041038763,0.16066419041038763,warning,0
267,safe_companionship,express,0.0862,righteous,0.0155,-0.0591,0.1132,0.7641921397379913,1.0,0.1613162057990599,0.1613162057990599,warning,0
268,intimacy_growth,reach_out,0.0784,righteous,0.0141,-0.0602,0.1775,0.763768115942029,1.0,0.1613651163942868,0.1613651163942868,warning,0
269,safe_companionship,express,0.0849,righteous,0.0153,-0.0593,0.2285,0.7633477633477633,1.0,0.16212443108695337,0.16212443108695337,warning,0
270,safe_companionship,express,0.0863,righteous,0.0155,-0.0591,0.3071,0.7629310344827587,1.0,0.16190565257866588,0.16190565257866588,warning,0
271,daily_neutral,observe,0.035,,0.021,-0.072,0.0722,0.7636103151862464,1.0,0.16252994820451938,0.16252994820451938,warning,0
272,intimacy_growth,reach_out,0.0852,righteous,0.0153,-0.0592,0.15,0.7631954350927247,1.0,0.16171038752667502,0.16171038752667502,warning,0
273,daily_neutral,observe,0.035,,0.021,-0.072,0.0,0.7638691322901849,1.0,0.1608095447211542,0.1608095447211542,warning,0
274,daily_neutral,observe,0.035,,0.021,-0.072,0.0073,0.7645390070921986,1.0,0.15886556030095575,0.15886556030095575,warning,0
275,intimacy_growth,reach_out,0.0878,righteous,0.0158,-0.0588,0.0657,0.7641242937853108,1.0,0.16107053961923626,0.16107053961923626,warning,0
276,intimacy_growth,reach_out,0.0891,righteous,0.016,-0.0586,0.1111,0.7637130801687764,1.0,0.16019336812295984,0.16019336812295984,warning,0
277,safe_companionship,express,0.095,righteous,0.0171,-0.0577,0.1817,0.7633053221288515,1.0,0.16064888499707905,0.16064888499707905,warning,0
278,safe_companionship,express,0.0933,righteous,0.0168,-0.058,0.2388,0.7629009762900977,1.0,0.16190178847419784,0.16190178847419784,warning,0
279,intimacy_growth,reach_out,0.09,righteous,0.0162,-0.0585,0.3154,0.7625,1.0,0.16139401262155517,0.16139401262155517,warning,0
280,daily_neutral,observe,0.035,,0.021,-0.072,0.0794,0.7631578947368421,1.0,0.1595527365503638,0.1595527365503638,warning,0
281,daily_neutral,observe,0.035,,0.021,-0.072,0.0045,0.7638121546961326,1.0,0.15849732081670737,0.15849732081670737,warning,0
282,daily_neutral,observe,0.035,,0.021,-0.072,0.0318,0.7644628099173554,1.0,0.15836583652675829,0.15836583652675829,warning,0
283,safe_companionship,express,0.0932,righteous,0.0168,-0.058,0.0956,0.7640603566529492,1.0,0.1611386426290907,0.1611386426290907,warning,0
284,daily_neutral,observe,0.035,,0.021,-0.072,0.0,0.7647058823529411,1.0,0.1593544021612319,0.1593544021612319,warning,0
285,intimacy_growth,reach_out,0.0847,righteous,0.0152,-0.0593,0.0459,0.7643051771117166,1.0,0.16032703354886219,0.16032703354886219,warning,0
286,daily_neutral,observe,0.035,,0.021,-0.072,0.0058,0.7649456521739131,1.0,0.16048598987042895,0.16048598987042895,warning,0
287,safe_companionship,express,0.0877,righteous,0.0158,-0.0588,0.0418,0.7645466847090663,1.0,0.16233112863384241,0.16233112863384241,warning,0
288,safe_companionship,express,0.0838,righteous,0.0151,-0.0594,0.0988,0.7641509433962265,1.0,0.1634944144353405,0.1634944144353405,warning,0
289,daily_neutral,observe,0.035,,0.021,-0.072,0.0128,0.7647849462365591,1.0,0.16098501744862379,0.16098501744862379,warning,0
290,safe_companionship,express,0.0893,righteous,0.0161,-0.0586,0.0759,0.7643908969210174,1.0,0.1637990000482928,0.1637990000482928,warning,0
291,safe_companionship,express,0.0902,righteous,0.0162,-0.0585,0.1378,0.764,1.0,0.16376507133859577,0.16376507133859577,warning,0
292,daily_neutral,observe,0.035,,0.021,-0.072,0.0,0.7646276595744681,1.0,0.1635549676377349,0.1635549676377349,warning,0
293,daily_neutral,observe,0.035,,0.021,-0.072,0.0,0.7652519893899205,1.0,0.16056579814455477,0.16056579814455477,warning,0
294,safe_companionship,express,0.0943,righteous,0.017,-0.0578,0.0498,0.7648612945838837,1.0,0.16312175718595107,0.16312175718595107,warning,0
295,safe_companionship,express,0.0916,righteous,0.0165,-0.0583,0.1306,0.7644736842105263,1.0,0.16568975868696578,0.16568975868696578,warning,0
296,safe_companionship,express,0.0894,righteous,0.0161,-0.0586,0.1643,0.7640891218872871,1.0,0.16633967353184873,0.16633967353184873,warning,0
297,safe_companionship,express,0.0888,righteous,0.016,-0.0587,0.2274,0.7637075718015666,1.0,0.16686104317420958,0.16686104317420958,warning,0
298,daily_neutral,observe,0.035,,0.021,-0.072,0.0082,0.7643229166666666,1.0,0.16448728117651448,0.16448728117651448,warning,0
299,safe_companionship,express,0.0903,righteous,0.0163,-0.0585,0.0683,0.7639429312581063,1.0,0.1652421523547913,0.1652421523547913,warning,0
300,safe_companionship,express,0.0866,righteous,0.0156,-0.059,0.12,0.7635658914728682,1.0,0.16590152106050784,0.16590152106050784,warning,0
301,daily_neutral,observe,0.035,,0.021,-0.072,0.019,0.7641752577319587,1.0,0.16400576142272788,0.16400576142272788,warning,0
302,daily_neutral,observe,0.035,,0.021,-0.072,0.0,0.7647814910025706,1.0,0.16434663040290615,0.16434663040290615,warning,0
303,intimacy_growth,reach_out,0.0826,righteous,0.0149,-0.0596,0.0728,0.764404609475032,1.0,0.16565779662149283,0.16565779662149283,warning,0
304,daily_neutral,observe,0.035,,0.021,-0.072,0.0073,0.7650063856960408,1.0,0.16581232163123918,0.16581232163123918,warning,0
305,safe_companionship,express,0.0919,righteous,0.0165,-0.0582,0.076,0.7646310432569975,1.0,0.16646868903061324,0.16646868903061324,warning,0
306,safe_companionship,express,0.0932,righteous,0.0168,-0.058,0.145,0.7642585551330798,1.0,0.16683476807451114,0.16683476807451114,warning,0
307,safe_companionship,express,0.0921,righteous,0.0166,-0.0582,0.1921,0.7638888888888888,1.0,0.1675481884324118,0.1675481884324118,warning,0
308,safe_companionship,express,0.0942,righteous,0.017,-0.0579,0.2448,0.7635220125786164,1.0,0.16785271906093158,0.16785271906093158,warning,0
309,daily_neutral,observe,0.035,,0.021,-0.072,0.0,0.7641154328732748,1.0,0.16771923320043902,0.16771923320043902,warning,0
310,intimacy_growth,reach_out,0.0877,righteous,0.0158,-0.0588,0.0666,0.76375,1.0,0.16876524088934888,0.16876524088934888,warning,0
311,daily_neutral,observe,0.035,,0.021,-0.072,0.0088,0.7643391521197007,1.0,0.16892174911485305,0.16892174911485305,warning,0
312,safe_companionship,express,0.0908,righteous,0.0163,-0.0584,0.0746,0.7639751552795031,1.0,0.17098148041441324,0.17098148041441324,warning,0
313,daily_neutral,observe,0.035,,0.021,-0.072,0.0137,0.7645600991325898,1.0,0.1708335028938523,0.1708335028938523,warning,0
314,daily_neutral,observe,0.035,,0.021,-0.072,0.0,0.765142150803461,1.0,0.17051015736754022,0.17051015736754022,warning,0
315,daily_neutral,observe,0.035,,0.021,-0.072,0.0,0.7657213316892725,1.0,0.17079210732944156,0.17079210732944156,warning,0
316,daily_neutral,observe,0.035,,0.021,-0.072,0.0132,0.7662976629766297,1.0,0.17257729546305206,0.17257729546305206,warning,0
317,intimacy_growth,reach_out,0.0828,righteous,0.0149,-0.0596,0.0752,0.7659313725490197,1.0,0.17393696943275266,0.17393696943275266,warning,0
318,safe_companionship,express,0.086,righteous,0.0155,-0.0591,0.1322,0.7655677655677655,1.0,0.17397647035783875,0.17397647035783875,warning,0
319,daily_neutral,observe,0.035,,0.021,-0.072,0.0,0.7661388550548112,1.0,0.17290820917679392,0.17290820917679392,warning,0
320,safe_companionship,express,0.0914,righteous,0.0165,-0.0583,0.0576,0.7657766990291263,1.0,0.17266180180598087,0.17266180180598087,warning,0
321,daily_neutral,observe,0.035,,0.021,-0.072,0.0,0.7663438256658596,1.0,0.17167809580770169,0.17167809580770169,warning,0
322,daily_neutral,observe,0.035,,0.021,-0.072,0.0,0.7669082125603864,1.0,0.17091436738414031,0.17091436738414031,warning,0
323,daily_neutral,observe,0.035,,0.021,-0.072,0.0108,0.7674698795180723,1.0,0.1711810954184131,0.1711810954184131,warning,0
324,daily_neutral,observe,0.035,,0.021,-0.072,0.0016,0.7680288461538461,1.0,0.17215795192366418,0.17215795192366418,warning,0
325,daily_neutral,observe,0.035,,0.021,-0.072,0.0,0.7685851318944844,1.0,0.1687498326238436,0.1687498326238436,warning,0
326,daily_neutral,observe,0.035,,0.021,-0.072,0.0096,0.7691387559808612,1.0,0.1706899266764542,0.1706899266764542,warning,0
327,safe_companionship,express,0.087,righteous,0.0157,-0.0589,0.0823,0.768772348033373,1.0,0.1724734235949732,0.1724734235949732,warning,0
328,daily_neutral,observe,0.035,,0.021,-0.072,0.0155,0.7693222354340071,1.0,0.170118038246739,0.170118038246739,warning,0
329,daily_neutral,observe,0.035,,0.021,-0.072,0.0,0.7698695136417556,1.0,0.16749332919228063,0.16749332919228063,warning,0
330,daily_neutral,observe,0.035,,0.021,-0.072,0.0,0.770414201183432,1.0,0.16484330505181713,0.16484330505181713,warning,0
331,intimacy_growth,reach_out,0.083,righteous,0.0149,-0.0595,0.0839,0.7700471698113207,1.0,0.1700714253394464,0.1700714253394464,warning,0
332,daily_neutral,observe,0.035,,0.021,-0.072,0.0,0.7705882352941177,1.0,0.16993554659730253,0.16993554659730253,warning,0
333,daily_neutral,observe,0.035,,0.021,-0.072,0.0006,0.7711267605633803,1.0,0.16897533259496525,0.16897533259496525,warning,0
334,safe_companionship,express,0.0868,righteous,0.0156,-0.059,0.0433,0.7707602339181286,1.0,0.17144379030791887,0.17144379030791887,warning,0
335,intimacy_growth,reach_out,0.0789,righteous,0.0142,-0.0602,0.0719,0.7703962703962703,1.0,0.1717185338602116,0.1717185338602116,warning,0
336,daily_neutral,observe,0.035,,0.021,-0.072,0.0,0.7709302325581395,1.0,0.17015337185210302,0.17015337185210302,warning,0
337,daily_neutral,observe,0.035,,0.021,-0.072,0.0043,0.771461716937355,1.0,0.17129746936426904,0.17129746936426904,warning,0
338,daily_neutral,observe,0.035,,0.021,-0.072,0.0064,0.7719907407407407,1.0,0.1704190599840545,0.1704190599840545,warning,0
339,daily_neutral,observe,0.035,,0.021,-0.072,0.0056,0.7725173210161663,1.0,0.16888806973610038,0.16888806973610038,warning,0
340,intimacy_growth,reach_out,0.079,righteous,0.0142,-0.0602,0.0649,0.7721518987341772,1.0,0.17106345997098976,0.17106345997098976,warning,0
341,safe_companionship,express,0.0845,righteous,0.0152,-0.0593,0.1281,0.7717889908256881,1.0,0.17114150148765658,0.17114150148765658,warning,0
342,daily_neutral,observe,0.035,,0.021,-0.072,0.0,0.7723112128146453,1.0,0.17012413064001844,0.17012413064001844,warning,0
343,daily_neutral,observe,0.035,,0.021,-0.072,0.0092,0.7728310502283106,1.0,0.16906309914121895,0.16906309914121895,warning,0
344,intimacy_growth,reach_out,0.0852,righteous,0.0153,-0.0592,0.056,0.7724687144482366,1.0,0.16951087642036916,0.16951087642036916,warning,0
345,intimacy_growth,reach_out,0.0849,righteous,0.0153,-0.0593,0.1222,0.7721088435374149,1.0,0.1696092820053908,0.1696092820053908,warning,0
346,daily_neutral,observe,0.035,,0.021,-0.072,0.0051,0.7726244343891403,1.0,0.1671807609504268,0.1671807609504268,warning,0
347,safe_companionship,express,0.0911,righteous,0.0164,-0.0583,0.0652,0.7722660653889515,1.0,0.16811862188322838,0.16811862188322838,warning,0
348,daily_neutral,observe,0.035,,0.021,-0.072,0.0,0.7727784026996626,1.0,0.16787106214902672,0.16787106214902672,warning,0
349,intimacy_growth,reach_out,0.0835,righteous,0.015,-0.0595,0.0344,0.7724215246636771,1.0,0.16869471068449116,0.16869471068449116,warning,0
350,daily_neutral,observe,0.035,,0.021,-0.072,0.0,0.772930648769575,1.0,0.16730802303781767,0.16730802303781767,warning,0
351,daily_neutral,observe,0.035,,0.021,-0.072,0.0,0.7734375,1.0,0.16728917418389036,0.16728917418389036,warning,0
352,safe_companionship,express,0.087,righteous,0.0157,-0.0589,0.0569,0.7730812013348165,1.0,0.16914940062436232,0.16914940062436232,warning,0
353,daily_neutral,observe,0.035,,0.021,-0.072,0.0,0.7735849056603774,1.0,0.16862919239786903,0.16862919239786903,warning,0
354,daily_neutral,observe,0.035,,0.021,-0.072,0.0075,0.7740863787375415,1.0,0.16571433548708758,0.16571433548708758,warning,0
355,daily_neutral,observe,0.035,,0.021,-0.072,0.0,0.7745856353591161,1.0,0.16482013040664878,0.16482013040664878,warning,0
356,daily_neutral,observe,0.035,,0.021,-0.072,0.0,0.7750826901874311,1.0,0.16614023178438683,0.16614023178438683,warning,0
357,daily_neutral,observe,0.035,,0.021,-0.072,0.0,0.7755775577557755,1.0,0.16519146608080046,0.16519146608080046,warning,0
358,safe_companionship,express,0.0936,righteous,0.0168,-0.058,0.072,0.7752192982456141,1.0,0.1654219844319502,0.1654219844319502,warning,0
359,daily_neutral,observe,0.035,,0.021,-0.072,0.0,0.7757111597374179,1.0,0.16569933283659435,0.16569933283659435,warning,0
360,safe_companionship,express,0.0904,righteous,0.0163,-0.0584,0.0627,0.7753544165757906,1.0,0.16671211309018663,0.16671211309018663,warning,0
361,daily_neutral,observe,0.035,,0.021,-0.072,0.0015,0.7758433079434167,1.0,0.16840733073023223,0.16840733073023223,warning,0
362,daily_neutral,observe,0.035,,0.021,-0.072,0.0,0.7763300760043431,1.0,0.16606397254457422,0.16606397254457422,warning,0
363,daily_neutral,observe,0.035,,0.021,-0.072,0.0022,0.7768147345612134,1.0,0.1636630124166122,0.1636630124166122,warning,0
364,intimacy_growth,reach_out,0.0872,righteous,0.0157,-0.0589,0.0704,0.7764578833693304,1.0,0.16589901735211357,0.16589901735211357,warning,0
365,daily_neutral,observe,0.035,,0.021,-0.072,0.0074,0.7769396551724138,1.0,0.16506177293802327,0.16506177293802327,warning,0
366,safe_companionship,express,0.0911,righteous,0.0164,-0.0583,0.0638,0.7765843179377014,1.0,0.1684513119304094,0.1684513119304094,warning,0
367,safe_companionship,express,0.0867,righteous,0.0156,-0.059,0.1163,0.7762312633832976,1.0,0.1696163796143121,0.1696163796143121,warning,0
368,daily_neutral,observe,0.035,,0.021,-0.072,0.0141,0.7767094017094017,1.0,0.16836010688088002,0.16836010688088002,warning,0
369,daily_neutral,observe,0.035,,0.021,-0.072,0.0213,0.7771855010660981,1.0,0.16801249770798365,0.16801249770798365,warning,0
370,daily_neutral,observe,0.035,,0.021,-0.072,0.0071,0.7776595744680851,1.0,0.16663707699355018,0.16663707699355018,warning,0
371,safe_companionship,express,0.088,righteous,0.0158,-0.0588,0.0775,0.777306468716861,1.0,0.1698697041898752,0.1698697041898752,warning,0
372,safe_companionship,express,0.0893,righteous,0.0161,-0.0586,0.1288,0.7769556025369979,1.0,0.1700795176932931,0.1700795176932931,warning,0
373,daily_neutral,observe,0.035,,0.021,-0.072,0.0,0.7774261603375527,1.0,0.1669674332587913,0.1669674332587913,warning,0
374,daily_neutral,observe,0.035,,0.021,-0.072,0.0,0.7778947368421053,1.0,0.1670808076184348,0.1670808076184348,warning,0
375,daily_neutral,observe,0.035,,0.021,-0.072,0.0,0.7783613445378151,1.0,0.16768167265686315,0.16768167265686315,warning,0
376,daily_neutral,observe,0.035,,0.021,-0.072,0.0,0.7788259958071279,1.0,0.1659013318742259,0.1659013318742259,warning,0
377,intimacy_growth,reach_out,0.0811,righteous,0.0146,-0.0598,0.0668,0.7784743991640544,1.0,0.16786407715806875,0.16786407715806875,warning,0
378,safe_companionship,express,0.0848,righteous,0.0153,-0.0593,0.1427,0.778125,1.0,0.16935656492852397,0.16935656492852397,warning,0
379,daily_neutral,observe,0.035,,0.021,-0.072,0.0055,0.7785862785862786,1.0,0.16809951192991357,0.16809951192991357,warning,0
380,intimacy_growth,reach_out,0.0814,righteous,0.0147,-0.0598,0.0766,0.778238341968912,1.0,0.16749750026646562,0.16749750026646562,warning,0
381,daily_neutral,observe,0.035,,0.021,-0.072,0.0,0.7786970010341262,1.0,0.1684096721790145,0.1684096721790145,warning,0
382,safe_companionship,express,0.0843,righteous,0.0152,-0.0594,0.0411,0.7783505154639175,1.0,0.1678302779018851,0.1678302779018851,warning,0
383,safe_companionship,express,0.0838,righteous,0.0151,-0.0594,0.1134,0.7780061664953751,1.0,0.16793775657000432,0.16793775657000432,warning,0
384,safe_companionship,express,0.0862,righteous,0.0155,-0.0591,0.1801,0.7776639344262295,1.0,0.16853884221560375,0.16853884221560375,warning,0
385,daily_neutral,observe,0.035,,0.021,-0.072,0.0,0.778118609406953,1.0,0.1677595240086959,0.1677595240086959,warning,0
386,daily_neutral,observe,0.035,,0.021,-0.072,0.0019,0.7785714285714286,1.0,0.1660567930832846,0.1660567930832846,warning,0
387,intimacy_growth,reach_out,0.0823,righteous,0.0148,-0.0597,0.0556,0.7782299084435402,1.0,0.16888247631742634,0.16888247631742634,warning,0
388,daily_neutral,observe,0.035,,0.021,-0.072,0.0,0.7786802030456853,1.0,0.16938848702312065,0.16938848702312065,warning,0
389,daily_neutral,observe,0.035,,0.021,-0.072,0.0007,0.779128672745694,1.0,0.16885235609275273,0.16885235609275273,warning,0
390,daily_neutral,observe,0.035,,0.021,-0.072,0.0146,0.7795753286147624,1.0,0.17082282493745504,0.17082282493745504,warning,0
391,safe_companionship,express,0.0768,righteous,0.0138,-0.0605,0.0555,0.7792338709677419,1.0,0.17219878121364665,0.17219878121364665,warning,0
392,safe_companionship,express,0.0766,righteous,0.0138,-0.0605,0.1204,0.7788944723618091,1.0,0.1719960443790368,0.1719960443790368,warning,0
393,daily_neutral,observe,0.035,,0.021,-0.072,0.0,0.7793380140421263,1.0,0.17075026070465435,0.17075026070465435,warning,0
394,daily_neutral,observe,0.035,,0.021,-0.072,0.0015,0.7797797797797797,1.0,0.17104777467675125,0.17104777467675125,warning,0
395,intimacy_growth,reach_out,0.0702,righteous,0.0126,-0.0615,0.0831,0.779441117764471,1.0,0.1729996748620613,0.1729996748620613,warning,0
396,daily_neutral,observe,0.035,,0.021,-0.072,0.0,0.7798804780876494,1.0,0.16948311923562345,0.16948311923562345,warning,0
397,daily_neutral,observe,0.035,,0.021,-0.072,0.0051,0.7803180914512923,1.0,0.17057811958337615,0.17057811958337615,warning,0
398,safe_companionship,express,0.0733,righteous,0.0132,-0.061,0.0758,0.77998017839445,1.0,0.17277780081953856,0.17277780081953856,warning,0
399,daily_neutral,observe,0.035,,0.021,-0.072,0.0018,0.7804154302670623,1.0,0.17185936832251497,0.17185936832251497,warning,0
400,daily_neutral,observe,0.035,,0.021,-0.072,0.0142,0.7808489634748272,1.0,0.17345763522112576,0.17345763522112576,warning,0
401,daily_neutral,observe,0.035,,0.021,-0.072,0.0,0.7812807881773399,1.0,0.1730684879046422,0.1730684879046422,warning,0
402,intimacy_growth,reach_out,0.0639,righteous,0.0115,-0.0624,0.0664,0.7809430255402751,1.0,0.17350027704481277,0.17350027704481277,warning,0
403,daily_neutral,observe,0.035,,0.021,-0.072,0.0,0.7813725490196078,1.0,0.1732438150168923,0.1732438150168923,warning,0
404,safe_companionship,express,0.0644,righteous,0.0116,-0.0623,0.0621,0.7810361681329423,1.0,0.17493714443876823,0.17493714443876823,warning,0
405,daily_neutral,observe,0.035,,0.021,-0.072,0.0035,0.7814634146341464,1.0,0.17506010569533317,0.17506010569533317,warning,0
406,daily_neutral,observe,0.035,,0.021,-0.072,0.0,0.7818889970788705,1.0,0.1752013002800659,0.1752013002800659,warning,0
407,safe_companionship,express,0.0624,righteous,0.0112,-0.0626,0.0476,0.7815533980582524,1.0,0.17597334192028752,0.17597334192028752,warning,0
408,intimacy_growth,reach_out,0.0572,righteous,0.0103,-0.0634,0.1315,0.7812197483059051,1.0,0.17652121191066225,0.17652121191066225,warning,0
409,daily_neutral,observe,0.035,,0.021,-0.072,0.0181,0.7816425120772947,1.0,0.17641719308407589,0.17641719308407589,warning,0
410,daily_neutral,observe,0.035,,0.021,-0.072,0.0,0.7820636451301832,1.0,0.17810643919568905,0.17810643919568905,warning,0
411,daily_neutral,observe,0.035,,0.021,-0.072,0.013,0.782483156881617,1.0,0.1765319755607108,0.1765319755607108,warning,0
412,daily_neutral,observe,0.035,,0.021,-0.072,0.0029,0.7829010566762729,1.0,0.1764877396244433,0.1764877396244433,warning,0
413,daily_neutral,observe,0.035,,0.021,-0.072,0.0048,0.7833173537871524,1.0,0.17386793912107112,0.17386793912107112,warning,0
414,safe_companionship,express,0.0549,righteous,0.0099,-0.0638,0.0786,0.7829827915869981,1.0,0.17784318154940396,0.17784318154940396,warning,0
415,daily_neutral,observe,0.035,,0.021,-0.072,0.0,0.7833969465648855,1.0,0.17732521512316868,0.17732521512316868,warning,0
416,safe_companionship,express,0.0555,righteous,0.01,-0.0637,0.0585,0.7830637488106565,1.0,0.18013653895870094,0.18013653895870094,warning,0
417,daily_neutral,observe,0.035,,0.021,-0.072,0.0,0.7834757834757835,1.0,0.17932623163061054,0.17932623163061054,warning,0
418,daily_neutral,observe,0.035,,0.021,-0.072,0.0075,0.7838862559241706,1.0,0.17936362616656698,0.17936362616656698,warning,0
419,conflict,withdraw,0.7,guilt,0.42,0.069,0.1483,0.782608695652174,0.8999999999999999,0.17938942837223165,0.17938942837223165,warning,0
420,conflict,withdraw,0.7,guilt,0.42,0.069,0.3037,0.7813383600377003,0.8,0.1814785639312325,0.1814785639312325,warning,0
421,conflict,withdraw,0.7,guilt,0.42,0.069,0.4234,0.7800751879699248,0.7,0.1843925043258306,0.1843925043258306,warning,0
422,conflict,withdraw,0.7,guilt,0.42,0.069,0.558,0.7788191190253045,0.6000000000000001,0.18615126071499552,0.18615126071499552,warning,0
423,boundary_invasion,withdraw,0.7,guilt,0.42,0.069,0.6653,0.7775700934579439,0.5,0.18888747681475548,0.18888747681475548,warning,0
424,conflict,withdraw,0.7,guilt,0.42,0.069,0.8083,0.7763280521901211,0.3999999999999999,0.1918399292702639,0.1918399292702639,warning,0
425,conflict,withdraw,0.7,guilt,0.42,0.069,0.931,0.775092936802974,0.30000000000000004,0.19475159950739016,0.19475159950739016,warning,0
426,conflict,withdraw,0.7,guilt,0.42,0.069,0.9931,0.7738646895273401,0.19999999999999996,0.1971525011995928,0.1971525011995928,warning,0
427,recovery,repair,0.3573,doubt,0.2144,-0.0184,0.9898,0.7735674676524954,0.19999999999999996,0.1974930778120076,0.1974930778120076,warning,0
428,recovery,repair,0.3559,doubt,0.2135,-0.0186,0.9931,0.7732718894009216,0.19999999999999996,0.19875637474702296,0.19875637474702296,warning,0
429,recovery,repair,0.3528,doubt,0.2117,-0.0191,0.9931,0.7729779411764706,0.19999999999999996,0.20138892339182354,0.20138892339182354,warning,0
430,recovery,repair,0.3533,doubt,0.212,-0.019,0.9793,0.772685609532539,0.19999999999999996,0.19978200598290657,0.19978200598290657,warning,0
431,recovery,repair,0.3525,doubt,0.2115,-0.0191,0.9931,0.7723948811700183,0.19999999999999996,0.19960166055440956,0.19960166055440956,warning,0
432,recovery,repair,0.3537,doubt,0.2122,-0.0189,0.9931,0.772105742935278,0.19999999999999996,0.1999742152012775,0.1999742152012775,warning,0
433,recovery,repair,0.3555,doubt,0.2133,-0.0187,0.9794,0.7718181818181818,0.19999999999999996,0.2015613013514702,0.2015613013514702,warning,0
434,recovery,repair,0.3559,doubt,0.2136,-0.0186,0.9931,0.771532184950136,0.19999999999999996,0.20040473859295296,0.20040473859295296,warning,0
435,recovery,repair,0.3569,doubt,0.2142,-0.0185,0.9931,0.77124773960217,0.19999999999999996,0.20109318397988504,0.20109318397988504,warning,0
436,daily_neutral,observe,0.035,,0.021,-0.072,0.7464,0.7716606498194946,0.19999999999999996,0.1998636771650772,0.1998636771650772,warning,0
437,daily_neutral,observe,0.035,,0.021,-0.072,0.4878,0.7720720720720721,0.19999999999999996,0.19840606994379048,0.19840606994379048,warning,0
438,safe_companionship,express,0.035,righteous,0.0063,-0.0667,0.5453,0.7717879604672058,0.19999999999999996,0.19945419659930558,0.19945419659930558,warning,0
439,safe_companionship,express,0.035,righteous,0.0063,-0.0667,0.593,0.771505376344086,0.30000000000000004,0.20317426212192416,0.20317426212192416,warning,0
440,safe_companionship,express,0.035,righteous,0.0063,-0.0667,0.6548,0.7712243074173369,0.3999999999999999,0.2037987815907432,0.2037987815907432,warning,0
441,safe_companionship,express,0.035,righteous,0.0063,-0.0667,0.6999,0.7709447415329769,0.5,0.2045539563184206,0.2045539563184206,warning,0
442,safe_companionship,express,0.035,righteous,0.0063,-0.0667,0.7433,0.7706666666666667,0.6000000000000001,0.20490323309541653,0.20490323309541653,warning,0
443,intimacy_growth,reach_out,0.0329,righteous,0.0059,-0.0671,0.8114,0.7703900709219859,0.7,0.2054789836454685,0.2054789836454685,warning,0
444,daily_neutral,observe,0.035,,0.021,-0.072,0.5714,0.7707964601769911,0.8,0.2058934808935448,0.2058934808935448,warning,0
445,safe_companionship,express,0.035,righteous,0.0063,-0.0667,0.6527,0.7705207413945278,0.8999999999999999,0.20435793370013167,0.20435793370013167,warning,0
446,intimacy_growth,reach_out,0.0329,righteous,0.0059,-0.0671,0.7199,0.7702464788732394,1.0,0.20624026558557193,0.20624026558557193,warning,0
447,safe_companionship,express,0.035,righteous,0.0063,-0.0667,0.7804,0.7699736611062336,1.0,0.2067815820244902,0.2067815820244902,warning,0
448,safe_companionship,express,0.035,righteous,0.0063,-0.0667,0.836,0.7697022767075307,1.0,0.20892650875552687,0.20892650875552687,warning,0
449,safe_companionship,express,0.035,righteous,0.0063,-0.0667,0.891,0.7694323144104803,1.0,0.20839258209537803,0.20839258209537803,warning,0
450,daily_neutral,observe,0.035,,0.021,-0.072,0.6509,0.7698343504795118,1.0,0.20716522425472234,0.20716522425472234,warning,0
451,daily_neutral,observe,0.035,,0.021,-0.072,0.41,0.7702349869451697,1.0,0.20647853869447846,0.20647853869447846,warning,0
452,safe_companionship,express,0.035,righteous,0.0063,-0.0667,0.4655,0.7699652777777778,1.0,0.2083864535815241,0.2083864535815241,warning,0
453,intimacy_growth,reach_out,0.0329,righteous,0.0059,-0.0671,0.534,0.7696969696969697,1.0,0.20670206334882696,0.20670206334882696,warning,0
454,daily_neutral,observe,0.035,,0.021,-0.072,0.2879,0.77009507346586,1.0,0.20549838103224635,0.20549838103224635,warning,0
455,safe_companionship,express,0.035,righteous,0.0063,-0.0667,0.3586,0.7698275862068965,1.0,0.2075341388914416,0.2075341388914416,warning,0
456,intimacy_growth,reach_out,0.0329,righteous,0.0059,-0.0671,0.4267,0.7695614789337919,1.0,0.20651921485393038,0.20651921485393038,warning,0
457,daily_neutral,observe,0.035,,0.021,-0.072,0.1598,0.7699570815450644,1.0,0.20411679644798533,0.20411679644798533,warning,0
458,intimacy_growth,reach_out,0.0329,righteous,0.0059,-0.0671,0.197,0.7696917808219178,1.0,0.20635228507268402,0.20635228507268402,warning,0
459,safe_companionship,express,0.035,righteous,0.0063,-0.0667,0.2746,0.7694278394534586,1.0,0.20570141594029714,0.20570141594029714,warning,0
460,daily_neutral,observe,0.035,,0.021,-0.072,0.0324,0.7698209718670077,1.0,0.2062606723617449,0.2062606723617449,warning,0
461,intimacy_growth,reach_out,0.0329,righteous,0.0059,-0.0671,0.0726,0.7695578231292517,1.0,0.20806048080766784,0.20806048080766784,warning,0
462,safe_companionship,express,0.035,righteous,0.0063,-0.0667,0.1191,0.7692960135708228,1.0,0.20785909314634657,0.20785909314634657,warning,0
463,daily_neutral,observe,0.035,,0.021,-0.072,0.02,0.7696867061812024,1.0,0.2049376668913167,0.2049376668913167,warning,0
464,daily_neutral,observe,0.035,,0.021,-0.072,0.007,0.7700760777683855,1.0,0.20619647161053967,0.20619647161053967,warning,0
465,daily_neutral,observe,0.035,,0.021,-0.072,0.0192,0.770464135021097,1.0,0.20609088320235278,0.20609088320235278,warning,0
466,safe_companionship,express,0.035,righteous,0.0063,-0.0667,0.0832,0.7702020202020202,1.0,0.20573729381189526,0.20573729381189526,warning,0
467,daily_neutral,observe,0.035,,0.021,-0.072,0.0,0.7705882352941177,1.0,0.2061882023391016,0.2061882023391016,warning,0
468,intimacy_growth,reach_out,0.0329,righteous,0.0059,-0.0671,0.0348,0.7703269069572506,1.0,0.20436177138407802,0.20436177138407802,warning,0
469,daily_neutral,observe,0.035,,0.021,-0.072,0.0,0.7707112970711297,1.0,0.2029401698992214,0.2029401698992214,warning,0
470,daily_neutral,observe,0.035,,0.021,-0.072,0.0,0.77109440267335,1.0,0.20209516160760338,0.20209516160760338,warning,0
471,daily_neutral,observe,0.035,,0.021,-0.072,0.0,0.7714762301918265,1.0,0.20120334551354171,0.20120334551354171,warning,0
472,daily_neutral,observe,0.035,,0.021,-0.072,0.0074,0.771856786011657,1.0,0.20018472702173873,0.20018472702173873,warning,0
473,intimacy_growth,reach_out,0.0329,righteous,0.0059,-0.0671,0.0724,0.771594684385382,1.0,0.2054464416234163,0.2054464416234163,warning,0
474,daily_neutral,observe,0.035,,0.021,-0.072,0.0032,0.7719734660033167,1.0,0.2045794003293058,0.2045794003293058,warning,0
475,daily_neutral,observe,0.035,,0.021,-0.072,0.0,0.7723509933774835,1.0,0.20329613968628715,0.20329613968628715,warning,0
476,safe_companionship,express,0.035,righteous,0.0063,-0.0667,0.0475,0.7720891824938068,1.0,0.20438890151610245,0.20438890151610245,warning,0
477,daily_neutral,observe,0.035,,0.021,-0.072,0.014,0.7724649629018961,1.0,0.20457478166854384,0.20457478166854384,warning,0
478,daily_neutral,observe,0.035,,0.021,-0.072,0.0,0.7728395061728395,1.0,0.20383006910300971,0.20383006910300971,warning,0
479,daily_neutral,observe,0.035,,0.021,-0.072,0.0,0.7732128184059162,1.0,0.20341242173252558,0.20341242173252558,warning,0
480,safe_companionship,express,0.035,righteous,0.0063,-0.0667,0.0769,0.7729508196721312,1.0,0.20596826295569792,0.20596826295569792,warning,0
481,intimacy_growth,reach_out,0.0329,righteous,0.0059,-0.0671,0.1283,0.7726901062959934,1.0,0.20622407137976956,0.20622407137976956,warning,0
482,intimacy_growth,reach_out,0.0329,righteous,0.0059,-0.0671,0.1744,0.7724306688417618,1.0,0.20568692919526482,0.20568692919526482,warning,0
483,daily_neutral,observe,0.035,,0.021,-0.072,0.0,0.7728013029315961,1.0,0.2052442613530922,0.2052442613530922,warning,0
484,safe_companionship,express,0.035,righteous,0.0063,-0.0667,0.072,0.7725426482534524,1.0,0.20571458310104546,0.20571458310104546,warning,0
485,daily_neutral,observe,0.035,,0.021,-0.072,0.0162,0.772911597729116,1.0,0.20418041640926582,0.20418041640926582,warning,0
486,daily_neutral,observe,0.035,,0.021,-0.072,0.0236,0.7732793522267206,1.0,0.20419114960644563,0.20419114960644563,warning,0
487,daily_neutral,observe,0.035,,0.021,-0.072,0.02,0.7736459175424414,1.0,0.20364936059848582,0.20364936059848582,warning,0
488,safe_companionship,express,0.035,righteous,0.0063,-0.0667,0.084,0.7733870967741936,1.0,0.20619306495078976,0.20619306495078976,warning,0
489,safe_companionship,express,0.035,righteous,0.0063,-0.0667,0.1671,0.7731295253419147,1.0,0.20718051824730843,0.20718051824730843,warning,0
490,safe_companionship,express,0.035,righteous,0.0063,-0.0667,0.2275,0.7728731942215088,1.0,0.2063805112426209,0.2063805112426209,warning,0
491,safe_companionship,express,0.035,righteous,0.0063,-0.0667,0.3048,0.7726180944755805,1.0,0.20576868796603157,0.20576868796603157,warning,0
492,safe_companionship,express,0.035,righteous,0.0063,-0.0667,0.3938,0.7723642172523961,1.0,0.20686143383321748,0.20686143383321748,warning,0
493,safe_companionship,express,0.035,righteous,0.0063,-0.0667,0.4744,0.7721115537848605,1.0,0.2070263870981869,0.2070263870981869,warning,0
494,daily_neutral,observe,0.035,,0.021,-0.072,0.2173,0.7724741447891806,1.0,0.2080176735155456,0.2080176735155456,warning,0
495,safe_companionship,express,0.035,righteous,0.0063,-0.0667,0.2913,0.7722222222222223,1.0,0.20705231749821065,0.20705231749821065,warning,0
496,daily_neutral,observe,0.035,,0.021,-0.072,0.0497,0.7725832012678289,1.0,0.20739848128665636,0.20739848128665636,warning,0
497,daily_neutral,observe,0.035,,0.021,-0.072,0.0151,0.7729430379746836,1.0,0.20632221510292872,0.20632221510292872,warning,0
498,safe_companionship,express,0.035,righteous,0.0063,-0.0667,0.1203,0.7726913970007893,1.0,0.20717496272167438,0.20717496272167438,warning,0
499,safe_companionship,express,0.035,righteous,0.0063,-0.0667,0.1891,0.7724409448818897,1.0,0.20806751685688954,0.20806751685688954,warning,0
500,safe_companionship,express,0.035,righteous,0.0063,-0.0667,0.2593,0.772191673212883,1.0,0.20860835274800604,0.20860835274800604,warning,0
501,safe_companionship,express,0.035,righteous,0.0063,-0.0667,0.3336,0.7719435736677116,1.0,0.20823667677723479,0.20823667677723479,warning,0
502,safe_companionship,express,0.035,righteous,0.0063,-0.0667,0.3724,0.7716966379984362,1.0,0.20809624869829652,0.20809624869829652,warning,0
503,daily_neutral,observe,0.035,,0.021,-0.072,0.1447,0.7720530835284933,1.0,0.20810294720164657,0.20810294720164657,warning,0
504,intimacy_growth,reach_out,0.0329,righteous,0.0059,-0.0671,0.1993,0.7718068535825545,1.0,0.20890064992177898,0.20890064992177898,warning,0
505,intimacy_growth,reach_out,0.0329,righteous,0.0059,-0.0671,0.2722,0.7715617715617715,1.0,0.2085943554404376,0.2085943554404376,warning,0
506,safe_companionship,express,0.035,righteous,0.0063,-0.0667,0.3227,0.7713178294573644,1.0,0.20906927696594488,0.20906927696594488,warning,0
507,intimacy_growth,reach_out,0.0329,righteous,0.0059,-0.0671,0.3903,0.7710750193348801,1.0,0.20831061750891247,0.20831061750891247,warning,0
508,daily_neutral,observe,0.035,,0.021,-0.072,0.16,0.7714285714285715,1.0,0.20802102933630526,0.20802102933630526,warning,0
509,daily_neutral,observe,0.035,,0.021,-0.072,0.001,0.7717810331534309,1.0,0.20789262871996528,0.20789262871996528,warning,0
510,daily_neutral,observe,0.035,,0.021,-0.072,0.0,0.7721324095458044,1.0,0.2075972488052845,0.2075972488052845,warning,0
511,safe_companionship,express,0.035,righteous,0.0063,-0.0667,0.0633,0.771889400921659,1.0,0.20894250647322157,0.20894250647322157,warning,0
512,safe_companionship,express,0.035,righteous,0.0063,-0.0667,0.1153,0.7716475095785441,1.0,0.20937006156765153,0.20937006156765153,warning,0
513,daily_neutral,observe,0.035,,0.021,-0.072,0.0,0.7719969395562356,1.0,0.2089233794889356,0.2089233794889356,warning,0
514,daily_neutral,observe,0.035,,0.021,-0.072,0.0137,0.7723453017570665,1.0,0.20818376088411997,0.20818376088411997,warning,0
515,safe_companionship,express,0.035,righteous,0.0063,-0.0667,0.0729,0.7721036585365854,1.0,0.20898800018323235,0.20898800018323235,warning,0
516,daily_neutral,observe,0.035,,0.021,-0.072,0.0,0.7724505327245054,1.0,0.20777469849602412,0.20777469849602412,warning,0
517,safe_companionship,express,0.035,righteous,0.0063,-0.0667,0.0864,0.7722095671981777,1.0,0.20981874953614169,0.20981874953614169,warning,0
518,daily_neutral,observe,0.035,,0.021,-0.072,0.0,0.7725549658832449,1.0,0.20954906235971912,0.20954906235971912,warning,0
519,daily_neutral,observe,0.035,,0.021,-0.072,0.0245,0.7728993186979561,1.0,0.2079763212587989,0.2079763212587989,warning,0
520,daily_neutral,observe,0.035,,0.021,-0.072,0.0,0.7732426303854876,1.0,0.2084415408769381,0.2084415408769381,warning,0
521,daily_neutral,observe,0.035,,0.021,-0.072,0.0106,0.7735849056603774,1.0,0.20801424159338514,0.20801424159338514,warning,0
522,daily_neutral,observe,0.035,,0.021,-0.072,0.0137,0.7739261492087415,1.0,0.20852704054286725,0.20852704054286725,warning,0
523,safe_companionship,express,0.035,righteous,0.0063,-0.0667,0.0718,0.7736842105263158,1.0,0.20954895310290772,0.20954895310290772,warning,0
524,intimacy_growth,reach_out,0.0329,righteous,0.0059,-0.0671,0.127,0.77344336084021,1.0,0.20804545094459523,0.20804545094459523,warning,0
525,safe_companionship,express,0.035,righteous,0.0063,-0.0667,0.1984,0.7732035928143712,1.0,0.20929723029655406,0.20929723029655406,warning,0
526,daily_neutral,observe,0.035,,0.021,-0.072,0.0147,0.773542600896861,1.0,0.2087774111132384,0.2087774111132384,warning,0
527,daily_neutral,observe,0.035,,0.021,-0.072,0.0009,0.7738805970149254,1.0,0.20809510724936547,0.20809510724936547,warning,0
528,intimacy_growth,reach_out,0.0329,righteous,0.0059,-0.0671,0.0731,0.7736411020104245,1.0,0.2091124642178836,0.2091124642178836,warning,0
529,daily_neutral,observe,0.035,,0.021,-0.072,0.0182,0.7739776951672862,1.0,0.20848458463895256,0.20848458463895256,warning,0
530,intimacy_growth,reach_out,0.0329,righteous,0.0059,-0.0671,0.0747,0.7737388724035609,1.0,0.20913674163116938,0.20913674163116938,warning,0
531,daily_neutral,observe,0.035,,0.021,-0.072,0.0,0.774074074074074,1.0,0.2090424833019164,0.2090424833019164,warning,0
532,safe_companionship,express,0.035,righteous,0.0063,-0.0667,0.0809,0.7738359201773836,1.0,0.20984365320021203,0.20984365320021203,warning,0
533,daily_neutral,observe,0.035,,0.021,-0.072,0.0,0.7741697416974169,1.0,0.2096836983209507,0.2096836983209507,warning,0
534,daily_neutral,observe,0.035,,0.021,-0.072,0.0107,0.7745025792188651,1.0,0.20837690384235213,0.20837690384235213,warning,0
535,safe_companionship,express,0.035,righteous,0.0063,-0.0667,0.103,0.774264705882353,1.0,0.21119975291769616,0.21119975291769616,warning,0
536,safe_companionship,express,0.035,righteous,0.0063,-0.0667,0.1581,0.7740278796771827,1.0,0.21182874442418823,0.21182874442418823,warning,0
537,safe_companionship,express,0.035,righteous,0.0063,-0.0667,0.2375,0.773792093704246,1.0,0.2122506963868585,0.2122506963868585,warning,0
538,safe_companionship,express,0.035,righteous,0.0063,-0.0667,0.3125,0.7735573411249087,1.0,0.21252016853067404,0.21252016853067404,warning,0
539,daily_neutral,observe,0.035,,0.021,-0.072,0.0693,0.7738876732312181,1.0,0.21162740537595595,0.21162740537595595,warning,0
540,daily_neutral,observe,0.035,,0.021,-0.072,0.0109,0.774217042971595,1.0,0.21024007607850456,0.21024007607850456,warning,0
541,daily_neutral,observe,0.035,,0.021,-0.072,0.0,0.7745454545454545,1.0,0.21155825083673818,0.21155825083673818,warning,0
542,intimacy_growth,reach_out,0.0329,righteous,0.0059,-0.0671,0.0478,0.7743105950653121,1.0,0.21123668801703382,0.21123668801703382,warning,0
543,daily_neutral,observe,0.035,,0.021,-0.072,0.0,0.7746376811594203,1.0,0.21130667584002755,0.21130667584002755,warning,0
544,daily_neutral,observe,0.035,,0.021,-0.072,0.0048,0.7749638205499276,1.0,0.21022158378795755,0.21022158378795755,warning,0
545,daily_neutral,observe,0.035,,0.021,-0.072,0.0,0.7752890173410405,1.0,0.21112710850396393,0.21112710850396393,warning,0
546,daily_neutral,observe,0.035,,0.021,-0.072,0.0178,0.7756132756132756,1.0,0.21079831708675037,0.21079831708675037,warning,0
547,safe_companionship,express,0.035,righteous,0.0063,-0.0667,0.0809,0.775377969762419,1.0,0.21319704859141794,0.21319704859141794,warning,0
548,daily_neutral,observe,0.035,,0.021,-0.072,0.0083,0.7757009345794392,1.0,0.21006265216742695,0.21006265216742695,warning,0
549,daily_neutral,observe,0.035,,0.021,-0.072,0.0118,0.7760229720028715,1.0,0.21111944864212503,0.21111944864212503,warning,0
550,daily_neutral,observe,0.035,,0.021,-0.072,0.0,0.7763440860215054,1.0,0.2108649748470282,0.2108649748470282,warning,0
551,safe_companionship,express,0.035,righteous,0.0063,-0.0667,0.0621,0.7761087267525035,1.0,0.2115281740840813,0.2115281740840813,warning,0
552,safe_companionship,express,0.035,righteous,0.0063,-0.0667,0.1274,0.7758743754461099,1.0,0.21397977493843162,0.21397977493843162,warning,0
553,safe_companionship,express,0.035,righteous,0.0063,-0.0667,0.192,0.7756410256410257,1.0,0.21527308758532238,0.21527308758532238,warning,0
554,daily_neutral,observe,0.035,,0.021,-0.072,0.0129,0.7759601706970128,1.0,0.21464615430818787,0.21464615430818787,warning,0
555,intimacy_growth,reach_out,0.0329,righteous,0.0059,-0.0671,0.0635,0.7757274662881476,1.0,0.21594407148888262,0.21594407148888262,warning,0
556,safe_companionship,express,0.035,righteous,0.0063,-0.0667,0.1233,0.7754957507082153,1.0,0.21556352136580365,0.21556352136580365,warning,0
557,safe_companionship,express,0.035,righteous,0.0063,-0.0667,0.1811,0.7752650176678445,1.0,0.21723917516116176,0.21723917516116176,warning,0
558,intimacy_growth,reach_out,0.0329,righteous,0.0059,-0.0671,0.2344,0.7750352609308886,1.0,0.2176454754350572,0.2176454754350572,warning,0
559,daily_neutral,observe,0.035,,0.021,-0.072,0.0,0.7753521126760563,1.0,0.21557453549904393,0.21557453549904393,warning,0
560,safe_companionship,express,0.035,righteous,0.0063,-0.0667,0.0681,0.77512297962052,1.0,0.216520222244909,0.216520222244909,warning,0
561,intimacy_growth,reach_out,0.0329,righteous,0.0059,-0.0671,0.108,0.7748948106591865,1.0,0.2170515585571375,0.2170515585571375,warning,0
562,daily_neutral,observe,0.035,,0.021,-0.072,0.0003,0.7752100840336135,1.0,0.21800231403635675,0.21800231403635675,warning,0
563,daily_neutral,observe,0.035,,0.021,-0.072,0.0155,0.7755244755244756,1.0,0.2178385027863956,0.2178385027863956,warning,0
564,safe_companionship,express,0.035,righteous,0.0063,-0.0667,0.1005,0.7752965806001396,1.0,0.21917878748237113,0.21917878748237113,warning,0
565,daily_neutral,observe,0.035,,0.021,-0.072,0.0,0.775609756097561,1.0,0.2195382645590304,0.2195382645590304,warning,0
566,safe_companionship,express,0.035,righteous,0.0063,-0.0667,0.0834,0.7753824756606398,1.0,0.22045379861302872,0.22045379861302872,warning,0
567,safe_companionship,express,0.035,righteous,0.0063,-0.0667,0.1463,0.7751561415683553,1.0,0.22251947086917456,0.22251947086917456,warning,0
568,safe_companionship,express,0.035,righteous,0.0063,-0.0667,0.2144,0.7749307479224377,1.0,0.22346810995619107,0.22346810995619107,warning,0
569,safe_companionship,express,0.035,righteous,0.0063,-0.0667,0.2626,0.7747062888735314,1.0,0.22390670297763335,0.22390670297763335,warning,0
570,safe_companionship,express,0.035,righteous,0.0063,-0.0667,0.349,0.7744827586206896,1.0,0.22457962441560078,0.22457962441560078,warning,0
571,daily_neutral,observe,0.035,,0.021,-0.072,0.1261,0.7747933884297521,1.0,0.22333133600537539,0.22333133600537539,warning,0
572,daily_neutral,observe,0.035,,0.021,-0.072,0.0,0.7751031636863824,1.0,0.2218853734001124,0.2218853734001124,warning,0
573,daily_neutral,observe,0.035,,0.021,-0.072,0.0092,0.7754120879120879,1.0,0.22126285886545638,0.22126285886545638,warning,0
574,daily_neutral,observe,0.035,,0.021,-0.072,0.0,0.7757201646090535,1.0,0.21901032033974885,0.21901032033974885,warning,0
575,daily_neutral,observe,0.035,,0.021,-0.072,0.0,0.7760273972602739,1.0,0.2192676543895852,0.2192676543895852,warning,0
576,intimacy_growth,reach_out,0.0329,righteous,0.0059,-0.0671,0.0784,0.7758031442241968,1.0,0.22214142245797322,0.22214142245797322,warning,0
577,safe_companionship,express,0.035,righteous,0.0063,-0.0667,0.1582,0.7755798090040927,1.0,0.2243981110495061,0.2243981110495061,warning,0
578,daily_neutral,observe,0.035,,0.021,-0.072,0.0037,0.7758855585831063,1.0,0.22463049850398367,0.22463049850398367,warning,0
579,safe_companionship,express,0.035,righteous,0.0063,-0.0667,0.0614,0.7756628144119646,1.0,0.22499934406093627,0.22499934406093627,warning,0
580,safe_companionship,express,0.035,righteous,0.0063,-0.0667,0.1262,0.7754409769335142,1.0,0.22447282190757012,0.22447282190757012,warning,0
581,daily_neutral,observe,0.035,,0.021,-0.072,0.0,0.7757452574525745,1.0,0.22275458345023894,0.22275458345023894,warning,0
582,daily_neutral,observe,0.035,,0.021,-0.072,0.0227,0.7760487144790257,1.0,0.22176660339006155,0.22176660339006155,warning,0
583,safe_companionship,express,0.035,righteous,0.0063,-0.0667,0.0938,0.7758271438217421,1.0,0.22251785423076062,0.22251785423076062,warning,0
584,safe_companionship,express,0.035,righteous,0.0063,-0.0667,0.1394,0.7756064690026954,1.0,0.22465467967209954,0.22465467967209954,warning,0
585,safe_companionship,express,0.035,righteous,0.0063,-0.0667,0.2175,0.7753866845998655,1.0,0.22571130997449632,0.22571130997449632,warning,0
586,safe_companionship,express,0.035,righteous,0.0063,-0.0667,0.2855,0.7751677852348994,1.0,0.22577615570004994,0.22577615570004994,warning,0
587,safe_companionship,express,0.035,righteous,0.0063,-0.0667,0.3576,0.7749497655726725,1.0,0.22593930667165005,0.22593930667165005,warning,0
588,daily_neutral,observe,0.035,,0.021,-0.072,0.1249,0.7752508361204014,1.0,0.2259064920747362,0.2259064920747362,warning,0
589,daily_neutral,observe,0.035,,0.021,-0.072,0.0,0.7755511022044088,1.0,0.22553083653682923,0.22553083653682923,warning,0
590,safe_companionship,express,0.035,righteous,0.0063,-0.0667,0.0491,0.7753333333333333,1.0,0.22596792665255502,0.22596792665255502,warning,0
591,safe_companionship,express,0.035,righteous,0.0063,-0.0667,0.1182,0.7751164337990686,1.0,0.22631758278412156,0.22631758278412156,warning,0
592,safe_companionship,express,0.035,righteous,0.0063,-0.0667,0.2002,0.7749003984063745,1.0,0.22725604286085824,0.22725604286085824,warning,0
593,safe_companionship,express,0.035,righteous,0.0063,-0.0667,0.259,0.7746852220013254,1.0,0.2270221618459711,0.2270221618459711,warning,0
594,intimacy_growth,reach_out,0.0329,righteous,0.0059,-0.0671,0.3357,0.7744708994708994,1.0,0.22571583987021956,0.22571583987021956,warning,0
595,daily_neutral,observe,0.035,,0.021,-0.072,0.1005,0.7747688243064729,1.0,0.22489088784643002,0.22489088784643002,warning,0
596,safe_companionship,express,0.035,righteous,0.0063,-0.0667,0.165,0.7745550428477258,1.0,0.22656351906748692,0.22656351906748692,warning,0
597,daily_neutral,observe,0.035,,0.021,-0.072,0.0258,0.7748518762343647,1.0,0.22550965815879032,0.22550965815879032,warning,0
598,boundary_invasion,withdraw,0.7,guilt,0.42,0.069,0.1706,0.7739816031537451,0.8999999999999999,0.22917729042176557,0.22917729042176557,warning,0
599,boundary_invasion,withdraw,0.7,guilt,0.42,0.069,0.2747,0.7731147540983606,0.8,0.233319603894331,0.233319603894331,warning,0
600,boundary_invasion,withdraw,0.7,guilt,0.42,0.069,0.3811,0.7722513089005235,0.7,0.23932803612747156,0.23932803612747156,warning,0
601,boundary_invasion,withdraw,0.7,guilt,0.42,0.069,0.4754,0.7713912475506205,0.6000000000000001,0.2438955721455166,0.2438955721455166,warning,0
602,recovery,repair,0.337,doubt,0.2022,-0.0215,0.4875,0.7711864406779662,0.6000000000000001,0.24420684320949643,0.24420684320949643,warning,0
603,recovery,repair,0.337,doubt,0.2022,-0.0214,0.493,0.7709824333116461,0.6000000000000001,0.2449970490566767,0.2449970490566767,warning,0
604,recovery,repair,0.3366,doubt,0.202,-0.0215,0.5028,0.7707792207792208,0.6000000000000001,0.24591937864123298,0.24591937864123298,warning,0
605,daily_neutral,observe,0.035,,0.021,-0.072,0.2576,0.771076523994812,0.6000000000000001,0.24543431639207106,0.24543431639207106,warning,0
606,daily_neutral,observe,0.035,,0.021,-0.072,0.015,0.7713730569948186,0.6000000000000001,0.24465717984546884,0.24465717984546884,warning,0
607,daily_neutral,observe,0.035,,0.021,-0.072,0.0005,0.7716688227684346,0.6000000000000001,0.2443644741046691,0.2443644741046691,warning,0
608,daily_neutral,observe,0.035,,0.021,-0.072,0.0,0.7719638242894057,0.6000000000000001,0.2432089626848415,0.2432089626848415,warning,0
609,safe_companionship,express,0.035,righteous,0.0063,-0.0667,0.0331,0.7717601547388782,0.6000000000000001,0.24550004476945667,0.24550004476945667,warning,0
610,daily_neutral,observe,0.035,,0.021,-0.072,0.0,0.7720540888602705,0.6000000000000001,0.24456338034908112,0.24456338034908112,warning,0
611,daily_neutral,observe,0.035,,0.021,-0.072,0.0076,0.772347266881029,0.6000000000000001,0.24203498766671794,0.24203498766671794,warning,0
612,daily_neutral,observe,0.035,,0.021,-0.072,0.0101,0.7726396917148363,0.6000000000000001,0.2398363000110936,0.2398363000110936,warning,0
613,safe_companionship,express,0.035,righteous,0.0063,-0.0667,0.0765,0.7724358974358975,0.6000000000000001,0.24341735742902748,0.24341735742902748,warning,0
614,daily_neutral,observe,0.035,,0.021,-0.072,0.0,0.7727272727272727,0.6000000000000001,0.24436921997446936,0.24436921997446936,warning,0
615,daily_neutral,observe,0.035,,0.021,-0.072,0.0104,0.7730179028132992,0.6000000000000001,0.2432833364146665,0.2432833364146665,warning,0
616,safe_companionship,express,0.035,righteous,0.0063,-0.0667,0.071,0.772814294830887,0.6000000000000001,0.24359507038990755,0.24359507038990755,warning,0
617,safe_companionship,express,0.035,righteous,0.0063,-0.0667,0.1379,0.7726114649681529,0.6000000000000001,0.24629241170815722,0.24629241170815722,warning,0
618,daily_neutral,observe,0.035,,0.021,-0.072,0.0329,0.7729007633587787,0.7,0.24482812136725685,0.24482812136725685,warning,0
619,daily_neutral,observe,0.035,,0.021,-0.072,0.0,0.7731893265565438,0.8,0.24449590332718935,0.24449590332718935,warning,0
620,intimacy_growth,reach_out,0.0329,righteous,0.0059,-0.0671,0.0734,0.7729866835764109,0.8999999999999999,0.2454621524104402,0.2454621524104402,warning,0
621,safe_companionship,express,0.035,righteous,0.0063,-0.0667,0.1412,0.7727848101265823,1.0,0.2467502020303405,0.2467502020303405,warning,0
622,daily_neutral,observe,0.035,,0.021,-0.072,0.0,0.7730720606826802,1.0,0.2458212130577079,0.2458212130577079,warning,0
623,daily_neutral,observe,0.035,,0.021,-0.072,0.006,0.7733585858585859,1.0,0.2456799452788852,0.2456799452788852,warning,0
624,safe_companionship,express,0.035,righteous,0.0063,-0.0667,0.098,0.7731568998109641,1.0,0.24702731539044598,0.24702731539044598,warning,0
625,safe_companionship,express,0.035,righteous,0.0063,-0.0667,0.181,0.7729559748427673,1.0,0.24759076319463472,0.24759076319463472,warning,0
626,daily_neutral,observe,0.035,,0.021,-0.072,0.0,0.7732412060301508,1.0,0.24716173461163876,0.24716173461163876,warning,0
627,safe_companionship,express,0.035,righteous,0.0063,-0.0667,0.0399,0.7730407523510971,1.0,0.2479737725505046,0.2479737725505046,warning,0
628,daily_neutral,observe,0.035,,0.021,-0.072,0.0,0.7733249843456481,1.0,0.24611015532302158,0.24611015532302158,warning,0
629,daily_neutral,observe,0.035,,0.021,-0.072,0.0,0.7736085053158224,1.0,0.24563447353107654,0.24563447353107654,warning,0
630,daily_neutral,observe,0.035,,0.021,-0.072,0.0,0.7738913179262961,1.0,0.24410820616150225,0.24410820616150225,warning,0
631,daily_neutral,observe,0.035,,0.021,-0.072,0.0,0.7741734248284466,1.0,0.2455038541242431,0.2455038541242431,warning,0
632,intimacy_growth,reach_out,0.0329,righteous,0.0059,-0.0671,0.0516,0.773972602739726,1.0,0.24554388030124522,0.24554388030124522,warning,0
633,intimacy_growth,reach_out,0.0329,righteous,0.0059,-0.0671,0.1086,0.7737725295214419,1.0,0.2433030974809045,0.2433030974809045,warning,0
634,safe_companionship,express,0.035,righteous,0.0063,-0.0667,0.1677,0.7735732009925558,1.0,0.24471278143053987,0.24471278143053987,warning,0
635,daily_neutral,observe,0.035,,0.021,-0.072,0.012,0.7738537794299876,1.0,0.24326854476647117,0.24326854476647117,warning,0
636,daily_neutral,observe,0.035,,0.021,-0.072,0.0303,0.7741336633663366,1.0,0.24245533075336959,0.24245533075336959,warning,0
637,daily_neutral,observe,0.035,,0.021,-0.072,0.0,0.7744128553770087,1.0,0.2417560260516257,0.2417560260516257,warning,0
638,safe_companionship,express,0.035,righteous,0.0063,-0.0667,0.0751,0.7742134484885873,1.0,0.24441868012818294,0.24441868012818294,warning,0
639,safe_companionship,express,0.035,righteous,0.0063,-0.0667,0.1358,0.7740147783251231,1.0,0.24392128287690115,0.24392128287690115,warning,0
640,safe_companionship,express,0.035,righteous,0.0063,-0.0667,0.1846,0.7738168408113092,1.0,0.24427489800222335,0.24427489800222335,warning,0
641,daily_neutral,observe,0.035,,0.021,-0.072,0.0,0.7740945365254758,1.0,0.24374001293994432,0.24374001293994432,warning,0
642,daily_neutral,observe,0.035,,0.021,-0.072,0.0,0.7743715511955855,1.0,0.2421352721418661,0.2421352721418661,warning,0
643,safe_companionship,express,0.035,righteous,0.0063,-0.0667,0.0621,0.7741738066095472,1.0,0.24407708732399439,0.24407708732399439,warning,0
644,daily_neutral,observe,0.035,,0.021,-0.072,0.006,0.7744498777506112,1.0,0.24471061887483603,0.24471061887483603,warning,0
645,daily_neutral,observe,0.035,,0.021,-0.072,0.0141,0.7747252747252747,1.0,0.2442407833880783,0.2442407833880783,warning,0
646,safe_companionship,express,0.035,righteous,0.0063,-0.0667,0.0511,0.7745277269957344,1.0,0.24858624573455276,0.24858624573455276,warning,0
647,intimacy_growth,reach_out,0.0329,righteous,0.0059,-0.0671,0.1213,0.774330900243309,1.0,0.24795418137951913,0.24795418137951913,warning,0
648,daily_neutral,observe,0.035,,0.021,-0.072,0.0,0.7746051032806804,1.0,0.2459646506585216,0.2459646506585216,warning,0
649,safe_companionship,express,0.035,righteous,0.0063,-0.0667,0.0803,0.774408732565191,1.0,0.2461944048390041,0.2461944048390041,warning,0
650,intimacy_growth,reach_out,0.0329,righteous,0.0059,-0.0671,0.1342,0.7742130750605327,1.0,0.2454159735346517,0.2454159735346517,warning,0
651,intimacy_growth,reach_out,0.0329,righteous,0.0059,-0.0671,0.222,0.7740181268882175,1.0,0.2444594564925515,0.2444594564925515,warning,0
652,intimacy_growth,reach_out,0.0329,righteous,0.0059,-0.0671,0.2867,0.7738238841978287,1.0,0.24374601663559356,0.24374601663559356,warning,0
653,daily_neutral,observe,0.035,,0.021,-0.072,0.036,0.7740963855421686,1.0,0.24187540817305336,0.24187540817305336,warning,0
654,safe_companionship,express,0.035,righteous,0.0063,-0.0667,0.102,0.7739025856885148,1.0,0.24290411727892472,0.24290411727892472,warning,0
655,safe_companionship,express,0.035,righteous,0.0063,-0.0667,0.1618,0.7737094837935174,1.0,0.24319962252552582,0.24319962252552582,warning,0
656,daily_neutral,observe,0.035,,0.021,-0.072,0.0,0.7739808153477218,1.0,0.24297011239108668,0.24297011239108668,warning,0
657,daily_neutral,observe,0.035,,0.021,-0.072,0.0,0.774251497005988,1.0,0.24330440667806183,0.24330440667806183,warning,0
658,daily_neutral,observe,0.035,,0.021,-0.072,0.0,0.7745215311004785,1.0,0.24251303701011742,0.24251303701011742,warning,0
659,intimacy_growth,reach_out,0.0329,righteous,0.0059,-0.0671,0.06,0.7743283582089552,1.0,0.24512358928934677,0.24512358928934677,warning,0
660,safe_companionship,express,0.035,righteous,0.0063,-0.0667,0.1189,0.7741358760429082,1.0,0.24632252334543814,0.24632252334543814,warning,0
661,safe_companionship,express,0.035,righteous,0.0063,-0.0667,0.1793,0.7739440809042237,1.0,0.24623282666579177,0.24623282666579177,warning,0
662,safe_companionship,express,0.035,righteous,0.0063,-0.0667,0.2339,0.7737529691211401,1.0,0.2457212644667687,0.2457212644667687,warning,0
663,intimacy_growth,reach_out,0.0329,righteous,0.0059,-0.0671,0.3114,0.7735625370480143,1.0,0.246511230361237,0.246511230361237,warning,0
664,daily_neutral,observe,0.035,,0.021,-0.072,0.0749,0.7738306690349319,1.0,0.24520586302591194,0.24520586302591194,warning,0
665,safe_companionship,express,0.035,righteous,0.0063,-0.0667,0.1612,0.7736406619385343,1.0,0.2459661242778341,0.2459661242778341,warning,0
666,daily_neutral,observe,0.035,,0.021,-0.072,0.0,0.7739079102715466,1.0,0.24536455342948935,0.24536455342948935,warning,0
667,safe_companionship,express,0.035,righteous,0.0063,-0.0667,0.0544,0.7737183264584561,1.0,0.24550538214242099,0.24550538214242099,warning,0
668,daily_neutral,observe,0.035,,0.021,-0.072,0.0,0.773984696880518,1.0,0.24486091072173946,0.24486091072173946,warning,0
669,daily_neutral,observe,0.035,,0.021,-0.072,0.0038,0.7742504409171076,1.0,0.24370630164242238,0.24370630164242238,warning,0
670,intimacy_growth,reach_out,0.0329,righteous,0.0059,-0.0671,0.0715,0.7740610328638498,1.0,0.2447670050515208,0.2447670050515208,warning,0
671,safe_companionship,express,0.035,righteous,0.0063,-0.0667,0.1201,0.7738722905682484,1.0,0.24631131735821168,0.24631131735821168,warning,0
672,intimacy_growth,reach_out,0.0329,righteous,0.0059,-0.0671,0.1723,0.7736842105263158,1.0,0.24604058251629676,0.24604058251629676,warning,0
673,safe_companionship,express,0.035,righteous,0.0063,-0.0667,0.2487,0.7734967892586107,1.0,0.2465549011505619,0.2465549011505619,warning,0
674,daily_neutral,observe,0.035,,0.021,-0.072,0.0008,0.7737609329446065,1.0,0.24520471967239094,0.24520471967239094,warning,0
675,daily_neutral,observe,0.035,,0.021,-0.072,0.0,0.7740244612696564,1.0,0.24550463868077824,0.24550463868077824,warning,0
676,safe_companionship,express,0.035,righteous,0.0063,-0.0667,0.0495,0.7738372093023256,1.0,0.24769780426711407,0.24769780426711407,warning,0
677,daily_neutral,observe,0.035,,0.021,-0.072,0.0,0.7740998838559814,1.0,0.24968451316991247,0.24968451316991247,warning,0
678,intimacy_growth,reach_out,0.0329,righteous,0.0059,-0.0671,0.0808,0.7739130434782608,1.0,0.24935652942846043,0.24935652942846043,warning,0
679,daily_neutral,observe,0.035,,0.021,-0.072,0.0,0.774174869716271,1.0,0.24978743011395468,0.24978743011395468,warning,0
680,safe_companionship,express,0.035,righteous,0.0063,-0.0667,0.0693,0.7739884393063584,1.0,0.2520277912665328,0.2520277912665328,warning,0
681,daily_neutral,observe,0.035,,0.021,-0.072,0.0024,0.7742494226327945,1.0,0.2510945014650103,0.2510945014650103,warning,0
682,safe_companionship,express,0.035,righteous,0.0063,-0.0667,0.0748,0.7740634005763689,1.0,0.24999341376226236,0.24999341376226236,warning,0
683,safe_companionship,express,0.035,righteous,0.0063,-0.0667,0.147,0.7738780207134638,1.0,0.2519762220185112,0.2519762220185112,warning,0
684,safe_companionship,express,0.035,righteous,0.0063,-0.0667,0.2103,0.7736932797242964,1.0,0.2520939888041517,0.2520939888041517,warning,0
685,daily_neutral,observe,0.035,,0.021,-0.072,0.0103,0.7739529546758462,1.0,0.25103752793031564,0.25103752793031564,warning,0
686,safe_companionship,express,0.035,righteous,0.0063,-0.0667,0.0716,0.7737686139747996,1.0,0.2511320005315593,0.2511320005315593,warning,0
687,intimacy_growth,reach_out,0.0329,righteous,0.0059,-0.0671,0.1313,0.7735849056603774,1.0,0.25027271120670125,0.25027271120670125,warning,0
688,daily_neutral,observe,0.035,,0.021,-0.072,0.0207,0.7738435179897202,1.0,0.24937530758171425,0.24937530758171425,warning,0
689,safe_companionship,express,0.035,righteous,0.0063,-0.0667,0.0997,0.7736602052451539,1.0,0.24904801328109694,0.24904801328109694,warning,0
690,daily_neutral,observe,0.035,,0.021,-0.072,0.021,0.7739179954441914,1.0,0.24776473698114562,0.24776473698114562,warning,0
691,daily_neutral,observe,0.035,,0.021,-0.072,0.0228,0.7741751990898749,1.0,0.2464208155211825,0.2464208155211825,warning,0
692,daily_neutral,observe,0.035,,0.021,-0.072,0.0,0.7744318181818182,1.0,0.24449544867157239,0.24449544867157239,warning,0
693,daily_neutral,observe,0.035,,0.021,-0.072,0.0,0.7746878547105562,1.0,0.24341744749627262,0.24341744749627262,warning,0
694,safe_companionship,express,0.035,righteous,0.0063,-0.0667,0.019,0.7745042492917847,1.0,0.24367635772160998,0.24367635772160998,warning,0
695,safe_companionship,express,0.035,righteous,0.0063,-0.0667,0.091,0.7743212669683258,1.0,0.24325872389212388,0.24325872389212388,warning,0
696,safe_companionship,express,0.035,righteous,0.0063,-0.0667,0.1523,0.7741389045736872,1.0,0.2437756959962052,0.2437756959962052,warning,0
697,intimacy_growth,reach_out,0.0329,righteous,0.0059,-0.0671,0.1968,0.7739571589627959,1.0,0.2424366846458828,0.2424366846458828,warning,0
698,safe_companionship,express,0.035,righteous,0.0063,-0.0667,0.2633,0.7737760270118177,1.0,0.24194080517741695,0.24194080517741695,warning,0
699,daily_neutral,observe,0.035,,0.021,-0.072,0.0207,0.7740303541315345,1.0,0.2420743618254188,0.2420743618254188,warning,0
700,safe_companionship,express,0.035,righteous,0.0063,-0.0667,0.0992,0.7738496071829405,1.0,0.2422963096643715,0.2422963096643715,warning,0
701,safe_companionship,express,0.035,righteous,0.0063,-0.0667,0.1617,0.7736694677871149,1.0,0.24331982079250392,0.24331982079250392,warning,0
702,daily_neutral,observe,0.035,,0.021,-0.072,0.0,0.7739227756015669,1.0,0.24264747104955528,0.24264747104955528,warning,0
703,intimacy_growth,reach_out,0.0329,righteous,0.0059,-0.0671,0.0685,0.7737430167597765,1.0,0.2411714579443692,0.2411714579443692,warning,0
704,safe_companionship,express,0.035,righteous,0.0063,-0.0667,0.1442,0.77356385945343,1.0,0.2427618170017042,0.2427618170017042,warning,0
705,daily_neutral,observe,0.035,,0.021,-0.072,0.0169,0.7738161559888579,1.0,0.2428387113263985,0.2428387113263985,warning,0
706,intimacy_growth,reach_out,0.0329,righteous,0.0059,-0.0671,0.079,0.7736373748609566,1.0,0.24210883063538802,0.24210883063538802,warning,0
707,intimacy_growth,reach_out,0.0329,righteous,0.0059,-0.0671,0.1465,0.773459189339256,1.0,0.24177715656731305,0.24177715656731305,warning,0
708,safe_companionship,express,0.035,righteous,0.0063,-0.0667,0.2354,0.7732815964523282,1.0,0.24217433895820206,0.24217433895820206,warning,0
709,daily_neutral,observe,0.035,,0.021,-0.072,0.0,0.7735326688815061,1.0,0.2420797336754566,0.2420797336754566,warning,0
710,safe_companionship,express,0.035,righteous,0.0063,-0.0667,0.083,0.7733554449972361,1.0,0.24291177310264828,0.24291177310264828,warning,0
711,daily_neutral,observe,0.035,,0.021,-0.072,0.0119,0.7736057426836003,1.0,0.24231845873992042,0.24231845873992042,warning,0
712,daily_neutral,observe,0.035,,0.021,-0.072,0.0,0.7738554881412024,1.0,0.24393535539891634,0.24393535539891634,warning,0
713,intimacy_growth,reach_out,0.0329,righteous,0.0059,-0.0671,0.0629,0.7736784140969163,1.0,0.24420539418509957,0.24420539418509957,warning,0
714,daily_neutral,observe,0.035,,0.021,-0.072,0.0137,0.7739273927392739,1.0,0.23950890799963176,0.23950890799963176,warning,0
715,intimacy_growth,reach_out,0.0329,righteous,0.0059,-0.0671,0.0902,0.7737506864360242,1.0,0.23911667728761662,0.23911667728761662,warning,0
716,safe_companionship,express,0.035,righteous,0.0063,-0.0667,0.1445,0.7735745614035088,1.0,0.24175112007090577,0.24175112007090577,warning,0
717,daily_neutral,observe,0.035,,0.021,-0.072,0.0009,0.7738225629791895,1.0,0.23992512963226809,0.23992512963226809,warning,0
718,daily_neutral,observe,0.035,,0.021,-0.072,0.0,0.774070021881838,1.0,0.2400123343554614,0.2400123343554614,warning,0
719,safe_companionship,express,0.035,righteous,0.0063,-0.0667,0.0733,0.7738940469688694,1.0,0.2400577328438053,0.2400577328438053,warning,0
720,intimacy_growth,reach_out,0.0329,righteous,0.0059,-0.0671,0.139,0.7737186477644493,1.0,0.23918567985589662,0.23918567985589662,warning,0
721,intimacy_growth,reach_out,0.0329,righteous,0.0059,-0.0671,0.1949,0.773543821448013,1.0,0.23694315873551833,0.23694315873551833,warning,0
722,daily_neutral,observe,0.035,,0.021,-0.072,0.0005,0.7737901033170201,1.0,0.23686859094535553,0.23686859094535553,warning,0
723,daily_neutral,observe,0.035,,0.021,-0.072,0.0112,0.7740358500814775,1.0,0.2380546373811827,0.2380546373811827,warning,0
724,daily_neutral,observe,0.035,,0.021,-0.072,0.0,0.7742810634834509,1.0,0.23799576246081128,0.23799576246081128,warning,0
725,daily_neutral,observe,0.035,,0.021,-0.072,0.0184,0.7745257452574525,1.0,0.23886492344228746,0.23886492344228746,warning,0
726,safe_companionship,express,0.035,righteous,0.0063,-0.0667,0.0686,0.7743506493506493,1.0,0.24184801198195818,0.24184801198195818,warning,0
727,daily_neutral,observe,0.035,,0.021,-0.072,0.0,0.7745945945945946,1.0,0.24293691207256413,0.24293691207256413,warning,0
728,intimacy_growth,reach_out,0.0329,righteous,0.0059,-0.0671,0.0729,0.7744198596869941,1.0,0.24313123684825524,0.24313123684825524,warning,0
729,safe_companionship,express,0.035,righteous,0.0063,-0.0667,0.1362,0.7742456896551724,1.0,0.24185423516912669,0.24185423516912669,warning,0
730,daily_neutral,observe,0.035,,0.021,-0.072,0.0,0.7744886975242196,1.0,0.2406109960002943,0.2406109960002943,warning,0
731,intimacy_growth,reach_out,0.0329,righteous,0.0059,-0.0671,0.0615,0.7743148844707146,1.0,0.24137683003629481,0.24137683003629481,warning,0
732,daily_neutral,observe,0.035,,0.021,-0.072,0.0,0.7745571658615137,1.0,0.2400753861786802,0.2400753861786802,warning,0
733,intimacy_growth,reach_out,0.0329,righteous,0.0059,-0.0671,0.0546,0.7743837084673098,1.0,0.2425837701066801,0.2425837701066801,warning,0
734,daily_neutral,observe,0.035,,0.021,-0.072,0.0,0.7746252676659529,1.0,0.24030751425019195,0.24030751425019195,warning,0
735,daily_neutral,observe,0.035,,0.021,-0.072,0.0004,0.7748663101604278,1.0,0.23843483677496502,0.23843483677496502,warning,0
736,daily_neutral,observe,0.035,,0.021,-0.072,0.0,0.7751068376068376,1.0,0.23851926434812848,0.23851926434812848,warning,0
737,safe_companionship,express,0.035,righteous,0.0063,-0.0667,0.05,0.7749333333333334,1.0,0.24164138084814285,0.24164138084814285,warning,0
738,safe_companionship,express,0.035,righteous,0.0063,-0.0667,0.1184,0.7747603833865815,1.0,0.2408839281827281,0.2408839281827281,warning,0
739,safe_companionship,express,0.035,righteous,0.0063,-0.0667,0.1716,0.7745879851143009,1.0,0.24214318453799066,0.24214318453799066,warning,0
740,safe_companionship,express,0.035,righteous,0.0063,-0.0667,0.2213,0.774416135881104,1.0,0.2425613421781744,0.2425613421781744,warning,0
741,daily_neutral,observe,0.035,,0.021,-0.072,0.0382,0.7746553552492047,1.0,0.2428003179235251,0.2428003179235251,warning,0
742,conflict,withdraw,0.7,guilt,0.42,0.069,0.18,0.7739544732662784,0.8999999999999999,0.24301118821898704,0.24301118821898704,warning,0
743,conflict,withdraw,0.7,guilt,0.42,0.069,0.309,0.7732558139534884,0.8,0.24579124620166012,0.24579124620166012,warning,0
744,conflict,withdraw,0.7,guilt,0.42,0.069,0.417,0.7725593667546174,0.7,0.24748034791715362,0.24748034791715362,warning,0
745,cascading,hold,0.6563,guilt,0.3938,0.0264,0.6261,0.7723919915700738,0.6000000000000001,0.23618830917146583,0.23618830917146583,warning,0
746,conflict,withdraw,0.7,guilt,0.42,0.069,0.7718,0.7716991057338243,0.5,0.24048163636424927,0.24048163636424927,warning,0
747,recovery,repair,0.3654,doubt,0.2192,-0.0172,0.7863,0.7715336134453782,0.5,0.24016349026745237,0.24016349026745237,warning,0
748,recovery,repair,0.3667,doubt,0.22,-0.017,0.8007,0.7713686418458311,0.5,0.24122682696195416,0.24122682696195416,warning,0
749,recovery,repair,0.362,doubt,0.2172,-0.0177,0.8152,0.7712041884816754,0.5,0.24098632458831315,0.24098632458831315,warning,0
750,recovery,repair,0.3579,doubt,0.2147,-0.0183,0.8168,0.7710402509147936,0.5,0.24293685595977732,0.24293685595977732,warning,0
751,intimacy_growth,reach_out,0.0329,righteous,0.0059,-0.0671,0.8872,0.7708768267223383,0.5,0.2475570015727416,0.2475570015727416,warning,0
752,safe_companionship,express,0.035,righteous,0.0063,-0.0667,0.9425,0.7707139134966128,0.5,0.24742224597369974,0.24742224597369974,warning,0
753,daily_neutral,observe,0.035,,0.021,-0.072,0.6968,0.7709526288391463,0.5,0.24659925171697847,0.24659925171697847,warning,0
754,daily_neutral,observe,0.035,,0.021,-0.072,0.4458,0.7711908476339053,0.5,0.24656646059511672,0.24656646059511672,warning,0
755,daily_neutral,observe,0.035,,0.021,-0.072,0.1905,0.7714285714285715,0.5,0.24735452310425488,0.24735452310425488,warning,0
756,daily_neutral,observe,0.035,,0.021,-0.072,0.0234,0.7716658017644006,0.5,0.2478142490103426,0.2478142490103426,warning,0
757,daily_neutral,observe,0.035,,0.021,-0.072,0.0114,0.7719025401762571,0.5,0.24766134341209853,0.24766134341209853,warning,0
758,daily_neutral,observe,0.035,,0.021,-0.072,0.0043,0.7721387881926463,0.5,0.24766321555851153,0.24766321555851153,warning,0
759,safe_companionship,express,0.035,righteous,0.0063,-0.0667,0.0764,0.7719751809720786,0.5,0.2485133689822386,0.2485133689822386,warning,0
760,daily_neutral,observe,0.035,,0.021,-0.072,0.0,0.7722107438016529,0.5,0.2463898313147741,0.2463898313147741,warning,0
761,safe_companionship,express,0.035,righteous,0.0063,-0.0667,0.0536,0.7720474471376998,0.5,0.247048372870426,0.247048372870426,warning,0
762,safe_companionship,express,0.035,righteous,0.0063,-0.0667,0.0982,0.7718846549948507,0.6000000000000001,0.2477259271491315,0.2477259271491315,warning,0
763,daily_neutral,observe,0.035,,0.021,-0.072,0.0063,0.772119341563786,0.7,0.24708075474448726,0.24708075474448726,warning,0
764,daily_neutral,observe,0.035,,0.021,-0.072,0.0252,0.7723535457348407,0.8,0.2450539587067283,0.2450539587067283,warning,0
765,intimacy_growth,reach_out,0.0329,righteous,0.0059,-0.0671,0.0832,0.7721908671113391,0.8999999999999999,0.2455027795818596,0.2455027795818596,warning,0
766,daily_neutral,observe,0.035,,0.021,-0.072,0.0,0.7724243977447462,1.0,0.24467524830554974,0.24467524830554974,warning,0
767,intimacy_growth,reach_out,0.0329,righteous,0.0059,-0.0671,0.0483,0.7722620266120778,1.0,0.24560845235938447,0.24560845235938447,warning,0
768,daily_neutral,observe,0.035,,0.021,-0.072,0.0139,0.7724948875255624,1.0,0.24522543815715195,0.24522543815715195,warning,0
769,safe_companionship,express,0.035,righteous,0.0063,-0.0667,0.0904,0.7723328228688107,1.0,0.24694354423756626,0.24694354423756626,warning,0
770,daily_neutral,observe,0.035,,0.021,-0.072,0.0174,0.7725650178480367,1.0,0.24628322797847868,0.24628322797847868,warning,0
771,daily_neutral,observe,0.035,,0.021,-0.072,0.0,0.7727967396841569,1.0,0.24705995683067827,0.24705995683067827,warning,0
772,daily_neutral,observe,0.035,,0.021,-0.072,0.0145,0.7730279898218829,1.0,0.24543708835101474,0.24543708835101474,warning,0
773,daily_neutral,observe,0.035,,0.021,-0.072,0.0171,0.7732587697000508,1.0,0.2452233839204193,0.2452233839204193,warning,0
774,daily_neutral,observe,0.035,,0.021,-0.072,0.0166,0.7734890807516506,1.0,0.2442807572757068,0.2442807572757068,warning,0
775,daily_neutral,observe,0.035,,0.021,-0.072,0.0,0.7737189244038559,1.0,0.24503569763633462,0.24503569763633462,warning,0
776,daily_neutral,observe,0.035,,0.021,-0.072,0.0075,0.7739483020780538,1.0,0.242995589297365,0.242995589297365,warning,0
777,safe_companionship,express,0.035,righteous,0.0063,-0.0667,0.086,0.7737854251012146,1.0,0.24648695098391085,0.24648695098391085,warning,0
778,safe_companionship,express,0.035,righteous,0.0063,-0.0667,0.1388,0.7736230419403739,1.0,0.2469069185337749,0.2469069185337749,warning,0
779,daily_neutral,observe,0.035,,0.021,-0.072,0.016,0.773851590106007,1.0,0.24692608375357936,0.24692608375357936,warning,0
780,daily_neutral,observe,0.035,,0.021,-0.072,0.0,0.7740796772566818,1.0,0.2458988676744072,0.2458988676744072,warning,0
781,daily_neutral,observe,0.035,,0.021,-0.072,0.0204,0.7743073047858942,1.0,0.24637268199520565,0.24637268199520565,warning,0
782,daily_neutral,observe,0.035,,0.021,-0.072,0.0,0.77453447408153,1.0,0.24672421094555608,0.24672421094555608,warning,0
783,daily_neutral,observe,0.035,,0.021,-0.072,0.0121,0.7747611865258924,1.0,0.24777095266024962,0.24777095266024962,warning,0
784,safe_companionship,express,0.035,righteous,0.0063,-0.0667,0.0616,0.7745983935742972,1.0,0.2484908156116924,0.2484908156116924,warning,0
785,daily_neutral,observe,0.035,,0.021,-0.072,0.0,0.7748244734202607,1.0,0.2473038102701005,0.2473038102701005,warning,0
786,safe_companionship,express,0.035,righteous,0.0063,-0.0667,0.0417,0.7746619929894842,1.0,0.2506488406682777,0.2506488406682777,warning,0
787,safe_companionship,express,0.035,righteous,0.0063,-0.0667,0.1271,0.7745,1.0,0.25066797617136316,0.25066797617136316,warning,0
788,safe_companionship,express,0.035,righteous,0.0063,-0.0667,0.1855,0.7743384922616076,1.0,0.25034421396077217,0.25034421396077217,warning,0
789,daily_neutral,observe,0.035,,0.021,-0.072,0.0044,0.7745635910224439,1.0,0.2510020045255762,0.2510020045255762,warning,0
790,daily_neutral,observe,0.035,,0.021,-0.072,0.0018,0.7747882411559541,1.0,0.24910094802421145,0.24910094802421145,warning,0
791,safe_companionship,express,0.035,righteous,0.0063,-0.0667,0.0631,0.7746268656716417,1.0,0.25168998376764967,0.25168998376764967,warning,0
792,daily_neutral,observe,0.035,,0.021,-0.072,0.0079,0.7748508946322068,1.0,0.2519031747356855,0.2519031747356855,warning,0
793,safe_companionship,express,0.035,righteous,0.0063,-0.0667,0.0681,0.7746898263027295,1.0,0.2522682511157099,0.2522682511157099,warning,0
794,daily_neutral,observe,0.035,,0.021,-0.072,0.0,0.7749132374814081,1.0,0.2515457727136263,0.2515457727136263,warning,0
795,safe_companionship,express,0.035,righteous,0.0063,-0.0667,0.0663,0.7747524752475248,1.0,0.25296244659900285,0.25296244659900285,warning,0
796,intimacy_growth,reach_out,0.0329,righteous,0.0059,-0.0671,0.1355,0.7745921898171033,1.0,0.25291316925092217,0.25291316925092217,warning,0
797,daily_neutral,observe,0.035,,0.021,-0.072,0.0,0.7748148148148148,1.0,0.2524435927971929,0.2524435927971929,warning,0
798,daily_neutral,observe,0.035,,0.021,-0.072,0.0,0.7750370004933399,1.0,0.2509940488923354,0.2509940488923354,warning,0
799,daily_neutral,observe,0.035,,0.021,-0.072,0.0054,0.775258748151799,1.0,0.2512065541024632,0.2512065541024632,warning,0
800,daily_neutral,observe,0.035,,0.021,-0.072,0.0,0.7754800590841949,1.0,0.2499083446658729,0.2499083446658729,warning,0
801,daily_neutral,observe,0.035,,0.021,-0.072,0.0,0.7757009345794392,1.0,0.25121015960869714,0.25121015960869714,warning,0
802,daily_neutral,observe,0.035,,0.021,-0.072,0.0072,0.7759213759213759,1.0,0.2508543468505501,0.2508543468505501,warning,0
803,safe_companionship,express,0.035,righteous,0.0063,-0.0667,0.0841,0.7757605495583906,1.0,0.25084256424651835,0.25084256424651835,warning,0
804,daily_neutral,observe,0.035,,0.021,-0.072,0.0,0.7759803921568628,1.0,0.2486995815596654,0.2486995815596654,warning,0
805,safe_companionship,express,0.035,righteous,0.0063,-0.0667,0.0707,0.7758198727361723,1.0,0.24969794972797887,0.24969794972797887,warning,0
806,safe_companionship,express,0.035,righteous,0.0063,-0.0667,0.1603,0.7756598240469208,1.0,0.2505901738843521,0.2505901738843521,warning,0
807,intimacy_growth,reach_out,0.0329,righteous,0.0059,-0.0671,0.194,0.7755002440214739,1.0,0.24963578112505466,0.24963578112505466,warning,0
808,daily_neutral,observe,0.035,,0.021,-0.072,0.0,0.7757191613846904,1.0,0.24788414454499766,0.24788414454499766,warning,0
809,daily_neutral,observe,0.035,,0.021,-0.072,0.0,0.7759376522162689,1.0,0.24720722038866066,0.24720722038866066,warning,0
810,intimacy_growth,reach_out,0.0329,righteous,0.0059,-0.0671,0.0494,0.7757782101167315,1.0,0.24885043634540205,0.24885043634540205,warning,0
811,intimacy_growth,reach_out,0.0329,righteous,0.0059,-0.0671,0.1118,0.7756192326372026,1.0,0.24878157142323037,0.24878157142323037,warning,0
812,safe_companionship,express,0.035,righteous,0.0063,-0.0667,0.1695,0.7754607177497576,1.0,0.24944312453859688,0.24944312453859688,warning,0
813,safe_companionship,express,0.035,righteous,0.0063,-0.0667,0.2388,0.7753026634382567,1.0,0.25093343500469684,0.25093343500469684,warning,0
814,daily_neutral,observe,0.035,,0.021,-0.072,0.0086,0.7755200774068699,1.0,0.2514312915289446,0.2514312915289446,warning,0
815,safe_companionship,express,0.035,righteous,0.0063,-0.0667,0.0879,0.7753623188405797,1.0,0.25143568435936614,0.25143568435936614,warning,0
816,daily_neutral,observe,0.035,,0.021,-0.072,0.0,0.7755791505791506,1.0,0.2500510180630174,0.2500510180630174,warning,0
817,daily_neutral,observe,0.035,,0.021,-0.072,0.0,0.7757955641272902,1.0,0.2497705271416226,0.2497705271416226,warning,0
818,safe_companionship,express,0.035,righteous,0.0063,-0.0667,0.0895,0.7756379393355801,1.0,0.2506359364565665,0.2506359364565665,warning,0
819,daily_neutral,observe,0.035,,0.021,-0.072,0.001,0.7758537758537759,1.0,0.25017979744982277,0.25017979744982277,warning,0
820,safe_companionship,express,0.035,righteous,0.0063,-0.0667,0.0585,0.7756964457252642,1.0,0.25187646059110036,0.25187646059110036,warning,0
821,intimacy_growth,reach_out,0.0329,righteous,0.0059,-0.0671,0.1284,0.7755395683453238,1.0,0.2513478757012313,0.2513478757012313,warning,0
822,intimacy_growth,reach_out,0.0329,righteous,0.0059,-0.0671,0.2198,0.7753831417624522,1.0,0.2512890475972414,0.2512890475972414,warning,0
823,daily_neutral,observe,0.035,,0.021,-0.072,0.0118,0.775598086124402,1.0,0.25263058875966243,0.25263058875966243,warning,0
824,daily_neutral,observe,0.035,,0.021,-0.072,0.0,0.7758126195028681,1.0,0.2497466756984651,0.2497466756984651,warning,0
825,daily_neutral,observe,0.035,,0.021,-0.072,0.0,0.7760267430754537,1.0,0.24974157179366901,0.24974157179366901,warning,0
826,daily_neutral,observe,0.035,,0.021,-0.072,0.0249,0.7762404580152672,1.0,0.2515992962419138,0.2515992962419138,warning,0
827,daily_neutral,observe,0.035,,0.021,-0.072,0.0,0.7764537654909438,1.0,0.24833591595559035,0.24833591595559035,warning,0
828,safe_companionship,express,0.035,righteous,0.0063,-0.0667,0.0761,0.7762970014278915,1.0,0.24895718763259844,0.24895718763259844,warning,0
829,safe_companionship,express,0.035,righteous,0.0063,-0.0667,0.1482,0.7761406844106464,1.0,0.2502169345916676,0.2502169345916676,warning,0
830,safe_companionship,express,0.035,righteous,0.0063,-0.0667,0.2072,0.775984812529663,1.0,0.25177543619304765,0.25177543619304765,warning,0
831,daily_neutral,observe,0.035,,0.021,-0.072,0.0,0.7761972498814604,1.0,0.25041951313773947,0.25041951313773947,warning,0
832,intimacy_growth,reach_out,0.0329,righteous,0.0059,-0.0671,0.0687,0.7760416666666666,1.0,0.24889025855900623,0.24889025855900623,warning,0
833,safe_companionship,express,0.035,righteous,0.0063,-0.0667,0.1135,0.775886524822695,1.0,0.24977518248787473,0.24977518248787473,warning,0
834,daily_neutral,observe,0.035,,0.021,-0.072,0.0128,0.7760982522437412,1.0,0.24895357031511567,0.24895357031511567,warning,0
835,daily_neutral,observe,0.035,,0.021,-0.072,0.0,0.7763095799905616,1.0,0.24810832504862698,0.24810832504862698,warning,0
836,safe_companionship,express,0.035,righteous,0.0063,-0.0667,0.0572,0.7761545711592837,1.0,0.2500891249809973,0.2500891249809973,warning,0
837,daily_neutral,observe,0.035,,0.021,-0.072,0.0217,0.7763653483992468,1.0,0.2505300179618634,0.2505300179618634,warning,0
838,intimacy_growth,reach_out,0.0329,righteous,0.0059,-0.0671,0.1108,0.7762106252938411,1.0,0.25029681220113775,0.25029681220113775,warning,0
839,safe_companionship,express,0.035,righteous,0.0063,-0.0667,0.1941,0.776056338028169,1.0,0.2520797873452588,0.2520797873452588,warning,0
840,daily_neutral,observe,0.035,,0.021,-0.072,0.0,0.7762664165103189,1.0,0.25200662502694227,0.25200662502694227,warning,0
841,safe_companionship,express,0.035,righteous,0.0063,-0.0667,0.0534,0.776112412177986,1.0,0.25319343274291223,0.25319343274291223,warning,0
842,daily_neutral,observe,0.035,,0.021,-0.072,0.0,0.7763219466541881,1.0,0.2512843729537205,0.2512843729537205,warning,0
843,intimacy_growth,reach_out,0.0329,righteous,0.0059,-0.0671,0.0574,0.7761682242990654,1.0,0.2511074657590683,0.2511074657590683,warning,0
844,intimacy_growth,reach_out,0.0329,righteous,0.0059,-0.0671,0.1223,0.7760149323378441,1.0,0.2496631780361019,0.2496631780361019,warning,0
845,intimacy_growth,reach_out,0.0329,righteous,0.0059,-0.0671,0.1773,0.7758620689655172,1.0,0.24704248412811092,0.24704248412811092,warning,0
846,intimacy_growth,reach_out,0.0329,righteous,0.0059,-0.0671,0.2315,0.7757096323871568,1.0,0.2463747894769426,0.2463747894769426,warning,0
847,daily_neutral,observe,0.035,,0.021,-0.072,0.0,0.7759181775918178,1.0,0.24557288382751222,0.24557288382751222,warning,0
848,safe_companionship,express,0.035,righteous,0.0063,-0.0667,0.0723,0.775766016713092,1.0,0.24491892066955517,0.24491892066955517,warning,0
849,daily_neutral,observe,0.035,,0.021,-0.072,0.0159,0.775974025974026,1.0,0.24430167257092833,0.24430167257092833,warning,0
850,safe_companionship,express,0.035,righteous,0.0063,-0.0667,0.0744,0.7758221398795738,1.0,0.24508021795229984,0.24508021795229984,warning,0
851,daily_neutral,observe,0.035,,0.021,-0.072,0.0069,0.7760296159185562,1.0,0.24435325420210774,0.24435325420210774,warning,0
852,safe_companionship,express,0.035,righteous,0.0063,-0.0667,0.0772,0.7758780036968577,1.0,0.24351208694659054,0.24351208694659054,warning,0
853,daily_neutral,observe,0.035,,0.021,-0.072,0.0,0.7760849492151431,1.0,0.24282138861799285,0.24282138861799285,warning,0
854,daily_neutral,observe,0.035,,0.021,-0.072,0.0,0.7762915129151291,1.0,0.24360370563059935,0.24360370563059935,warning,0
855,daily_neutral,observe,0.035,,0.021,-0.072,0.0,0.7764976958525346,1.0,0.2437810513608219,0.2437810513608219,warning,0
856,daily_neutral,observe,0.035,,0.021,-0.072,0.0,0.7767034990791897,1.0,0.244429672073694,0.244429672073694,warning,0
857,daily_neutral,observe,0.035,,0.021,-0.072,0.0018,0.7769089236430543,1.0,0.2446511752702849,0.2446511752702849,warning,0
858,daily_neutral,observe,0.035,,0.021,-0.072,0.0021,0.7771139705882353,1.0,0.24356033010692546,0.24356033010692546,warning,0
859,safe_companionship,express,0.035,righteous,0.0063,-0.0667,0.0431,0.7769619091326296,1.0,0.24439696436433492,0.24439696436433492,warning,0
860,daily_neutral,observe,0.035,,0.021,-0.072,0.0237,0.7771664374140302,1.0,0.24599610687996964,0.24599610687996964,warning,0
861,daily_neutral,observe,0.035,,0.021,-0.072,0.0,0.777370590929913,1.0,0.24454428592668462,0.24454428592668462,warning,0
862,daily_neutral,observe,0.035,,0.021,-0.072,0.0,0.7775743707093822,1.0,0.24317774343078635,0.24317774343078635,warning,0
863,intimacy_growth,reach_out,0.0329,righteous,0.0059,-0.0671,0.0842,0.7774223034734917,1.0,0.24389803940347857,0.24389803940347857,warning,0
864,daily_neutral,observe,0.035,,0.021,-0.072,0.0026,0.7776255707762557,1.0,0.24406732093306058,0.24406732093306058,warning,0
865,intimacy_growth,reach_out,0.0329,righteous,0.0059,-0.0671,0.0712,0.7774737802097583,1.0,0.243204209904341,0.243204209904341,warning,0
866,intimacy_growth,reach_out,0.0329,righteous,0.0059,-0.0671,0.1175,0.7773224043715847,1.0,0.24282396140134407,0.24282396140134407,warning,0
867,daily_neutral,observe,0.035,,0.021,-0.072,0.0,0.7775250227479527,1.0,0.242448488637559,0.242448488637559,warning,0
868,intimacy_growth,reach_out,0.0329,righteous,0.0059,-0.0671,0.0593,0.777373920945025,1.0,0.24294216666486565,0.24294216666486565,warning,0
869,intimacy_growth,reach_out,0.0329,righteous,0.0059,-0.0671,0.1433,0.7772232304900182,1.0,0.24268155953757076,0.24268155953757076,warning,0
870,daily_neutral,observe,0.035,,0.021,-0.072,0.0,0.7774252039891206,1.0,0.24154233996738658,0.24154233996738658,warning,0
871,daily_neutral,observe,0.035,,0.021,-0.072,0.0005,0.7776268115942029,1.0,0.23810629173417305,0.23810629173417305,warning,0
872,safe_companionship,express,0.035,righteous,0.0063,-0.0667,0.0722,0.7774762550881954,1.0,0.24034158094089947,0.24034158094089947,warning,0
873,daily_neutral,observe,0.035,,0.021,-0.072,0.0,0.7776773610483506,1.0,0.23881076768622492,0.23881076768622492,warning,0
874,safe_companionship,express,0.035,righteous,0.0063,-0.0667,0.0691,0.7775270758122743,1.0,0.2412281911020784,0.2412281911020784,warning,0
875,daily_neutral,observe,0.035,,0.021,-0.072,0.0011,0.7777276825969341,1.0,0.23937541284807093,0.23937541284807093,warning,0
876,daily_neutral,observe,0.035,,0.021,-0.072,0.0,0.777927927927928,1.0,0.2381556102512135,0.2381556102512135,warning,0
877,daily_neutral,observe,0.035,,0.021,-0.072,0.0,0.7781278127812782,1.0,0.23794868740367514,0.23794868740367514,warning,0
878,daily_neutral,observe,0.035,,0.021,-0.072,0.0,0.7783273381294964,1.0,0.2384534843765468,0.2384534843765468,warning,0
879,daily_neutral,observe,0.035,,0.021,-0.072,0.0,0.7785265049415993,1.0,0.23625223489870226,0.23625223489870226,warning,0
880,daily_neutral,observe,0.035,,0.021,-0.072,0.0,0.7787253141831239,1.0,0.23854935025581536,0.23854935025581536,warning,0
881,daily_neutral,observe,0.035,,0.021,-0.072,0.0042,0.7789237668161435,1.0,0.23807641046341527,0.23807641046341527,warning,0
882,safe_companionship,express,0.035,righteous,0.0063,-0.0667,0.0664,0.7787729511867443,1.0,0.23950364226567183,0.23950364226567183,warning,0
883,safe_companionship,express,0.035,righteous,0.0063,-0.0667,0.1424,0.7786225402504472,1.0,0.24027171459290017,0.24027171459290017,warning,0
884,daily_neutral,observe,0.035,,0.021,-0.072,0.0153,0.7788203753351206,1.0,0.23907365865364588,0.23907365865364588,warning,0
885,daily_neutral,observe,0.035,,0.021,-0.072,0.0,0.7790178571428571,1.0,0.23932727293833342,0.23932727293833342,warning,0
886,safe_companionship,express,0.035,righteous,0.0063,-0.0667,0.0569,0.7788675880517164,1.0,0.2422271502159988,0.2422271502159988,warning,0
887,daily_neutral,observe,0.035,,0.021,-0.072,0.0,0.7790645879732739,1.0,0.24243882275956685,0.24243882275956685,warning,0
888,daily_neutral,observe,0.035,,0.021,-0.072,0.0252,0.7792612372051625,1.0,0.24243569673471185,0.24243569673471185,warning,0
889,daily_neutral,observe,0.035,,0.021,-0.072,0.0,0.7794575366829702,1.0,0.24188372385367027,0.24188372385367027,warning,0
890,safe_companionship,express,0.035,righteous,0.0063,-0.0667,0.0654,0.7793072824156305,1.0,0.24184552493421074,0.24184552493421074,warning,0
891,daily_neutral,observe,0.035,,0.021,-0.072,0.015,0.7795031055900621,1.0,0.2398085759931336,0.2398085759931336,warning,0
892,daily_neutral,observe,0.035,,0.021,-0.072,0.0,0.7796985815602837,1.0,0.23919836030523642,0.23919836030523642,warning,0
893,daily_neutral,observe,0.035,,0.021,-0.072,0.0,0.7798937112488928,1.0,0.23879511892825633,0.23879511892825633,warning,0
894,safe_companionship,express,0.035,righteous,0.0063,-0.0667,0.052,0.7797434763379035,1.0,0.24004602805286665,0.24004602805286665,warning,0
895,safe_companionship,express,0.035,righteous,0.0063,-0.0667,0.0898,0.7795936395759717,1.0,0.23982105723311253,0.23982105723311253,warning,0
896,safe_companionship,express,0.035,righteous,0.0063,-0.0667,0.1492,0.7794441993824438,1.0,0.24115695501601475,0.24115695501601475,warning,0
897,safe_companionship,express,0.035,righteous,0.0063,-0.0667,0.226,0.779295154185022,1.0,0.24334481961839044,0.24334481961839044,warning,0
898,daily_neutral,observe,0.035,,0.021,-0.072,0.0,0.7794894366197183,1.0,0.2437748428128988,0.2437748428128988,warning,0
899,daily_neutral,observe,0.035,,0.021,-0.072,0.0035,0.7796833773087071,1.0,0.24516724811263485,0.24516724811263485,warning,0
900,daily_neutral,observe,0.035,,0.021,-0.072,0.004,0.7798769771528998,1.0,0.24602305591192578,0.24602305591192578,warning,0
901,intimacy_growth,reach_out,0.0329,righteous,0.0059,-0.0671,0.0714,0.7797279508556384,1.0,0.24381999757635758,0.24381999757635758,warning,0
902,safe_companionship,express,0.035,righteous,0.0063,-0.0667,0.1308,0.7795793163891324,1.0,0.2435790279428868,0.2435790279428868,warning,0
903,safe_companionship,express,0.035,righteous,0.0063,-0.0667,0.1901,0.7794310722100657,1.0,0.24406792563251703,0.24406792563251703,warning,0
904,safe_companionship,express,0.035,righteous,0.0063,-0.0667,0.2497,0.7792832167832168,1.0,0.2424209933111819,0.2424209933111819,warning,0
905,daily_neutral,observe,0.035,,0.021,-0.072,0.0007,0.7794759825327511,1.0,0.24026645877569727,0.24026645877569727,warning,0
906,safe_companionship,express,0.035,righteous,0.0063,-0.0667,0.081,0.7793283907544701,1.0,0.24106451770987283,0.24106451770987283,warning,0
907,safe_companionship,express,0.035,righteous,0.0063,-0.0667,0.1282,0.7791811846689896,1.0,0.2410539399076749,0.2410539399076749,warning,0
908,safe_companionship,express,0.035,righteous,0.0063,-0.0667,0.1876,0.7790343627664201,1.0,0.2429692314296714,0.2429692314296714,warning,0
909,safe_companionship,express,0.035,righteous,0.0063,-0.0667,0.2599,0.7788879235447437,1.0,0.24338724469862394,0.24338724469862394,warning,0
910,daily_neutral,observe,0.035,,0.021,-0.072,0.0397,0.7790798611111112,1.0,0.24271067026916698,0.24271067026916698,warning,0
911,daily_neutral,observe,0.035,,0.021,-0.072,0.008,0.7792714657415438,1.0,0.24242870168064984,0.24242870168064984,warning,0
912,daily_neutral,observe,0.035,,0.021,-0.072,0.0,0.7794627383015598,1.0,0.24082234320860024,0.24082234320860024,warning,0
913,safe_companionship,express,0.035,righteous,0.0063,-0.0667,0.0465,0.7793163132842925,1.0,0.24309394671692888,0.24309394671692888,warning,0
914,safe_companionship,express,0.035,righteous,0.0063,-0.0667,0.1153,0.7791702679343129,1.0,0.24295105223884034,0.24295105223884034,warning,0
915,safe_companionship,express,0.035,righteous,0.0063,-0.0667,0.1864,0.7790246007768666,1.0,0.2447005752176699,0.2447005752176699,warning,0
916,safe_companionship,express,0.035,righteous,0.0063,-0.0667,0.2519,0.7788793103448276,1.0,0.24722870081124998,0.24722870081124998,warning,0
917,daily_neutral,observe,0.035,,0.021,-0.072,0.0189,0.7790697674418605,1.0,0.24651652078026448,0.24651652078026448,warning,0
918,intimacy_growth,reach_out,0.0329,righteous,0.0059,-0.0671,0.0828,0.7789247311827957,1.0,0.24557045225675464,0.24557045225675464,warning,0
919,safe_companionship,express,0.035,righteous,0.0063,-0.0667,0.1467,0.7787800687285223,1.0,0.24641115351163503,0.24641115351163503,warning,0
920,safe_companionship,express,0.035,righteous,0.0063,-0.0667,0.2102,0.7786357786357786,1.0,0.2467828420729974,0.2467828420729974,warning,0
921,safe_companionship,express,0.035,righteous,0.0063,-0.0667,0.2981,0.7784918594687232,1.0,0.24637797970024053,0.24637797970024053,warning,0
922,daily_neutral,observe,0.035,,0.021,-0.072,0.0875,0.778681506849315,1.0,0.24550589532807696,0.24550589532807696,warning,0
923,intimacy_growth,reach_out,0.0329,righteous,0.0059,-0.0671,0.1568,0.7785378366823429,1.0,0.24470561677430233,0.24470561677430233,warning,0
924,daily_neutral,observe,0.035,,0.021,-0.072,0.0,0.7787270397266126,1.0,0.2417066710542797,0.2417066710542797,warning,0
925,intimacy_growth,reach_out,0.0376,righteous,0.0068,-0.0664,0.0693,0.7785836177474402,1.0,0.240649151330663,0.240649151330663,warning,0
926,safe_companionship,express,0.0395,righteous,0.0071,-0.0661,0.1375,0.7784405624201107,1.0,0.23971218275715542,0.23971218275715542,warning,0
927,daily_neutral,observe,0.035,,0.021,-0.072,0.0178,0.7786292039165602,1.0,0.23988949843618035,0.23988949843618035,warning,0
928,safe_companionship,express,0.0389,righteous,0.007,-0.0662,0.0808,0.7784863945578231,1.0,0.24149225281946998,0.24149225281946998,warning,0
929,safe_companionship,express,0.0397,righteous,0.0071,-0.066,0.1612,0.778343949044586,1.0,0.23972032094471948,0.23972032094471948,warning,0
930,safe_companionship,express,0.0404,righteous,0.0073,-0.0659,0.2174,0.7782018659881256,1.0,0.2414622583728176,0.2414622583728176,warning,0
931,intimacy_growth,reach_out,0.0436,righteous,0.0079,-0.0655,0.2859,0.7780601440067768,1.0,0.239611899426623,0.239611899426623,warning,0
932,daily_neutral,observe,0.035,,0.021,-0.072,0.0398,0.7782479898434194,1.0,0.23639848870914262,0.23639848870914262,warning,0
933,daily_neutral,observe,0.035,,0.021,-0.072,0.0101,0.7784355179704017,1.0,0.23432635026140958,0.23432635026140958,warning,0
934,intimacy_growth,reach_out,0.0445,righteous,0.008,-0.0653,0.081,0.778293918918919,1.0,0.23646751130445065,0.23646751130445065,warning,0
935,intimacy_growth,reach_out,0.0439,righteous,0.0079,-0.0654,0.1453,0.7781526781948545,1.0,0.23671934472581588,0.23671934472581588,warning,0
936,safe_companionship,express,0.0413,righteous,0.0074,-0.0658,0.1984,0.7780117944397641,1.0,0.23777811200422028,0.23777811200422028,warning,0
937,safe_companionship,express,0.0403,righteous,0.0073,-0.066,0.2471,0.7778712663020614,1.0,0.23976061475726398,0.23976061475726398,warning,0
938,safe_companionship,express,0.0396,righteous,0.0071,-0.0661,0.2897,0.7777310924369748,1.0,0.24015160828222337,0.24015160828222337,warning,0
939,daily_neutral,observe,0.035,,0.021,-0.072,0.0531,0.7779177162048698,1.0,0.23971644815337528,0.23971644815337528,warning,0
940,daily_neutral,observe,0.035,,0.021,-0.072,0.0,0.7781040268456376,1.0,0.2410592958281501,0.2410592958281501,warning,0
941,intimacy_growth,reach_out,0.0413,righteous,0.0074,-0.0658,0.0718,0.7779639715123586,1.0,0.2401099458393591,0.2401099458393591,warning,0
942,daily_neutral,observe,0.035,,0.021,-0.072,0.0131,0.7781498534951863,1.0,0.24087622522279412,0.24087622522279412,warning,0
943,daily_neutral,observe,0.035,,0.021,-0.072,0.0,0.7783354245085738,1.0,0.23782172887411748,0.23782172887411748,warning,0
944,safe_companionship,express,0.0401,righteous,0.0072,-0.066,0.0644,0.7781954887218046,1.0,0.23904656906413066,0.23904656906413066,warning,0
945,intimacy_growth,reach_out,0.0405,righteous,0.0073,-0.0659,0.1164,0.7780559032123487,1.0,0.2402042236755806,0.2402042236755806,warning,0
946,daily_neutral,observe,0.035,,0.021,-0.072,0.0122,0.7782409337223843,1.0,0.2384842512788514,0.2384842512788514,warning,0
947,intimacy_growth,reach_out,0.0427,righteous,0.0077,-0.0656,0.0867,0.7781015820149875,1.0,0.2387408692396329,0.2387408692396329,warning,0
948,safe_companionship,express,0.0407,righteous,0.0073,-0.0659,0.1422,0.777962577962578,1.0,0.2397389167751098,0.2397389167751098,warning,0
949,daily_neutral,observe,0.035,,0.021,-0.072,0.0,0.7781470710427919,1.0,0.23711993456831887,0.23711993456831887,warning,0
950,daily_neutral,observe,0.035,,0.021,-0.072,0.0,0.7783312577833126,1.0,0.23561494042574346,0.23561494042574346,warning,0
951,safe_companionship,express,0.041,righteous,0.0074,-0.0659,0.0269,0.7781923714759535,1.0,0.23821897144545526,0.23821897144545526,warning,0
952,safe_companionship,express,0.0401,righteous,0.0072,-0.066,0.0727,0.7780538302277433,1.0,0.24012616679996435,0.24012616679996435,warning,0
953,daily_neutral,observe,0.035,,0.021,-0.072,0.0031,0.7782374844848986,1.0,0.23842782611059835,0.23842782611059835,warning,0
954,daily_neutral,observe,0.035,,0.021,-0.072,0.0086,0.7784208350558082,1.0,0.23863138025744346,0.23863138025744346,warning,0
955,intimacy_growth,reach_out,0.0455,righteous,0.0082,-0.0652,0.0731,0.7782824112303881,1.0,0.23961932814962125,0.23961932814962125,warning,0
956,safe_companionship,express,0.0432,righteous,0.0078,-0.0655,0.1693,0.7781443298969072,1.0,0.240044149639277,0.240044149639277,warning,0
957,daily_neutral,observe,0.035,,0.021,-0.072,0.0043,0.7783271528636176,1.0,0.24087555679496062,0.24087555679496062,warning,0
958,intimacy_growth,reach_out,0.0437,righteous,0.0079,-0.0654,0.0591,0.7781893004115227,1.0,0.2412320630187054,0.2412320630187054,warning,0
959,daily_neutral,observe,0.035,,0.021,-0.072,0.0,0.7783717105263158,1.0,0.24207662695608295,0.24207662695608295,warning,0
960,safe_companionship,express,0.0375,righteous,0.0067,-0.0664,0.0773,0.7782340862422998,1.0,0.24302639120119668,0.24302639120119668,warning,0
961,daily_neutral,observe,0.035,,0.021,-0.072,0.0,0.7784160853508412,1.0,0.24199110113139594,0.24199110113139594,warning,0
962,safe_companionship,express,0.0391,righteous,0.007,-0.0661,0.0256,0.7782786885245901,1.0,0.24294895116286364,0.24294895116286364,warning,0
963,intimacy_growth,reach_out,0.0374,righteous,0.0067,-0.0664,0.0779,0.7781416291444945,1.0,0.24212424659710036,0.24212424659710036,warning,0
964,safe_companionship,express,0.0384,righteous,0.0069,-0.0662,0.149,0.7780049059689289,1.0,0.24169030420953846,0.24169030420953846,warning,0
965,safe_companionship,express,0.0368,righteous,0.0066,-0.0665,0.2045,0.777868517762352,1.0,0.24313119660331003,0.24313119660331003,warning,0
966,safe_companionship,express,0.0395,righteous,0.0071,-0.0661,0.2627,0.7777324632952691,1.0,0.24265711897942055,0.24265711897942055,warning,0
967,safe_companionship,express,0.0396,righteous,0.0071,-0.0661,0.3239,0.7775967413441955,1.0,0.24220285484643397,0.24220285484643397,warning,0
968,daily_neutral,observe,0.035,,0.021,-0.072,0.0518,0.7777777777777778,1.0,0.24335665848811525,0.24335665848811525,warning,0
969,safe_companionship,express,0.0372,righteous,0.0067,-0.0664,0.1233,0.7776422764227642,1.0,0.24554718831787453,0.24554718831787453,warning,0
970,safe_companionship,express,0.0386,righteous,0.0069,-0.0662,0.1681,0.7775071051563135,1.0,0.24490749978552828,0.24490749978552828,warning,0
971,daily_neutral,observe,0.035,,0.021,-0.072,0.0042,0.7776876267748478,1.0,0.24515839653418883,0.24515839653418883,warning,0
972,daily_neutral,observe,0.035,,0.021,-0.072,0.0049,0.7778678556951764,1.0,0.24419059890277894,0.24419059890277894,warning,0
973,daily_neutral,observe,0.035,,0.021,-0.072,0.0,0.7780477926285946,1.0,0.24434880073804205,0.24434880073804205,warning,0
974,daily_neutral,observe,0.035,,0.021,-0.072,0.0065,0.7782274382840955,1.0,0.24395284618087784,0.24395284618087784,warning,0
975,daily_neutral,observe,0.035,,0.021,-0.072,0.0073,0.7784067933683785,1.0,0.24272661324109152,0.24272661324109152,warning,0
976,daily_neutral,observe,0.035,,0.021,-0.072,0.0,0.7785858585858586,1.0,0.24200135197674957,0.24200135197674957,warning,0
977,daily_neutral,observe,0.035,,0.021,-0.072,0.0,0.7787646346386758,1.0,0.24235638907263585,0.24235638907263585,warning,0
978,safe_companionship,express,0.035,righteous,0.0063,-0.0667,0.0658,0.7786290322580646,1.0,0.24423278196946402,0.24423278196946402,warning,0
979,daily_neutral,observe,0.035,,0.021,-0.072,0.0072,0.7788074133763094,1.0,0.24519730036940215,0.24519730036940215,warning,0
980,safe_companionship,express,0.0353,righteous,0.0063,-0.0667,0.0739,0.778672032193159,1.0,0.2469097329111893,0.2469097329111893,warning,0
981,daily_neutral,observe,0.035,,0.021,-0.072,0.0,0.7788500201045436,1.0,0.24643691545904658,0.24643691545904658,warning,0
982,intimacy_growth,reach_out,0.0329,righteous,0.0059,-0.0671,0.0649,0.778714859437751,1.0,0.24762282808800073,0.24762282808800073,warning,0
983,safe_companionship,express,0.035,righteous,0.0063,-0.0667,0.1351,0.7785800240673887,1.0,0.24806646964127327,0.24806646964127327,warning,0
984,safe_companionship,express,0.0357,righteous,0.0064,-0.0666,0.183,0.7784455128205128,1.0,0.24672603976876623,0.24672603976876623,warning,0
985,daily_neutral,observe,0.035,,0.021,-0.072,0.0,0.7786228983186549,1.0,0.24685670556826242,0.24685670556826242,warning,0
986,intimacy_growth,reach_out,0.0338,righteous,0.0061,-0.0669,0.0273,0.7784886045581767,1.0,0.24650910179356417,0.24650910179356417,warning,0
987,daily_neutral,observe,0.035,,0.021,-0.072,0.0,0.7786656012784658,1.0,0.24569252896761573,0.24569252896761573,warning,0
988,daily_neutral,observe,0.035,,0.021,-0.072,0.0,0.7788423153692615,1.0,0.24676792574307244,0.24676792574307244,warning,0
989,intimacy_growth,reach_out,0.033,righteous,0.0059,-0.067,0.0535,0.7787081339712919,1.0,0.2485918082742939,0.2485918082742939,warning,0
990,safe_companionship,express,0.0362,righteous,0.0065,-0.0666,0.1224,0.7785742731979292,1.0,0.24737066694583257,0.24737066694583257,warning,0
991,safe_companionship,express,0.0353,righteous,0.0064,-0.0667,0.2051,0.7784407319013524,1.0,0.24859405557633724,0.24859405557633724,warning,0
992,safe_companionship,express,0.0351,righteous,0.0063,-0.0667,0.2834,0.7783075089392133,1.0,0.2492874061545113,0.2492874061545113,warning,0
993,safe_companionship,express,0.0351,righteous,0.0063,-0.0667,0.3315,0.7781746031746032,1.0,0.24883935377006844,0.24883935377006844,warning,0
994,daily_neutral,observe,0.035,,0.021,-0.072,0.0754,0.7783505154639175,1.0,0.24945159886274976,0.24945159886274976,warning,0
995,daily_neutral,observe,0.035,,0.021,-0.072,0.0,0.778526148969889,1.0,0.24876206115758778,0.24876206115758778,warning,0
996,intimacy_growth,reach_out,0.0329,righteous,0.0059,-0.0671,0.0518,0.778393351800554,1.0,0.24987265497635006,0.24987265497635006,warning,0
997,safe_companionship,express,0.035,righteous,0.0063,-0.0667,0.1209,0.7782608695652173,1.0,0.25099156755542656,0.25099156755542656,warning,0
998,intimacy_growth,reach_out,0.0329,righteous,0.0059,-0.0671,0.1757,0.7781287011448875,1.0,0.252829033776852,0.252829033776852,warning,0
999,safe_companionship,express,0.035,righteous,0.0063,-0.0667,0.2284,0.7779968454258676,1.0,0.2539588788953423,0.2539588788953423,warning,0
1000,daily_neutral,observe,0.035,,0.021,-0.072,0.0079,0.7781717888100866,1.0,0.25280479204688894,0.25280479204688894,warning,0
