timestamp,session_id,turn,expression_drive,perception_acuity,boundary_permeability,inner_coherence,relational_gravity,warmth_bias,directness,curiosity,patience,intimacy_pull,autonomy_guard,action,phi_smoothed,body_criticality,cascade_active,guard_allowed,guard_risk_score,resistance,tension_type,conflict_values,aligned_values,pressure,alignment_score,safety_level
1780726037.624598,data-INF,0,0.501485886381856,0.8478731936935835,0.9009594735855179,0.7540008512471584,0.3525045459741309,0.753657286544737,0.7574260342568171,0.7468444137083045,0.7529370904444371,0.6138510963306587,0.34657837106348044,reach_out,0.48231047954994805,0.3333333333333333,True,True,0.10667622583229454,0.0,,,,0.0,0.5,normal
1780726037.6250055,data-INF,1,0.507764645057599,0.8462089001770194,0.9030404724515502,0.7525285530284378,0.3523140478410163,0.762826542955473,0.7528683290613787,0.7489081875096848,0.7561693753109656,0.6197596481530504,0.3499857249881535,express,0.4686067330966391,0.3333333333333333,True,True,0.03403454726162297,0.0,,,,0.0,0.5,normal
1780726037.6252692,data-INF,2,0.5027579005390304,0.8514331283346227,0.9003723964203069,0.7563342599447197,0.35110375297120733,0.7608924621811823,0.7520962039862881,0.7470220454133782,0.7587916418088305,0.625777807442143,0.35898076253216926,observe,0.44800341608161354,0.3333333333333333,True,True,-0.04361980416629446,0.0,,,,0.0,0.5,normal
1780726037.6254954,data-INF,3,0.5071890713550948,0.8559533533592427,0.9031823252006619,0.7564415423071225,0.3490030001515715,0.7583722290209179,0.7492103919496286,0.7494650077236709,0.756538882176781,0.6267723083370096,0.3598789603629421,observe,0.42894844457789894,0.3333333333333333,True,True,-0.030844144438377505,0.0,,,,0.0,0.5,normal
1780726037.6257284,data-INF,4,0.5095771029183764,0.8573086632311535,0.8969334161591906,0.7561913794866897,0.3463523434681986,0.748348194967079,0.7582640575937845,0.7397385387125748,0.7514127629690357,0.6220821431312662,0.35640088416590177,observe,0.40472072403197085,0.3333333333333333,True,True,-0.02227462495905425,0.0,,,,0.0,0.5,normal
1780726037.6259758,data-INF,5,0.5100326556538695,0.8577775737696751,0.8907835487764366,0.7518751389831095,0.3452258018683395,0.7461655590966836,0.7526611156527394,0.7346933061171272,0.751149180303573,0.6166826383000854,0.3581878018158547,observe,0.38470978514279,0.3333333333333333,True,True,0.03288475158830655,0.0,,,,0.0,0.5,normal
1780726037.6261988,data-INF,6,0.5114556436769939,0.8586280002887774,0.8862473982447209,0.7512933424373848,0.3408788514415344,0.7512561360368452,0.7452808865851069,0.7361109444573638,0.7488879338369869,0.627946446826198,0.36100999648733767,express,0.3784721282089851,0.3333333333333333,True,True,0.0015794679820808136,0.0,,,,0.0,0.5,normal
1780726037.6264198,data-INF,7,0.5156347175661465,0.8546004427245855,0.8910274069623322,0.752679774765442,0.3366984530870291,0.7499438501995762,0.746893925833345,0.7461234920549775,0.747374562723781,0.6330955970930376,0.3580393136403234,observe,0.35872308976736006,0.3333333333333333,True,True,-0.04504680168292858,0.0,,,,0.0,0.5,normal
1780726037.6266484,data-INF,8,0.5195458784768509,0.854967472022171,0.8881271252564105,0.7447593698185585,0.3408203286518374,0.748314673780936,0.7449868036467711,0.7402827522314483,0.7518759160448295,0.6268447669208769,0.3628707683322125,observe,0.34451881482519536,0.3333333333333333,True,True,0.0690880785723805,0.0,,,,0.0,0.5,normal
1780726037.6268675,data-INF,9,0.5204880855152892,0.8601215971259031,0.8929516823505755,0.7419985833367547,0.3385495844736778,0.7572127109263248,0.7550174368225133,0.7452524803066873,0.7562144890700695,0.6503400628463148,0.3564394257146708,reach_out,0.3531860550742484,0.3333333333333333,True,True,0.027506863083477644,0.0,,,,0.0,0.5,normal
1780726037.6270883,data-INF,10,0.5208252351804861,0.8626579518360082,0.8948006836559819,0.7393933751262179,0.3363564993065179,0.7559395445091759,0.7454158771816856,0.7515296492784804,0.7620592073715228,0.6554034727305511,0.3544135413096286,observe,0.33606076854397315,0.3333333333333333,True,True,-0.06543914147599371,0.0,,,,0.0,0.5,normal
1780726037.6273084,data-INF,11,0.5175421060348112,0.8641293481858079,0.8944312338410005,0.7363687331041038,0.3373398030745008,0.7675301848895472,0.7464965482358357,0.7447316595737706,0.7540604525294284,0.679742413859315,0.3643226301004766,reach_out,0.34470222950550783,0.3333333333333333,True,True,0.03137746458681123,0.0,,,,0.0,0.5,normal
1780726037.6275406,data-INF,12,0.5189925495626994,0.863768065086433,0.8884336669738774,0.7403121960458506,0.33573665543019643,0.7803145174944481,0.7356013861453364,0.7489580622684164,0.7594692841597512,0.6911207853976459,0.37042792043764067,express,0.341355671018092,0.3333333333333333,True,True,-0.020354795537421713,0.0,,,,0.0,0.5,normal
1780726037.6277633,data-INF,13,0.5231328941476201,0.8686418579562799,0.8854914630782778,0.7437110261708417,0.3366745997652289,0.7946682611922505,0.7404446899737559,0.7612737950668931,0.7604513998075045,0.6980594755297204,0.37128019185494077,express,0.336540201531877,0.3333333333333333,True,True,0.05958911259656095,0.0,,,,0.0,0.5,normal
1780726037.6279798,data-INF,14,0.5332715968140421,0.8734367675254084,0.8843693995428433,0.7417334185103143,0.3337971296312446,0.8034504456619628,0.7461827223398256,0.7564179433383639,0.7584987395718065,0.7012360434152535,0.37503051772792123,express,0.3277795486518147,0.3333333333333333,True,True,0.05769063528261341,0.0,,,,0.0,0.5,normal
1780726037.628211,data-INF,15,0.5352337360508526,0.8769952614737064,0.8914979028997484,0.7466027790120698,0.3373164670908708,0.81374255471871,0.7499508993867297,0.7540940830312838,0.7598572946286842,0.7113323382310657,0.37176286309549766,express,0.31900028699303257,0.3333333333333333,True,True,0.07282395390634618,0.0,,,,0.0,0.5,normal
1780726037.6284513,data-INF,16,0.5398177527256933,0.8738384498772457,0.8923205784469107,0.7476463674805283,0.34027402458861505,0.8300665584699738,0.7471927944783984,0.7540033796218532,0.760574702933012,0.7209632724314338,0.36697444828307546,express,0.3145640969412361,0.3333333333333333,True,True,0.07124042416704571,0.0,,,,0.0,0.5,normal
1780726037.6286862,data-INF,17,0.5340954387223336,0.8778806578997687,0.8908652809492562,0.7470126466374746,0.33982685074216007,0.8329881282216293,0.7625716616652771,0.7423434496413853,0.7584118803380275,0.7224571341013492,0.37603689625215364,observe,0.30016613525474317,0.3333333333333333,True,True,-0.12952979820410607,0.0,,,,0.0,0.5,normal
1780726037.628931,data-INF,18,0.5369460498520444,0.8799265527480138,0.8910312232904586,0.7470085398164703,0.33554601620627084,0.8299657727328961,0.7625501644203267,0.7452717358337375,0.7659985482857429,0.718083469334859,0.36975078938442624,observe,0.2888288488060002,0.3333333333333333,True,True,0.05367091963585986,0.0,,,,0.0,0.5,normal
1780726037.6291592,data-INF,19,0.5377995176333643,0.8778154432063485,0.8918558692127162,0.7466286507246637,0.33310647025499046,0.8451328519188359,0.7653252943449557,0.7513183385478743,0.7685570778980184,0.7394938996783423,0.3753441514362766,reach_out,0.30273865444839815,0.3333333333333333,True,True,0.0027844260123242454,0.0,,,,0.0,0.5,normal
1780726037.629375,data-INF,20,0.5490155964365324,0.8753132179739006,0.8967593915397086,0.7474197062879312,0.33399379139907415,0.8554216461151354,0.7617646831365871,0.7494119617897035,0.7743793714066668,0.7478929683470152,0.374299997656292,express,0.2971763199213595,0.3333333333333333,True,True,0.04109050090064283,0.0,,,,0.0,0.5,normal
1780726037.6296134,data-INF,21,0.5487862171155435,0.8730430027135938,0.8962259370823333,0.7415948080025927,0.33568994020438664,0.8583324284941417,0.7689337135020937,0.7504801377796855,0.7754144667549804,0.7512916787641563,0.37758743621601604,observe,0.2835081226303994,0.3333333333333333,True,True,-0.05827851692506852,0.0,,,,0.0,0.5,normal
1780726037.629846,data-INF,22,0.5475261403091385,0.8780885213806008,0.9003976008229893,0.7436483298066571,0.33723573929865386,0.8637783441177507,0.76662718846609,0.7514088206471798,0.7774061361112751,0.7745204545374251,0.3772346814417097,reach_out,0.28905275670289327,0.3333333333333333,True,True,-0.028569555039022285,0.0,,,,0.0,0.5,normal
1780726037.6300614,data-INF,23,0.5515894003132185,0.879058086996881,0.8997862527069673,0.7417123894692297,0.33817484322724534,0.8797777658429555,0.7646350155228552,0.7469896789009078,0.7745871114577719,0.786847477127506,0.381917274523326,express,0.2869440222851207,0.3333333333333333,True,True,0.005494954514910486,0.0,,,,0.0,0.5,normal
1780726037.6302886,data-INF,24,0.5559572142294442,0.8814323405672578,0.9036067327861498,0.7422930795707902,0.3453995046150944,0.897563444948044,0.7651083121358014,0.7361048743032828,0.7645902036749904,0.797548185947046,0.3858698470747173,express,0.2818908092844881,0.3333333333333333,True,True,0.03451175376206628,0.0,,,,0.0,0.5,normal
1780726037.6305041,data-INF,25,0.5481714686531762,0.8802581248487839,0.8992831790879962,0.7384881352755571,0.34586864311436416,0.9022166960431881,0.7647667554069308,0.7356365163378539,0.7634467042210136,0.8192422089915623,0.3893487921347056,reach_out,0.29215707617874254,0.3333333333333333,True,True,0.040032738334747284,0.0,,,,0.0,0.5,normal
1780726037.6307192,data-INF,26,0.5527418274285207,0.87841553996788,0.8947103320921587,0.7393193258853408,0.34384955488647445,0.9155135400419341,0.7627819354484427,0.7403911937190193,0.7617654538471332,0.8339573945600371,0.38935599344416966,express,0.28386953075614013,0.3333333333333333,True,True,0.06665870262983503,0.0,,,,0.0,0.5,normal
1780726037.6309302,data-INF,27,0.5564843867439865,0.8771835141655671,0.8945316337067233,0.7374717151362832,0.34307909152956606,0.9146527244893237,0.7662974382445981,0.7344652373792494,0.759084082141544,0.8356835567654792,0.39139799883982235,observe,0.2725710757939833,0.3333333333333333,True,True,-0.0652341999754119,0.0,,,,0.0,0.5,normal
1780726037.6311407,data-INF,28,0.5620903237304171,0.8781792998073585,0.8961452952631188,0.7393264873209892,0.33942726397508177,0.9294107077366335,0.7771343548825452,0.7361955874974967,0.7620641827462354,0.8522324764506247,0.392085108732412,express,0.2715549019532982,0.3333333333333333,True,True,0.056686704650916665,0.0,,,,0.0,0.5,normal
1780726037.631375,data-INF,29,0.5614536707402239,0.878426057651889,0.8987055185860005,0.7365520856796005,0.3402603394329502,0.9368293072043476,0.7697004675120014,0.7370609897020965,0.7650607728080675,0.8742940042201708,0.3956238843136461,reach_out,0.2835279192328552,0.3333333333333333,True,True,0.015343218545335048,0.0,,,,0.0,0.5,normal
1780726037.6315877,data-INF,30,0.5623565065873742,0.8802263738434644,0.8963376676627075,0.734858425612765,0.33638210599308643,0.9484770871871453,0.7737615041338205,0.7346780191925487,0.7742590121468259,0.8764060726216579,0.39033508323697197,express,0.279575209984648,0.3333333333333333,True,True,0.005329718371434103,0.0,,,,0.0,0.5,normal
1780726037.6317985,data-INF,31,0.5640414252078586,0.8804142214139815,0.8969116211865508,0.7332767998821605,0.3379932610775971,0.9515580468242516,0.7647311466399305,0.7367374152696914,0.7804893275037941,0.8694078599952542,0.3930736521188405,observe,0.26859492947878316,0.3333333333333333,True,True,0.0790793083691812,0.0,,,,0.0,0.5,normal
1780726037.632008,data-INF,32,0.5581838864484978,0.8826726649512482,0.8940627611996137,0.7306199673382848,0.33516820027477373,0.9551451963906132,0.7661462139606287,0.7343097057273398,0.7936969234728914,0.8726645512855832,0.3964700226194038,observe,0.2574552868735949,0.3333333333333333,True,True,-0.05662801701924913,0.0,,,,0.0,0.5,normal
1780726037.6322157,data-INF,33,0.5528579734495349,0.8821736208587261,0.8919283342860616,0.7263424095083048,0.3360821416132508,0.9508032412646835,0.7649604934159788,0.7354918949872093,0.7984494772979082,0.875455245647273,0.3885045630632677,observe,0.24782587560863117,0.3333333333333333,True,True,-0.06999520511935207,0.0,,,,0.0,0.5,normal
1780726037.6324406,data-INF,34,0.5594751404122026,0.879739223898357,0.8926659397414469,0.730155796556907,0.3366827334361773,0.9633822757994177,0.7680400584881245,0.7394620968215555,0.8096877916304198,0.8777525953809098,0.39327753743699184,express,0.24660184123325665,0.3333333333333333,True,True,0.0726509510788549,0.0,,,,0.0,0.5,normal
1780726037.6326528,data-INF,35,0.5571052631218123,0.8779690076643433,0.8985851254388582,0.7324733576937487,0.3398436149469627,0.9673425698757147,0.770404270225539,0.7363036517021486,0.8072942387257095,0.8757606807942393,0.38921728273234996,observe,0.23213323666139657,0.3333333333333333,True,True,0.024175480802817964,0.0,,,,0.0,0.5,normal
1780726037.6329753,data-INF,36,0.5569956012140591,0.877102147221168,0.9014867062437608,0.7374498644319663,0.34272928144030895,0.9721939042777636,0.7703197721778225,0.7326946395033652,0.8128656574143909,0.8699038597268044,0.39179756186108317,observe,0.22077465157805712,0.3333333333333333,True,True,0.02474425521176805,0.0,,,,0.0,0.5,normal
1780726037.6332474,data-INF,37,0.5517567811005885,0.8785696645510388,0.9062099940058713,0.7321292356280271,0.34197385653338686,0.9832863060457544,0.7786340908182685,0.7364916107542829,0.8105245513886282,0.8933737219502851,0.39568835547828346,reach_out,0.23686183835745028,0.3333333333333333,True,True,0.02813779444719252,0.0,,,,0.0,0.5,normal
1780726037.6334908,data-INF,38,0.5565131257870828,0.8745406562403266,0.9088124552408063,0.7299237381501066,0.3420856138405153,0.9870936369880394,0.7768874561541018,0.7364868858670968,0.8123088859972659,0.9052012701209216,0.4110391925753238,express,0.2341402178883436,0.3333333333333333,True,True,0.06986744591857912,0.0,,,,0.0,0.5,normal
1780726037.6337051,data-INF,39,0.5565015684473233,0.8762843778735495,0.9126842032554667,0.7282823179590842,0.3426801815868019,0.9887378509955428,0.7775853214181814,0.7286745564645997,0.815319444155753,0.905148848726109,0.40987225411344413,observe,0.2224354879907798,0.3333333333333333,True,True,0.03917816950022969,0.0,,,,0.0,0.5,normal
1780726037.6339164,data-INF,40,0.5588736139126412,0.8764090183766584,0.9167403134190738,0.7324539971531866,0.3412003969791852,0.9913080700752106,0.7809411498657002,0.7394906943590054,0.8161836829445603,0.9074370543354031,0.4215104503778741,observe,0.21214210290074062,0.3333333333333333,True,True,0.009087852126979564,0.0,,,,0.0,0.5,normal
1780726037.634132,data-INF,41,0.5617426143298073,0.8786441181093274,0.9223487050681283,0.7308756198629701,0.34137583023750023,0.9833304070397152,0.7802081176278586,0.7336622042405159,0.8230504079193314,0.9002503327457816,0.4155277308320273,observe,0.19850539266653816,0.3333333333333333,True,True,0.04594929641129894,0.0,,,,0.0,0.5,normal
1780726037.6343575,data-INF,42,0.5605863784028995,0.8828435076681806,0.9241140488600391,0.7326330658893822,0.33713142319188777,0.9812871997012672,0.7804961974325505,0.7352925827967227,0.8213656202945812,0.9036483117554643,0.408518742979393,observe,0.19007522370734606,0.3333333333333333,True,True,0.06561975326192342,0.0,,,,0.0,0.5,normal
1780726037.634578,data-INF,43,0.564036308362346,0.8798798586042538,0.9217575612070756,0.7301478980807868,0.3339843830556804,0.9748728155769617,0.7782395280641701,0.7368861834567743,0.8153579600506656,0.8969756538762029,0.4056410257121945,observe,0.18015452467955897,0.3333333333333333,True,True,-0.022621473787174322,0.0,,,,0.0,0.5,normal
1780726037.6348364,data-INF,44,0.5665775597114617,0.875950684928435,0.919674611814258,0.7309555131156705,0.34044525916827056,0.9759005970853795,0.7708404768957248,0.7403935148041744,0.8142294296861016,0.8866409852828965,0.4014006801127912,observe,0.17119235208759703,0.3333333333333333,True,True,0.007972046457488302,0.0,,,,0.0,0.5,normal
1780726037.6350577,data-INF,45,0.5630168106724424,0.8693709578621623,0.9136810648699583,0.7290305610754937,0.34049330622882445,0.9721518398072542,0.7786280822820936,0.7437743881386143,0.8158464692379529,0.8839392417295752,0.4010479087072724,observe,0.15964392360471522,0.3333333333333333,True,True,0.04068441119566806,0.0,,,,0.0,0.5,normal
1780726037.6352723,data-INF,46,0.5630256855637527,0.8730111595072402,0.9125499337425869,0.7321256314845191,0.33966719590353245,0.9799183841067797,0.779553061482778,0.7501153262811959,0.8137156469957294,0.8880149122152362,0.39602352168613797,express,0.15925617948661638,0.3333333333333333,True,True,0.08875504638411919,0.0,,,,0.0,0.5,normal
1780726037.635489,data-INF,47,0.5701754975091762,0.8705339121775748,0.9136095565583672,0.7351785516305587,0.33531005981957845,0.9943495783336651,0.774193284329324,0.7573603927182976,0.8104126469283406,0.9024946442262669,0.4072259478990899,express,0.16370326264127794,0.3333333333333333,True,True,0.05030974392992323,0.0,,,,0.0,0.5,normal
1780726037.6357138,data-INF,48,0.5747468446861687,0.8714812479989106,0.909390327744473,0.7344051896475123,0.33674220770620605,1.0,0.7742915822047315,0.7526301253687734,0.8132028865862679,0.9170737252026798,0.40579003644009465,express,0.16199266461031714,0.3333333333333333,True,True,0.009921158051748882,0.0,,,,0.0,0.5,normal
1780726037.6359446,data-INF,49,0.5751082353594115,0.8708862586013979,0.9104316429688654,0.7361962141156388,0.3379970607453506,0.999135064020803,0.7692160675458392,0.7572203474186514,0.8197667697285107,0.918216961700776,0.40626162818713746,observe,0.15749581019887854,0.3333333333333333,True,True,0.0282012409416503,0.0,,,,0.0,0.5,normal
1780726037.6361642,data-INF,50,0.5741621835238838,0.8723001476777975,0.9067486265336012,0.7338082730408786,0.334765185998271,1.0,0.7706339601261841,0.759074570576743,0.8164672425704512,0.9180309495379546,0.4043180687878986,observe,0.15139775329565244,0.3333333333333333,True,True,0.06216118233059797,0.0,,,,0.0,0.5,normal
1780726037.636383,data-INF,51,0.5777672469852527,0.8766212959693738,0.9090359169097176,0.7367770232102205,0.3357138487731415,1.0,0.769435159291475,0.7620403493352692,0.8205757739882171,0.9327283836072064,0.4104279540212796,express,0.15258103934616543,0.3333333333333333,True,True,0.059773553251110605,0.0,,,,0.0,0.5,normal
1780726037.6366086,data-INF,52,0.5847025677205887,0.8771480971650614,0.9079152528118285,0.7318049231580294,0.3340067302190217,1.0,0.7661062472588384,0.7558921904654191,0.8262649173122266,0.9314628435289987,0.4128258873877574,observe,0.14439062738079125,0.3333333333333333,True,True,0.09069913447342497,0.0,,,,0.0,0.5,normal
1780726037.636821,data-INF,53,0.5802113260524718,0.8794540357160616,0.9058946777315804,0.7365658113838981,0.3275139887295687,0.9876574228144577,0.7698958368496388,0.7591131969701099,0.8144115090123297,0.9265113625210362,0.40974722977216366,observe,0.13877974975174825,0.3333333333333333,True,True,-0.05770281329347318,0.0,,,,0.0,0.5,normal
1780726037.637036,data-INF,54,0.5817578663481138,0.8813338762283182,0.905274027531905,0.7420409504920142,0.32604997457842083,0.9855547599057041,0.7761112468547864,0.7582075821107388,0.8084215212177818,0.9275949669837789,0.41016295979111994,observe,0.13111316824086527,0.3333333333333333,True,True,0.020797035872992167,0.0,,,,0.0,0.5,normal
1780726037.637251,data-INF,55,0.576401325381496,0.8783822250141531,0.9037562090617847,0.738436061391684,0.32311736679814906,0.981550202140169,0.772613206795115,0.7564877863414801,0.8068920844117929,0.9206024253630372,0.4179793664613188,observe,0.124522643371157,0.3333333333333333,True,True,-0.027429222032484053,0.0,,,,0.0,0.5,normal
1780726037.6374788,data-INF,56,0.580013660253883,0.8751481456155581,0.9027441295749843,0.741259722390122,0.31836378478444555,0.9886701182956524,0.7714293329306654,0.7595889074052258,0.8113002836798656,0.9357116795938084,0.41651748744464334,express,0.12792135586538236,0.3333333333333333,True,True,0.08558254183907829,0.0,,,,0.0,0.5,normal
1780726037.6376965,data-INF,57,0.5839453387926478,0.8770904321012367,0.8969781995446025,0.7465303533362525,0.30975328129468016,0.9920752006974243,0.7798772747726274,0.7578232994121938,0.8116063104095554,0.9444643894204966,0.4156751565792485,express,0.1327395480848706,0.3333333333333333,True,True,-0.013125344230308617,0.0,,,,0.0,0.5,normal
1780726037.6379142,data-INF,58,0.5816060921419349,0.8754867115571912,0.8957436635897688,0.7469052792139544,0.3048033783090823,0.9986811745499197,0.7772511313826715,0.7564580193723797,0.8161635383985887,0.9753879376244474,0.41740294927092114,reach_out,0.15243167429943683,0.3333333333333333,True,True,0.0726198858291154,0.0,,,,0.0,0.5,normal
1780726037.6381261,data-INF,59,0.586642121253065,0.8783756468803329,0.8904445933012496,0.7501502800647075,0.30390972410769046,0.999313423191139,0.7717187104423082,0.7587296136042572,0.8104038971438837,0.9637251386603551,0.4203794451869491,observe,0.14141752645318004,0.3333333333333333,True,True,-0.08052495727888685,0.0,,,,0.0,0.5,normal
1780726037.638359,data-INF,60,0.5881850228790445,0.8775513530514485,0.8942121129850295,0.751260699460922,0.30110811279111116,1.0,0.7704068846011064,0.7579908549834579,0.8232273480016497,0.9616460484548511,0.4138067504273987,observe,0.1357889201040714,0.3333333333333333,True,True,0.039503985353987706,0.0,,,,0.0,0.5,normal
1780726037.638571,data-INF,61,0.5897242022169125,0.8784882072193186,0.8964884747061893,0.7504201645274042,0.2994896717854212,0.9972851439604563,0.7750580392458897,0.7522886625764381,0.8212994802128318,0.9623947537716863,0.4132920670712422,observe,0.12846573519351656,0.3333333333333333,True,True,-0.05944554045983076,0.0,,,,0.0,0.5,normal
1780726037.6387835,data-INF,62,0.5889960645706455,0.8778539438400267,0.8964616825661094,0.7510060044891448,0.30288254205917214,1.0,0.7848382967124808,0.751927038038961,0.8176779659362695,0.9760411567468172,0.4166048694330402,express,0.13412755466473353,0.3333333333333333,True,True,0.025611126592658608,0.0,,,,0.0,0.5,normal
1780726037.6390362,data-INF,63,0.5873515260444183,0.8819424185770923,0.8921070353863705,0.7536956641691283,0.2946929008999456,0.9974616160335137,0.7868505702699744,0.7526372523039848,0.817122674305744,0.9776408059098309,0.41257924542604396,observe,0.12418221733593074,0.3333333333333333,True,True,0.06024360838903786,0.0,,,,0.0,0.5,normal
1780726037.6392522,data-INF,64,0.5952563379201052,0.8816191764307681,0.8932235925012063,0.7544708114487688,0.2972737904172019,1.0,0.7930000521233734,0.7497587799327077,0.8171818419673027,0.986097514588358,0.4119741731430327,express,0.13087458616144582,0.3333333333333333,True,True,0.019305456406547978,0.0,,,,0.0,0.5,normal
1780726037.6394641,data-INF,65,0.5938992792582212,0.8829976227354506,0.8860084702208944,0.758265711035449,0.2968063085026804,1.0,0.7973099984907456,0.7414269405007792,0.8199029899921622,0.9964959192316047,0.41454101322002396,observe,0.12243403069176513,0.3333333333333333,True,True,-0.02175976972190337,0.0,,,,0.0,0.5,normal
1780726037.6396797,data-INF,66,0.59276685968767,0.8848121506332713,0.8835402582808509,0.7582878227775687,0.2932081666014415,1.0,0.7884840448400072,0.7415371242462062,0.8186658811830831,1.0,0.4160289834648359,observe,0.11800785543108974,0.3333333333333333,True,True,0.06224475346229857,0.0,,,,0.0,0.5,normal
1780726037.6398876,data-INF,67,0.5931747968959121,0.8854276782962782,0.8835620077581569,0.7565091443441117,0.2922762985961909,0.9964512038454608,0.7936952633141209,0.7441512863536173,0.8259223340402608,1.0,0.4150800495889924,observe,0.11440425963034832,0.3333333333333333,True,True,0.08800670194413172,0.0,,,,0.0,0.5,normal
1780726037.640102,data-INF,68,0.5946005021190025,0.8864351017740235,0.8846888077280649,0.755003774583934,0.29184900737979713,0.99848222493,0.7900180506265309,0.7378606836270365,0.8318189118493753,1.0,0.4118481927783581,observe,0.11203735055748888,0.3333333333333333,True,True,-0.047618374981780426,0.0,,,,0.0,0.5,normal
1780726037.640314,data-INF,69,0.5963924332096191,0.8878891358310298,0.8847895376634244,0.7539175134416402,0.2944371758111902,1.0,0.7981493479867818,0.7374553957343722,0.8332366287590856,1.0,0.4179272672650358,express,0.11596387248603392,0.3333333333333333,True,True,0.01380645081342776,0.0,,,,0.0,0.5,normal
1780726037.6405823,data-INF,70,0.5951708332433727,0.8858163760904973,0.8825912050872496,0.7524895602734246,0.29742102506167334,1.0,0.7995034195305717,0.7393174530885732,0.8348961004215804,1.0,0.42443780169640744,observe,0.11132249107860394,0.3333333333333333,True,True,-0.05608227289977137,0.0,,,,0.0,0.5,normal
1780726037.6408074,data-INF,71,0.5945420646390371,0.8884960379802109,0.8819055623053962,0.7570689788697832,0.29758460130686404,0.9979856106402095,0.7903628569566864,0.7387855583949056,0.8382045803540372,0.9954132492444487,0.43184622222941954,observe,0.10440795886673986,0.3333333333333333,True,True,-0.008876671190149406,0.0,,,,0.0,0.5,normal
1780726037.6410553,data-INF,72,0.5917408568682018,0.8875785872657161,0.8818046108876839,0.7605450281894045,0.3016811028026455,1.0,0.792586370033554,0.7398122284483734,0.8485807656615941,1.0,0.4378073827353382,reach_out,0.1220690050847471,0.3333333333333333,True,True,0.025307460661225935,0.0,,,,0.0,0.5,normal
1780726037.6412702,data-INF,73,0.5948317253547001,0.8889900818696785,0.8844432769325422,0.7571948051470985,0.3005194698817932,1.0,0.7944409430128807,0.7365106895199544,0.8479528976821749,1.0,0.43863075198293017,express,0.12420173652098766,0.3333333333333333,True,True,-0.020564707581511493,0.0,,,,0.0,0.5,normal
1780726037.6414962,data-INF,74,0.597201630194748,0.8876703910569227,0.8840778068786451,0.7588610747772642,0.29704896691492705,0.9903841824313327,0.7990889811682449,0.7370423694314254,0.8420130643262036,0.9914166405470675,0.44078634135893013,observe,0.11602772797853625,0.3333333333333333,True,True,-0.057479262624983256,0.0,,,,0.0,0.5,normal
1780726037.6417193,data-INF,75,0.6060461196761879,0.8834314873072389,0.8863709194357007,0.7632811244804097,0.2989910000174058,1.0,0.7955396398273342,0.7332762653563307,0.8383120958023866,0.9975849124742637,0.4434166816482781,express,0.12323547026895246,0.3333333333333333,True,True,0.05718550051019087,0.0,,,,0.0,0.5,normal
1780726037.6419468,data-INF,76,0.6054852289034781,0.8820069535375707,0.8843029001198032,0.7651211295067786,0.299616518661773,1.0,0.8058086954210116,0.7375998478326117,0.8416832438760894,1.0,0.44294896679860385,express,0.12764738235707357,0.3333333333333333,True,True,0.08141692062282153,0.0,,,,0.0,0.5,normal
1780726037.6421652,data-INF,77,0.6074244418945683,0.8817375757636415,0.8763590534400147,0.7560632403325688,0.30019789494082466,1.0,0.8077938181574893,0.7469870198636688,0.8509254338407011,1.0,0.4650935489081681,withdraw,0.12521357753011741,1.0,True,True,0.6238008694170778,0.0,,,,0.0,0.5,normal
1780726037.6423838,data-INF,78,0.6129936576154239,0.8695410811707762,0.8654888927825357,0.6370479137450368,0.2791341383383573,1.0,0.7117684525454084,0.6474090079023096,0.8514913030113128,1.0,0.5535444003154955,hold,0.12014014735842993,1.0,True,True,0.8067525512473906,0.0,,,,0.0,0.5,normal
1780726037.6425984,data-INF,79,0.6155881406407704,0.8759009234213527,0.8541695483021862,0.6353511126437413,0.2770302233692148,1.0,0.7211670122390309,0.6397014082733972,0.8532110757513441,0.9974610001271058,0.5819936332576866,withdraw,0.12298225749460703,1.0,True,True,0.5668883397757469,0.0,,,,0.0,0.5,normal
1780726037.6428096,data-INF,80,0.6133901372364804,0.8824287916951395,0.8442059474408227,0.6298818782104084,0.27886380461019206,1.0,0.722795824194635,0.6355207293989655,0.8538735981076865,1.0,0.6036921346268344,withdraw,0.1228449824759126,1.0,True,True,0.7436336909582956,0.0,,,,0.0,0.5,normal
1780726037.6430204,data-INF,81,0.6106799881511289,0.885063267988181,0.8376333274726471,0.624772322004788,0.27352113378451504,1.0,0.7235698969898141,0.6355194858568917,0.8557603835433716,0.9894276490761333,0.6197499818118885,withdraw,0.12086606756665959,1.0,True,True,0.6968044014804832,0.0,,,,0.0,0.5,normal
1780726037.6432316,data-INF,82,0.6143606295040446,0.8872833618998772,0.831286015400591,0.6250258008767031,0.27370107000824523,0.9975107695620291,0.7172999844475096,0.6337753438862448,0.8480694829201322,0.993871199965111,0.6527586914245781,withdraw,0.1202793999403733,1.0,True,True,0.5857484846788514,0.0,,,,0.0,0.5,normal
1780726037.64346,data-INF,83,0.5941559483498509,0.9216309283910978,0.807083953299626,0.6449957741989446,0.22570336037555144,1.0,0.712390333528721,0.6897528716539346,0.7756541927818547,0.9462055671789176,0.630986201099463,hold,0.11508920399915591,1.0,True,True,0.8647211958402894,0.0,,,,0.0,0.5,normal
1780726037.643678,data-INF,84,0.5916155683442414,0.9259048765864282,0.8100620645936742,0.6417052478801281,0.23060105961596436,1.0,0.7195536926217463,0.6869552497800161,0.7715045420978233,0.9431173116302849,0.6358856824947273,repair,0.1260538626131865,0.3333333333333333,True,True,0.11820079833130212,0.0,,,,0.0,0.5,normal
1780726037.643891,data-INF,85,0.5935859921824855,0.9314847536429043,0.8112851651968171,0.6458930061173156,0.23136589093945403,1.0,0.7233807859282724,0.6809846162428502,0.7772904793433282,0.9458393611070395,0.6416878135430758,repair,0.13694403450394338,0.3333333333333333,True,True,0.08437888814820235,0.0,,,,0.0,0.5,normal
1780726037.6441143,data-INF,86,0.5967437286362666,0.9276324717731256,0.8123772066559204,0.6513778892185178,0.23757517201463604,1.0,0.7251656774601031,0.6727837422195196,0.7737364837904533,0.938901452983813,0.6515834898500571,repair,0.14503539741852337,0.3333333333333333,True,True,0.08680895864920117,0.0,,,,0.0,0.5,normal
1780726037.6443286,data-INF,87,0.593543774168734,0.9283850407257924,0.8166976166890784,0.6544174443429535,0.24510218490155206,1.0,0.7200953287577398,0.6685143067646427,0.774389222474603,0.9408316491328108,0.6544685224533962,repair,0.15582774075731584,0.3333333333333333,True,True,0.1047367514275373,0.0,,,,0.0,0.5,normal
1780726037.6445515,data-INF,88,0.5917098615199032,0.9272142019964434,0.8233775391678232,0.6548101630208385,0.24730985540058045,1.0,0.7162326930011278,0.6597438833512868,0.7672817308633892,0.9324106989824856,0.6544925968647823,repair,0.1613234971090382,0.3333333333333333,True,True,0.12947009930390693,0.0,,,,0.0,0.5,normal
1780726037.6447604,data-INF,89,0.5898578099601736,0.9280838091007196,0.8231175934718081,0.6630471848821795,0.2500937744502237,1.0,0.7102688871860489,0.6628812679620083,0.7623034271346146,0.9279622007167464,0.6517452847030987,repair,0.16841124566778662,0.3333333333333333,True,True,0.11716975638502133,0.0,,,,0.0,0.5,normal
1780726037.6449869,data-INF,90,0.5916357214371598,0.9257185386969592,0.8307211646594703,0.65566888805468,0.25415344402131945,1.0,0.7190034498486207,0.6724023715800133,0.7606114730883625,0.9226244810527662,0.6574340676618654,repair,0.17639668325907903,0.3333333333333333,True,True,0.18460831623110519,0.0,,,,0.0,0.5,normal
1780726037.6452034,data-INF,91,0.5949996868259871,0.9255291932997941,0.8298604288216562,0.6610288336349004,0.2596946382975347,1.0,0.7142500736363171,0.6745074512214306,0.7577609083542559,0.9183859805801724,0.6509995159938977,repair,0.17930539026638073,0.3333333333333333,True,True,0.07906188337338522,0.0,,,,0.0,0.5,normal
1780726037.6454148,data-INF,92,0.5918488666255963,0.9249269039837967,0.8290942437951513,0.6573186910255739,0.26581165656964373,1.0,0.7179415874061156,0.6703229035173722,0.7613786756740244,0.907470541024622,0.6471107311302494,repair,0.1831713386566954,0.3333333333333333,True,True,0.15687732542118174,0.0,,,,0.0,0.5,normal
1780726037.6456249,data-INF,93,0.5891151311489703,0.9223753120081815,0.8334360606363226,0.6561597142583878,0.2659506505209317,1.0,0.7195551972897525,0.6725018584379492,0.7569634743861235,0.9230399061811944,0.6512959929900304,reach_out,0.19440735323424224,0.3333333333333333,True,True,0.03752363182511088,0.0,,,,0.0,0.5,normal
1780726037.6458359,data-INF,94,0.591273640496871,0.9232910758842375,0.8345851682745871,0.6597602433179625,0.2638429737068504,1.0,0.7248809140033572,0.6787833242712454,0.759963615581131,0.9408855756402763,0.6527184166477971,reach_out,0.20737365341357644,0.3333333333333333,True,True,0.0229117976768113,0.0,,,,0.0,0.5,normal
1780726037.646045,data-INF,95,0.5981100390853783,0.9263320126317737,0.8360214519321234,0.6647294027500783,0.26494579909731897,1.0,0.7201370170153546,0.6736524690802127,0.7582404284668595,0.9488537742941215,0.6508883622207433,express,0.20868321016488015,0.3333333333333333,True,True,-0.00035314979585625295,0.0,,,,0.0,0.5,normal
1780726037.646256,data-INF,96,0.6002523126135746,0.9284514746765018,0.8374100644929495,0.6658594711632077,0.2631630210314776,1.0,0.7203867144912911,0.6774513774402627,0.7540233736364522,0.9595406420082184,0.6451560667937521,reach_out,0.22124710534218323,0.3333333333333333,True,True,0.046004575511355505,0.0,,,,0.0,0.5,normal
1780726037.6464798,data-INF,97,0.5976928984105689,0.9289067199686745,0.8412399585847431,0.6644735954171499,0.2640099269609114,0.9985864797475813,0.714254161639346,0.677956254828205,0.7520922370460641,0.9551922541180989,0.6459204194461443,observe,0.21063448217081332,0.3333333333333333,True,True,-0.04919920725737266,0.0,,,,0.0,0.5,normal
1780726037.6467044,data-INF,98,0.5993182448713542,0.9258607582442289,0.8445665484136446,0.6667273903140977,0.2630394974091275,0.9971926569045059,0.7219209676808727,0.6832664847545141,0.7527906519385247,0.9578253934788831,0.641179035953338,observe,0.19779027828178486,0.3333333333333333,True,True,0.016190437225368542,0.0,,,,0.0,0.5,normal
1780726037.646924,data-INF,99,0.5957286298199069,0.9249755050999662,0.8464194725369851,0.6673871495093533,0.2591333875842888,1.0,0.719097304915469,0.6765661871222047,0.7559760973244919,0.9867695249944435,0.645694206666095,reach_out,0.21262889581018604,0.3333333333333333,True,True,-0.05269334076285501,0.0,,,,0.0,0.5,normal
1780726037.6472917,data-IST,0,0.1950591226863352,0.6979742861265616,0.4954031039041179,0.997156195655728,0.19875405017856576,0.2965781935480747,0.9943926259486895,0.4960701987160545,0.8934068289649475,0.10921143919120338,0.9995599524955711,observe,0.018712860845886137,0.3333333333333333,True,True,0.08166286505030082,0.0,,,,0.0,0.5,normal
1780726037.6475205,data-IST,1,0.1956438825435384,0.6965240696958901,0.5004297844324609,0.9955464152082854,0.1992909146906941,0.30227782768476746,0.9981404579262291,0.5029144066770013,0.9014639909442645,0.12659976867540032,0.9947381429419723,reach_out,0.04306642160846157,0.3333333333333333,True,True,0.04367661079999423,0.0,,,,0.0,0.5,normal
1780726037.6477404,data-IST,2,0.19143772187341132,0.7013358760121604,0.49362185119520297,0.9911149829309218,0.20687926232021792,0.30026554876491923,0.9885103393002744,0.4959585646189727,0.8990944500427132,0.12225024553886289,1.0,withdraw,0.04994697110841059,1.0,True,True,0.6455445936155633,0.0,,,,0.0,0.5,normal
1780726037.6480064,data-IST,3,0.18990323612265478,0.6987110090505508,0.4864241367481275,0.9871108121967753,0.2052540767643581,0.29494178774586255,0.9913286271607921,0.499407787516239,0.8936028563803085,0.1285772609511961,1.0,withdraw,0.049461033614934286,0.6666666666666666,True,True,0.5989480041509824,0.0,,,,0.0,0.5,normal
1780726037.6482723,data-IST,4,0.18641035733223163,0.6984404232375357,0.4782508159844458,0.986032396818242,0.2060497949372448,0.28530490677320414,0.9740054268106084,0.49531689648423943,0.8930809142056279,0.12135523504016349,1.0,withdraw,0.04794858645922619,1.0,True,True,0.5490079601871378,0.0,,,,0.0,0.5,normal
1780726037.648516,data-IST,5,0.18617987506387693,0.6998285513971647,0.4708822307275724,0.9815106336549836,0.2034479430193213,0.281023088937572,0.9741799193810317,0.4987264285564758,0.8949264627151684,0.12357282928700636,1.0,withdraw,0.054134956698828944,0.6666666666666666,True,True,0.6251471365830013,0.0,,,,0.0,0.5,normal
1780726037.6487663,data-IST,6,0.19174381869741655,0.6948879548914549,0.465595640609334,0.977529922001877,0.20552326576708155,0.2879321021389363,0.9709938034929106,0.5058843010109831,0.8939246501563309,0.12535561998487096,1.0,withdraw,0.055555864969046014,1.0,True,True,0.5614108787595371,0.0,,,,0.0,0.5,normal
1780726037.6490288,data-IST,7,0.19360253987059506,0.6956762220667965,0.45560389053988876,0.9695469365670566,0.20430203688837845,0.2880738090272393,0.9711270797154032,0.4947520181082838,0.8891849554187843,0.1207409245205447,1.0,withdraw,0.05598866082920037,1.0,True,True,0.6789791576993247,0.0,,,,0.0,0.5,normal
1780726037.6492603,data-IST,8,0.19521084322448162,0.6936917447897608,0.4511040374608562,0.9672673445558152,0.20572084340818256,0.2810071155186972,0.9689565315645157,0.4945813084915752,0.8930188534147098,0.1228643954120694,1.0,withdraw,0.06354741521375531,1.0,True,True,0.5970233742101184,0.0,,,,0.0,0.5,normal
1780726037.649475,data-IST,9,0.1950525825940374,0.6925047064040514,0.45279942186074434,0.9735934000082447,0.20559931678255755,0.2858103169865559,0.9781689674379918,0.5024240622105615,0.888982540698142,0.11403929219922473,1.0,repair,0.07417747254786411,0.3333333333333333,True,True,0.03197448602732436,0.0,,,,0.0,0.5,normal
1780726037.649711,data-IST,10,0.19330914980387748,0.69170332463648,0.4541418516061979,0.9799987290708646,0.20697594848864656,0.29786573141177575,0.973525931934504,0.5096322913455356,0.8905290195999614,0.11481952680316973,0.9907807495047336,repair,0.08222802642120931,0.3333333333333333,True,True,0.12922566651093195,0.0,,,,0.0,0.5,normal
1780726037.649946,data-IST,11,0.1893258240312052,0.6926662020237289,0.45426404856527286,0.9821183060969454,0.20822479392291235,0.3066516208910524,0.975729119157591,0.5162567602044744,0.8877188511459899,0.12055625074444169,0.9882069951336022,repair,0.09191051742867495,0.3333333333333333,True,True,0.05286137783153706,0.0,,,,0.0,0.5,normal
1780726037.6501963,data-IST,12,0.1912078934440483,0.6954102543144725,0.4531860909533879,0.9858860785890504,0.21323649198555514,0.31559423520259194,0.9728340862161373,0.516443342067469,0.8784004792121883,0.1182867193405906,0.9873442071566574,repair,0.10525841752770757,0.3333333333333333,True,True,0.02876221660400105,0.0,,,,0.0,0.5,normal
1780726037.6504092,data-IST,13,0.1914000473152378,0.6983580838455186,0.44953696015261896,0.9893595067330506,0.2208010081202052,0.3330972897367481,0.974506628493758,0.5147037134278499,0.8750820246569562,0.12222726925144789,0.9931113452208425,repair,0.11168727415401819,0.3333333333333333,True,True,0.08652809348970172,0.0,,,,0.0,0.5,normal
1780726037.6506338,data-IST,14,0.19016507455401116,0.6958468807268403,0.44756862699265565,0.9918981142085332,0.22724768773796056,0.3506127537503925,0.9717929528954248,0.5191704763643918,0.8794233574242655,0.11820671165875898,0.9883067784550926,repair,0.12022149807522113,0.3333333333333333,True,True,0.06708847930788099,0.0,,,,0.0,0.5,normal
1780726037.650848,data-IST,15,0.18770704234655897,0.7023224829248375,0.45042737451197573,0.9966981816640429,0.22622354304846312,0.37023037891515975,0.9740201798806137,0.5127609569108449,0.8740613487401138,0.12435615275321246,0.9937325487872899,repair,0.12992158117324573,0.3333333333333333,True,True,0.060456104834553354,0.0,,,,0.0,0.5,normal
1780726037.651075,data-IST,16,0.18958138794006654,0.7012714681003565,0.4434659844734935,0.9922928603711454,0.22686872194525307,0.3693903215757246,0.9736726129764239,0.5168129614723264,0.8749407157786612,0.12301485188844881,1.0,repair,0.13827160005805084,0.3333333333333333,True,True,0.10165658530516065,0.0,,,,0.0,0.5,normal
1780726037.6512918,data-IST,17,0.19007037623853262,0.7036350038884319,0.4452591281076213,0.9912065149628184,0.2268500272043437,0.3899175337107788,0.967117788311137,0.5098827909430661,0.8714857301755272,0.12454764345386807,0.9973041274610126,repair,0.14407405079374225,0.3333333333333333,True,True,-0.021716314433274445,0.0,,,,0.0,0.5,normal
1780726037.6515086,data-IST,18,0.18824668912226833,0.7060774629562571,0.448577063175856,0.9977053919500712,0.22848822936622187,0.40554477076258405,0.9611112733483682,0.5071766280489517,0.8744301532338626,0.12292025000613506,0.9998975642626445,repair,0.14972224925318353,0.3333333333333333,True,True,0.05414697336812993,0.0,,,,0.0,0.5,normal
1780726037.651739,data-IST,19,0.18705740654281858,0.7041221852003064,0.44571499401689985,1.0,0.22966914249353118,0.4108777922029431,0.960726045834288,0.5114712855889888,0.8675501641629216,0.14140855880262074,0.992810010669744,reach_out,0.1689555204126353,0.3333333333333333,True,True,0.06376828082605814,0.0,,,,0.0,0.5,normal
1780726037.651954,data-IST,20,0.1855833717695573,0.7057943266952362,0.44503551545206343,0.9999011050362338,0.22743910406395557,0.41349912413073203,0.9636858524024444,0.507713518418491,0.8582640526075106,0.15288833667992066,0.9932497803396804,observe,0.1627688366241651,0.3333333333333333,True,True,0.0780195678891832,0.0,,,,0.0,0.5,normal
1780726037.6521654,data-IST,21,0.19020577308254868,0.7071881269084894,0.44211699984333236,0.9986409009219495,0.22626247469956517,0.41089437536742485,0.9628997262632476,0.5069874100111309,0.8586244641732664,0.1632848178856298,0.9959467348310451,observe,0.15675697472985264,0.3333333333333333,True,True,-0.034098695043411835,0.0,,,,0.0,0.5,normal
1780726037.652381,data-IST,22,0.18980163130448746,0.7076339864481949,0.4455549703984302,1.0,0.22579502698393197,0.41068632320154536,0.9640468328514954,0.4954960444042609,0.8516857884516964,0.1870648516563148,1.0,reach_out,0.17780217180381785,0.3333333333333333,True,True,0.02614576768952286,0.0,,,,0.0,0.5,normal
1780726037.6526175,data-IST,23,0.19531826473682698,0.7069073271866416,0.44613988954728306,0.9949368584478353,0.2226948524036007,0.425389736017784,0.9681486344907836,0.5010613241890552,0.8462378630848073,0.2012075323844349,0.9973339923884689,express,0.1802634812506118,0.3333333333333333,True,True,0.06548126941459598,0.0,,,,0.0,0.5,normal
1780726037.6528485,data-IST,24,0.19844326067136436,0.7033865239848663,0.4518692982804496,0.9954712667637701,0.2235382797788704,0.42723473222721375,0.9671351751802258,0.4974397087486369,0.8451707970964093,0.21098064249126244,0.9945283797287019,reach_out,0.19565916978795578,0.3333333333333333,True,True,-0.0052836594064929986,0.0,,,,0.0,0.5,normal
1780726037.6530695,data-IST,25,0.19748905777340758,0.7026877861775788,0.4556761415654344,0.9936791991769299,0.22074232888775305,0.4291639002531201,0.9639392645743177,0.5004358982444168,0.8380844945997759,0.20790886356412047,0.9970262455040358,observe,0.1864634464948333,0.3333333333333333,True,True,-0.08059925658903322,0.0,,,,0.0,0.5,normal
1780726037.6532915,data-IST,26,0.20355910215997247,0.7012285857297151,0.45627773159304474,0.9936092424824478,0.22283902252923116,0.4357141025164151,0.9672106984960707,0.4999137080540609,0.8326181362720589,0.21873101385390667,0.9947021594971448,express,0.18574102733479697,0.3333333333333333,True,True,0.002420794674296109,0.0,,,,0.0,0.5,normal
1780726037.653515,data-IST,27,0.2103069166785244,0.7003993493769884,0.4552968072564558,0.9926222436865834,0.2212964737601428,0.4450896927949156,0.96256899017619,0.4989508243684334,0.8364449333452463,0.22861845165410974,0.9961432975619434,express,0.1880519549876612,0.3333333333333333,True,True,0.04075475403844405,0.0,,,,0.0,0.5,normal
1780726037.653728,data-IST,28,0.20747260756835026,0.7022236017436662,0.4575176574679456,0.9959223320511317,0.22323563580147274,0.4393899084416933,0.9610771000023889,0.4908036372717209,0.8297833731773276,0.23078997139465168,0.993019555638214,observe,0.17734740538990193,0.3333333333333333,True,True,0.0337781821449043,0.0,,,,0.0,0.5,normal
1780726037.6539378,data-IST,29,0.20385135381595254,0.6999672351529486,0.46282891896563494,0.9983148296459255,0.22152007726003453,0.44002402557970904,0.9610106130220678,0.4933174625641573,0.8315224978356096,0.2408044416188183,0.9876748758727261,observe,0.16745711660581045,0.3333333333333333,True,True,-0.0694991684717121,0.0,,,,0.0,0.5,normal
1780726037.6541848,data-IST,30,0.20643548028096156,0.7024823624184423,0.458318402885776,0.9991809050364849,0.2208465827261193,0.4424826900408249,0.9600565779509168,0.49163328340812484,0.8259137073476563,0.23962977503711766,0.9879525222636689,observe,0.15957975682601142,0.3333333333333333,True,True,0.04643366902150302,0.0,,,,0.0,0.5,normal
1780726037.6544037,data-IST,31,0.20666422368865764,0.7053485318233303,0.45739287230594877,1.0,0.22784819154957636,0.4451731552483227,0.962367655098944,0.48823819479030794,0.8317341397104977,0.2594525094015095,0.9884014627327848,reach_out,0.18311155271007903,0.3333333333333333,True,True,0.0033644930352149244,0.0,,,,0.0,0.5,normal
1780726037.6546154,data-IST,32,0.20262406838204175,0.7019440489728905,0.45296828033557834,0.9966002526004462,0.22755508600752425,0.4479825795931907,0.9564012506513973,0.4886731246296387,0.8361293190402287,0.26420085571574514,0.9901670564305223,observe,0.17317594231954592,0.3333333333333333,True,True,0.003799188816355847,0.0,,,,0.0,0.5,normal
1780726037.654829,data-IST,33,0.20612044242286223,0.7023674519325226,0.4575792124473108,1.0,0.22723407622917424,0.4637057796196679,0.961577194529887,0.49002248635495793,0.8318085761277894,0.27658726066455736,0.9931834258603477,express,0.17388901549435046,0.3333333333333333,True,True,0.052353408439391305,0.0,,,,0.0,0.5,normal
1780726037.655044,data-IST,34,0.2067398333789692,0.7022887769986175,0.4626853214357401,0.9983186201817532,0.22522154499733293,0.46625930597619736,0.971145616112093,0.4926829678979553,0.8364021117075205,0.29893687562323573,0.9894120387550498,reach_out,0.1915415697663802,0.3333333333333333,True,True,-0.0530451360685571,0.0,,,,0.0,0.5,normal
1780726037.6552699,data-IST,35,0.20834938455262858,0.7046190310771745,0.45342308791618746,1.0,0.2215870848961102,0.4715356789356589,0.9743548552780917,0.48461268817826747,0.8455672894368074,0.30138812457563463,1.0,withdraw,0.1852508911197475,1.0,True,True,0.5940572318873989,0.0,,,,0.0,0.5,normal
1780726037.6554859,data-IST,36,0.2081261179587866,0.709522841133774,0.44849097321864645,0.9997523381743298,0.21998000883880656,0.4697920628095167,0.9749413967571903,0.47688416015393237,0.8422907477020531,0.3129529684490768,1.0,withdraw,0.17926326390433436,1.0,True,True,0.6114085258627046,0.0,,,,0.0,0.5,normal
1780726037.6557918,data-IST,37,0.21380842410283402,0.7101168342724723,0.44475999787155035,0.9981317486568997,0.22188485776893008,0.4601486428246121,0.9741541432249692,0.47904534424556755,0.8374470114886485,0.3151988063780564,1.0,withdraw,0.1731480563711778,1.0,True,True,0.5481744205674703,0.0,,,,0.0,0.5,normal
1780726037.656109,data-IST,38,0.2182355890216693,0.70655744731465,0.438141501155117,0.997273683257651,0.21813772269100237,0.4526759198358451,0.9676782809981824,0.4874484515415347,0.8371250616551051,0.3178149584551962,1.0,withdraw,0.17259122072166697,1.0,True,True,0.5589016158096141,0.0,,,,0.0,0.5,normal
1780726037.6563487,data-IST,39,0.21705035501912326,0.7057964652650343,0.4267287950403784,0.9958763942941081,0.2161648034947933,0.4475617573673397,0.977094111827823,0.4857391304601118,0.8271580362409602,0.3102884931918921,1.0,withdraw,0.16620347712784103,0.6666666666666666,True,True,0.7135255424534223,0.0,,,,0.0,0.5,normal
1780726037.6565692,data-IST,40,0.2163350615521867,0.7034591026011098,0.42221489733425827,0.9927558198866847,0.2162700034973753,0.4517379294914004,0.9867300242237319,0.4866196114957746,0.8253912620527729,0.29782835566066485,1.0,withdraw,0.16183381198616748,1.0,True,True,0.5444186842528723,0.0,,,,0.0,0.5,normal
1780726037.656785,data-IST,41,0.21933037349465423,0.7041926540012473,0.4165705222210238,0.9887392539980067,0.21744276894108105,0.4516251979656882,0.9851894817534754,0.47954403179776606,0.8289322231048415,0.30920211371872064,1.0,withdraw,0.16419136021468933,0.6666666666666666,True,True,0.5525742846518824,0.0,,,,0.0,0.5,normal
1780726037.6570094,data-IST,42,0.2184166156133668,0.7040673870161178,0.4129522251542482,0.9909018097146521,0.21958362255601155,0.46263059328083356,0.9924018123468223,0.4845646322934454,0.8266730912336105,0.30330229038989476,1.0,repair,0.1719339643079763,0.3333333333333333,True,True,0.24754975959097103,0.0,,,,0.0,0.5,normal
1780726037.6572468,data-IST,43,0.21411345741868662,0.7087044800738225,0.4152399883944941,0.9916777983301045,0.22386142952883611,0.47143876236261645,0.9904977460584867,0.48778598296253306,0.8173781487411261,0.3032230411812805,0.9968708951480477,repair,0.17836765047666078,0.3333333333333333,True,True,0.16235630638109974,0.0,,,,0.0,0.5,normal
1780726037.6574643,data-IST,44,0.21296432860472925,0.7066279123849026,0.41493243098957056,0.9937358213818019,0.22634433969374393,0.47674933166762323,0.9891204959278507,0.4948803543560822,0.8163468775062155,0.30111835387908853,0.9945567298581712,repair,0.1836670321358363,0.3333333333333333,True,True,0.009556155220071333,0.0,,,,0.0,0.5,normal
1780726037.6576803,data-IST,45,0.21020851159311146,0.70428967838073,0.41613543659324104,0.9950018981919336,0.22109915293988652,0.4819729848148859,0.99489258569933,0.49643498418861365,0.8150351845619106,0.3070830112238586,0.9968283388539436,repair,0.18985932228393743,0.3333333333333333,True,True,0.08205670494552662,0.0,,,,0.0,0.5,normal
1780726037.6578934,data-IST,46,0.2094971770859737,0.7047126630318234,0.4183057819259438,1.0,0.22460764267108457,0.47885922696807726,0.9982770695404678,0.49815537603137716,0.8194793796629235,0.3055755126123441,1.0,repair,0.19448067182744133,0.3333333333333333,True,True,0.18621682370382883,0.0,,,,0.0,0.5,normal
1780726037.6581073,data-IST,47,0.20952286711957122,0.6999237086251331,0.4186323951601713,1.0,0.22184223607097928,0.49004064165440664,1.0,0.49247926751729143,0.8188706543375908,0.2984481526131313,1.0,repair,0.19944633909616077,0.3333333333333333,True,True,0.12404282752752895,0.0,,,,0.0,0.5,normal
1780726037.6586368,data-IST,48,0.21050764941809227,0.7037810634724377,0.4200561253344205,1.0,0.22719410709597243,0.49785173227154716,1.0,0.4896993678933104,0.8152593537431917,0.2967149536885016,1.0,repair,0.2023121156072193,0.3333333333333333,True,True,0.08323469511822759,0.0,,,,0.0,0.5,normal
1780726037.658863,data-IST,49,0.20876868228640977,0.7052524963098121,0.4233903242946158,1.0,0.231310990401435,0.5186136571879854,1.0,0.48750811646236986,0.8216968600193866,0.2977854077574852,0.9850843226075372,repair,0.21090005303046816,0.3333333333333333,True,True,0.1113812155713461,0.0,,,,0.0,0.5,normal
1780726037.6590793,data-IST,50,0.20930874322115922,0.7110423774876345,0.42447045148446244,1.0,0.23690140627893094,0.5366944836550702,1.0,0.4903982359468059,0.8239565440196972,0.29724694239726585,0.9816061045467291,repair,0.21757772490998542,0.3333333333333333,True,True,0.10178089918712005,0.0,,,,0.0,0.5,normal
1780726037.6592994,data-IST,51,0.20956266184058864,0.7104097315894359,0.42135370486170803,0.9998019866161697,0.2432248143813991,0.5431516173926552,0.9960750267154049,0.49052835764880187,0.8279710574379552,0.29737502467323806,0.9835334225550705,repair,0.21942359088673216,0.3333333333333333,True,True,0.015981938407425567,0.0,,,,0.0,0.5,normal
1780726037.659514,data-IST,52,0.21200582012363403,0.711239466800051,0.4225291993633409,1.0,0.24389731364808964,0.552314941613927,0.9910557867777651,0.4910311731568642,0.8239213704594813,0.31036356361351664,0.9864025238571266,express,0.21986548618591661,0.3333333333333333,True,True,0.08644372703628067,0.0,,,,0.0,0.5,normal
1780726037.6597214,data-IST,53,0.2135623849859271,0.7160046037437824,0.42483253550322625,0.9945205692105167,0.24834903156446625,0.5460760553731395,0.9921771404542047,0.4880210431137964,0.8188929796714531,0.30173170302728086,0.9878893043778078,observe,0.20937512284242019,0.3333333333333333,True,True,-0.05411150213357229,0.0,,,,0.0,0.5,normal
1780726037.6599362,data-IST,54,0.219933501161073,0.7186774172110235,0.424180054192919,0.9929466674759165,0.24430333099845614,0.5526166892489379,0.9947390584714825,0.5012080883481286,0.8211681007212625,0.310360349855122,0.9897529973091139,express,0.2103583391569175,0.3333333333333333,True,True,-0.030508293551362614,0.0,,,,0.0,0.5,normal
1780726037.6601567,data-IST,55,0.22056364373792234,0.718811469225944,0.4317050644064701,0.9986292460858671,0.24548399190619197,0.552284341835648,0.9873234912004999,0.5015522606454692,0.8245138392899988,0.3118027789475613,0.9852703257746349,observe,0.19987861200831403,0.3333333333333333,True,True,-0.10281612957034852,0.0,,,,0.0,0.5,normal
1780726037.6603765,data-IST,56,0.2180786233542679,0.7184195876878496,0.4324288345216466,1.0,0.24698713522760646,0.5614724041363648,0.9762838755983447,0.5014452635628562,0.8336408597473501,0.32463717969852274,0.9881104561669456,express,0.20138359798616912,0.3333333333333333,True,True,0.09582645063505846,0.0,,,,0.0,0.5,normal
1780726037.6605875,data-IST,57,0.21815192306111147,0.7176430370563976,0.43386509455976585,1.0,0.2411343731602272,0.5658416311344087,0.9801267426620137,0.4982619444227298,0.8297108814080719,0.32041215582241284,0.982532800734421,observe,0.19285572703263057,0.3333333333333333,True,True,0.08889417534843752,0.0,,,,0.0,0.5,normal
1780726037.6608424,data-IST,58,0.2201403878302517,0.716605850562877,0.43699421817688316,1.0,0.24032665967375128,0.5725217747529663,0.9867218552464526,0.5093621045950509,0.8235311846064396,0.33308369274881633,0.9791788220976047,reach_out,0.2073301691226755,0.3333333333333333,True,True,-0.03492905121301958,0.0,,,,0.0,0.5,normal
1780726037.6610537,data-IST,59,0.22375414783827927,0.7142317185568001,0.433227640507215,1.0,0.24499410307898434,0.5772521890843819,0.9831712910071084,0.5150484293715922,0.8212659601265015,0.34544038538005695,0.9754568935929931,express,0.206922387210758,0.3333333333333333,True,True,-0.007902665541532704,0.0,,,,0.0,0.5,normal
1780726037.6613135,data-IST,60,0.21958038658017962,0.7144330850839954,0.43179522640632584,1.0,0.2447560391805408,0.5817474381064008,0.9880766950238405,0.515853574426894,0.8207865596201779,0.34490405690337617,0.9666235756710924,observe,0.19161174136738368,0.3333333333333333,True,True,-0.08078809024417824,0.0,,,,0.0,0.5,normal
1780726037.6615348,data-IST,61,0.21824661550648372,0.7161645680801804,0.43074975475901706,0.9876103910948739,0.24491410857391235,0.5858803122164712,0.996934725572003,0.523486553131965,0.8173322933949752,0.3498299042383811,0.9733599232710645,observe,0.18296343805000814,0.3333333333333333,True,True,-0.021460301114923235,0.0,,,,0.0,0.5,normal
1780726037.6617613,data-IST,62,0.22035388290629215,0.7201021102135664,0.4341181570951048,0.9895513988198973,0.24589329272468055,0.591149436732977,0.9996139664513731,0.5246126556989128,0.8192336220836793,0.35403765201091275,0.9721181253511557,observe,0.17473467130804324,0.3333333333333333,True,True,-0.016673765692651065,0.0,,,,0.0,0.5,normal
1780726037.6620193,data-IST,63,0.22444520903881812,0.7216664653138405,0.435901945751263,0.9874546630747885,0.25006935370879946,0.6022833842442227,0.9860497903160711,0.524478291551482,0.8185672065951802,0.3639788802496132,0.9774208686184263,express,0.17498467891567415,0.3333333333333333,True,True,0.023800730446879866,0.0,,,,0.0,0.5,normal
1780726037.6622348,data-IST,64,0.23408998884261803,0.7279189222249416,0.4375211759441059,0.9888428266055882,0.2510308823002096,0.613184227508017,0.9889377690372436,0.5279015052137479,0.8046293387745044,0.3678130166677538,0.9825993332117258,express,0.1770775602311942,0.3333333333333333,True,True,0.03795157985002745,0.0,,,,0.0,0.5,normal
1780726037.662448,data-IST,65,0.23901188188526976,0.7255430871340012,0.43965931146396897,0.9899822949117217,0.2526460993463215,0.6211401162723853,0.9848142405175438,0.5227850496275758,0.8064323170902765,0.3757706522737692,0.9861430629076826,express,0.17721476638838726,0.3333333333333333,True,True,0.0009032683834926877,0.0,,,,0.0,0.5,normal
1780726037.662664,data-IST,66,0.2456320002260378,0.7262187959428357,0.44188975274320674,0.9875823688363972,0.24825161566675288,0.6205701142954737,0.9889587109677349,0.5241018772541957,0.8016940599950649,0.38157481107667535,0.9883940955068786,observe,0.16981486473785434,0.3333333333333333,True,True,-0.03247083427378638,0.0,,,,0.0,0.5,normal
1780726037.6628733,data-IST,67,0.2427102126102887,0.7266536183772127,0.44385768677595155,0.9891892545452098,0.25041990703623557,0.6280227174679102,0.996037137369231,0.5281531411909259,0.801093685981761,0.3680320477315517,0.9849782713055801,observe,0.16281349853750335,0.3333333333333333,True,True,0.04455869215393697,0.0,,,,0.0,0.5,normal
1780726037.663081,data-IST,68,0.24484768756343858,0.7246504524140946,0.44534302791876273,0.9903150057957177,0.25121472669305256,0.6289209926057474,0.9952567219555246,0.5369827065133592,0.7977421063511897,0.3751403463500829,0.9904213724898652,observe,0.1552752582054284,0.3333333333333333,True,True,0.03234159574927322,0.0,,,,0.0,0.5,normal
1780726037.6633997,data-IST,69,0.2466064018777289,0.7238019272350952,0.44920919169109896,0.992000728043357,0.25308422580224876,0.6444557649239202,0.9898344358842276,0.536379855766537,0.7986363841977068,0.37389160654878906,0.9967189641036097,express,0.1580722550386165,0.3333333333333333,True,True,-0.024285035022574564,0.0,,,,0.0,0.5,normal
1780726037.6636214,data-IST,70,0.251285416743751,0.7247960274640689,0.4497163156443412,0.9912169263165826,0.25461728861778316,0.6539009715480093,0.990596778736803,0.5297591046373712,0.7933909319074254,0.3884465875753704,0.9909049781058265,express,0.1576295317992068,0.3333333333333333,True,True,0.010355984211445755,0.0,,,,0.0,0.5,normal
1780726037.6638358,data-IST,71,0.24572241866364836,0.7318011776793935,0.4400099390638274,0.9852067882469715,0.24895813717979437,0.6549047775708389,0.9801661255038694,0.5277873348210579,0.7919537017470156,0.3909815089129631,1.0,withdraw,0.1517612391901711,1.0,True,True,0.5537800117225774,0.0,,,,0.0,0.5,normal
1780726037.6640625,data-IST,72,0.24720135063248674,0.7311440702499765,0.427825951135928,0.978973967754175,0.2457803239488659,0.6559729555309916,0.9851872170692636,0.5260556782584948,0.7958386824549759,0.3871724067987216,1.0,withdraw,0.14766675455666156,1.0,True,True,0.725251795444561,0.0,,,,0.0,0.5,normal
1780726037.6642783,data-IST,73,0.24636155577183771,0.7255495338605209,0.4189822974925178,0.9730210624400827,0.24577735712549306,0.6459422625696336,0.9809642758414872,0.5251287173592737,0.7909144425992598,0.38658955269428336,1.0,withdraw,0.14482165056228347,1.0,True,True,0.5892730075331585,0.0,,,,0.0,0.5,normal
1780726037.6644938,data-IST,74,0.24371162895085047,0.7233941747776078,0.42373819276763264,0.9723853160963403,0.2564566577205556,0.665600201999641,0.9903062352956741,0.517558042620465,0.7912411072273055,0.39274800826552425,1.0,repair,0.15030822272079616,0.3333333333333333,True,True,0.06808553118393412,0.0,,,,0.0,0.5,normal
1780726037.6647084,data-IST,75,0.24268112567521183,0.7230241256541081,0.42066722653956257,0.9718831273427936,0.25836334502459424,0.6738327823423704,0.9872508055755929,0.5191815087415241,0.7923019577424415,0.38523159417534647,0.9947814081529104,repair,0.15515298810109682,0.3333333333333333,True,True,0.17289085348244854,0.0,,,,0.0,0.5,normal
1780726037.6649425,data-IST,76,0.24269410600791025,0.7306456787897615,0.4189478880958746,0.9732045654634259,0.25742695362958473,0.6802684151684651,0.9828553767365861,0.5112952250516029,0.7925588060747235,0.3826163326811293,0.9967865613447727,repair,0.165077423251875,0.3333333333333333,True,True,0.07264817957481007,0.0,,,,0.0,0.5,normal
1780726037.6651607,data-IST,77,0.24146121788973207,0.7305938105625103,0.4151869565611085,0.975653261911474,0.2623828345776088,0.6924149239505394,0.9827744549114242,0.5029901883232046,0.7997903372546273,0.38540185954226175,1.0,repair,0.17092789422974428,0.3333333333333333,True,True,0.0010100353919705596,0.0,,,,0.0,0.5,normal
1780726037.6653864,data-IST,78,0.24144594514043913,0.7315568841896545,0.4183995455786013,0.9761637624142794,0.2621100713921646,0.695625917012096,0.9864352818321567,0.5092349987083511,0.7983261021400178,0.39255860458216596,0.99858556656212,observe,0.16187483731146263,0.3333333333333333,True,True,-0.005722167379800839,0.0,,,,0.0,0.5,normal
1780726037.6656046,data-IST,79,0.2438896384000038,0.7340687472377376,0.41546001723177506,0.975087969014136,0.2578825021753381,0.7127660965828297,0.9839921667373079,0.5071386254168979,0.8012208044068085,0.4060064568420273,0.9916380745341516,express,0.16393220162443625,0.3333333333333333,True,True,0.07907038196855037,0.0,,,,0.0,0.5,normal
1780726037.6658273,data-IST,80,0.24737174094534423,0.7335200372956505,0.4138458944366206,0.978333944352301,0.2607236094453074,0.718189794615846,0.9776988200732788,0.506741548302996,0.7910009481727307,0.41059878903805874,0.9992284527237915,observe,0.15746215374061037,0.3333333333333333,True,True,-0.061371003632459224,0.0,,,,0.0,0.5,normal
1780726037.666059,data-IST,81,0.2469819928053913,0.7322101174714987,0.4123756468951772,0.9747480929845924,0.2577698823707012,0.7213138935967406,0.9719425116515732,0.49573524184497203,0.7951396288034803,0.4144371660154412,1.0,observe,0.15241900270321324,0.3333333333333333,True,True,0.01375180329213262,0.0,,,,0.0,0.5,normal
1780726037.6662867,data-IST,82,0.25594666659334886,0.7347641549833319,0.41281039999874175,0.9756910815198957,0.25061502404918656,0.7324676658165987,0.9673685884076206,0.49665938645259866,0.7942416465594461,0.42793838243245025,0.9958662911833878,express,0.15272325450280788,0.3333333333333333,True,True,0.03494533225052143,0.0,,,,0.0,0.5,normal
1780726037.6665063,data-IST,83,0.254109816106558,0.7283492248754423,0.41423159715499197,0.9787351228098042,0.25575657884046005,0.7270397736472012,0.9720164884020442,0.5003349432762989,0.796269598838972,0.4253847114923292,0.995992051841121,observe,0.14691643893139622,0.3333333333333333,True,True,0.04749707049677562,0.0,,,,0.0,0.5,normal
1780726037.6667213,data-IST,84,0.255056992504862,0.7309820105258914,0.41237609913846923,0.9789413503867325,0.26181829193144746,0.7299653635629896,0.9669296865457138,0.49970715168014107,0.7969900269348403,0.4239660314270468,0.9837437253419281,observe,0.1397465513700339,0.3333333333333333,True,True,0.11172820181502029,0.0,,,,0.0,0.5,normal
1780726037.6670754,data-IST,85,0.25828177436987276,0.734432976169497,0.41469419685408343,0.9761435355774183,0.26310612595713617,0.7407369204520068,0.9711270517201759,0.506021495606827,0.7986325566541004,0.421684274537016,0.9845426779700548,express,0.146534069555818,0.3333333333333333,True,True,0.16334109710466754,0.0,,,,0.0,0.5,normal
1780726037.6673005,data-IST,86,0.2626895739179516,0.7382965870323264,0.41790686951352346,0.9733261817072801,0.2600030001122633,0.7453005625114093,0.9853246985753242,0.5123373793584434,0.7965136716003692,0.4286314862940579,0.9888060837376074,express,0.14692684638158807,0.3333333333333333,True,True,0.04736755855556295,0.0,,,,0.0,0.5,normal
1780726037.6675138,data-IST,87,0.26385187241551133,0.7350299715217754,0.4229868076283153,0.9739420845798842,0.2636905605357361,0.7333052988577506,0.9776122926512706,0.5098092680986845,0.7987044147849777,0.4232705591881969,0.9860853984554254,observe,0.14596295097943396,0.3333333333333333,True,True,-0.010256140316185165,0.0,,,,0.0,0.5,normal
1780726037.6677282,data-IST,88,0.2631601363449746,0.7321476697439614,0.42592394677199213,0.9718510442760224,0.2627080098361183,0.7431462092320612,0.9759097510569299,0.5105471493367859,0.7999176084439695,0.442346217546348,0.9785516206735888,reach_out,0.1636358561078054,0.3333333333333333,True,True,0.04855673297094632,0.0,,,,0.0,0.5,normal
1780726037.6679614,data-IST,89,0.26280106433903033,0.7348702079501609,0.42643683304071955,0.9711796599485045,0.2637444063357862,0.756072922542434,0.970509571319475,0.5057944846863884,0.7990316792240504,0.46913468494999255,0.9799375093726197,reach_out,0.18196866533890022,0.3333333333333333,True,True,-0.12239335812875084,0.0,,,,0.0,0.5,normal
1780726037.6681736,data-IST,90,0.26680775470728846,0.733549128927928,0.42292961617387276,0.9727049043196305,0.26197881722144434,0.7673491236675911,0.9782034851268907,0.5125381124239596,0.8066688089676592,0.46938353440562697,0.9823855757544514,observe,0.17530156939463626,0.3333333333333333,True,True,-0.011800700237807901,0.0,,,,0.0,0.5,normal
1780726037.6683826,data-IST,91,0.26479643873943043,0.7301633391990044,0.42650126574243336,0.9714120072542227,0.265515701192502,0.7725772450388901,0.9719930046237512,0.5117882473887417,0.8071158730349511,0.46772413396851575,0.9774657487059374,observe,0.16614525417261364,0.3333333333333333,True,True,-0.021984601661017497,0.0,,,,0.0,0.5,normal
1780726037.6685915,data-IST,92,0.2633626036331459,0.736262365063056,0.42945537879229423,0.9720926356574994,0.2635170733002901,0.7666404442619552,0.9822447082371243,0.5126946525983572,0.7954320939232578,0.46714821369766835,0.9795862035752116,observe,0.15925167476575236,0.3333333333333333,True,True,0.0007145019721916334,0.0,,,,0.0,0.5,normal
1780726037.6688023,data-IST,93,0.2661515629178403,0.7362103093169927,0.42726693951094236,0.9766653043957736,0.26519161870125274,0.7733548395530286,0.9726565113315567,0.5146578412482256,0.7951142227772113,0.4800415392655887,0.9772193327112877,express,0.16673126442380937,0.3333333333333333,True,True,0.03011540736207387,0.0,,,,0.0,0.5,normal
1780726037.6690102,data-IST,94,0.2685074389069986,0.7359835005038964,0.42735038249760776,0.9789615975088881,0.2643465203770283,0.7796453293309984,0.9733254959575313,0.516119077931332,0.7958881124556313,0.4755728095423581,0.9723411473658393,observe,0.15533142601885658,0.3333333333333333,True,True,-0.1074548760959029,0.0,,,,0.0,0.5,normal
1780726037.6692178,data-IST,95,0.26386780998356335,0.730885177428399,0.42762521718347346,0.977907343826548,0.2716192459300499,0.7758283919741349,0.9833788273828783,0.5156117116603597,0.7972623556958921,0.4785345231404749,0.9719523679004971,observe,0.1512646309929191,0.3333333333333333,True,True,-0.007077302588406953,0.0,,,,0.0,0.5,normal
1780726037.6694713,data-IST,96,0.26292100794917733,0.7339141842650352,0.43054733103942155,0.9738373804345741,0.27288059011701554,0.7727629725220735,0.9819710187000148,0.5258121930632103,0.7969072863832618,0.48657204680997584,0.9732511210870588,observe,0.1413658896803181,0.3333333333333333,True,True,0.04890302088198265,0.0,,,,0.0,0.5,normal
1780726037.6697013,data-IST,97,0.26467780945270825,0.7328698011410322,0.4312434630155558,0.9764388312477107,0.2697753193574725,0.7819951747738545,0.9826592401209758,0.533105455912842,0.7991868656549547,0.4974249932408536,0.9748544707410263,express,0.14605100877221516,0.3333333333333333,True,True,0.09949318138278923,0.0,,,,0.0,0.5,normal
1780726037.669925,data-IST,98,0.26046017802473737,0.731506844128252,0.43109157949857846,0.9752675936277189,0.26621520125653625,0.7828123246346089,0.9762356148544238,0.5348149361842345,0.80288207192321,0.4990052064987005,0.9767463881609414,observe,0.14055196691011504,0.3333333333333333,True,True,-0.04660463102132714,0.0,,,,0.0,0.5,normal
1780726037.6701329,data-IST,99,0.2531512191312242,0.7298840635500029,0.43110737238221275,0.967294247799952,0.2647981300365589,0.7934926998404459,0.9799169186556522,0.5321824660731818,0.7999390498156848,0.504542375712409,0.9761873096071322,observe,0.1299002181143602,0.3333333333333333,True,True,-0.04584132026781412,0.0,,,,0.0,0.5,normal
1780726037.6704788,data-ENT,0,0.4467735407307314,0.8011213241356788,0.49544735462909634,1.0,0.19898465520660247,0.34117485335997544,0.9926461728670257,0.854980323507407,0.46522744132755056,0.04656872225098279,0.9996626179043476,observe,0.041762182165346544,0.3333333333333333,True,True,-0.016151563700153384,0.0,,,,0.0,0.5,normal
1780726037.6706977,data-ENT,1,0.44179806605177346,0.7989950592003683,0.49865273903231894,0.9980947967790141,0.1994963911123912,0.3385586907600373,0.9938308688908217,0.8579091843818312,0.4638809398964234,0.042242032679167804,0.9948204341352535,observe,0.044864473510418,0.3333333333333333,True,True,-0.0689520363026006,0.0,,,,0.0,0.5,normal
1780726037.6709318,data-ENT,2,0.44806581125653516,0.804530531546509,0.497494652361652,0.9978677505627306,0.1997076347010443,0.34770460146071597,0.9962050012891162,0.8540212183381677,0.470893402002839,0.04830725053949948,0.9904133772251488,express,0.050929847689439825,0.3333333333333333,True,True,-0.0052704678383120665,0.0,,,,0.0,0.5,normal
1780726037.6711462,data-ENT,3,0.44760827276337284,0.8029416748325556,0.5018195167711725,0.9926934460279834,0.20260157151775346,0.34247599049611527,1.0,0.8571720274003193,0.47367390615635063,0.05015214884541789,0.987922141848779,observe,0.04582366140689695,0.3333333333333333,True,True,-0.0503264831326109,0.0,,,,0.0,0.5,normal
1780726037.6713672,data-ENT,4,0.44544820329949497,0.7978359297983142,0.4960882124513359,0.9976999485556343,0.20629803319049014,0.34199118039220644,0.9999609770339848,0.8473605355121472,0.47143515623155285,0.048714042427887114,0.984886373380196,observe,0.04663420192492326,0.3333333333333333,True,True,-0.03415810240273905,0.0,,,,0.0,0.5,normal
1780726037.6715868,data-ENT,5,0.4460036444152482,0.7940864493011078,0.49405497489801625,0.9969822047202468,0.20835568930736365,0.3499235934703634,1.0,0.847578117821601,0.470261404989529,0.06002543711133575,0.9811546164792979,reach_out,0.0670868119134189,0.3333333333333333,True,True,0.025298539842456017,0.0,,,,0.0,0.5,normal
1780726037.6718051,data-ENT,6,0.44903806561870224,0.7923929315880414,0.49897026425252206,0.9962939200808948,0.2030959613576153,0.3364844978993698,0.9987413922856616,0.8440500736677687,0.4684071230007897,0.05757904076427884,0.9747335191255091,observe,0.06253828223000125,0.3333333333333333,True,True,-0.06210213745407851,0.0,,,,0.0,0.5,normal
1780726037.672016,data-ENT,7,0.4535035152350334,0.7890100314067736,0.5013336764114192,1.0,0.2036708013272715,0.3417409501621259,1.0,0.8459020182718531,0.469204574560079,0.06521244004373183,0.9715776004960734,express,0.06646191738542735,0.3333333333333333,True,True,0.15772120782411114,0.0,,,,0.0,0.5,normal
1780726037.6722238,data-ENT,8,0.4533464726802342,0.7867809073218295,0.502252433543707,0.9955619984364444,0.2015504203266837,0.339982746740038,0.9992498586934799,0.8444979560326095,0.46186728447215086,0.06509482849112272,0.9680334368597324,observe,0.06567049042688165,0.3333333333333333,True,True,-0.024618846248711662,0.0,,,,0.0,0.5,normal
1780726037.6724539,data-ENT,9,0.4529135385265843,0.7814721635868902,0.4997941274386466,1.0,0.20215906172694253,0.3416921237053028,0.9967786060904636,0.8432053912322997,0.4580534940878645,0.0672144867107848,0.9736511803609927,observe,0.0637705757571388,0.3333333333333333,True,True,0.013172594639622882,0.0,,,,0.0,0.5,normal
1780726037.6726706,data-ENT,10,0.4551052617116582,0.7846344078579867,0.4966103078622971,0.9973834935777394,0.20149840033105132,0.3553684627715003,0.9919195925300555,0.8473319655106386,0.46163468773438676,0.07720983808722252,0.9822377330652199,express,0.07282557096084023,0.3333333333333333,True,True,0.015969484180223786,0.0,,,,0.0,0.5,normal
1780726037.672889,data-ENT,11,0.46025802272723626,0.7841279530709667,0.49493973311937334,1.0,0.20083135534480634,0.36786790436391176,0.9939421573112479,0.8558136620704256,0.4569998212225385,0.08627076174651918,0.9807761167439543,express,0.07511234403655707,0.3333333333333333,True,True,0.11330771725359327,0.0,,,,0.0,0.5,normal
1780726037.6731017,data-ENT,12,0.46152683492430624,0.7850898110291863,0.49495450173326955,1.0,0.2033179619700963,0.3746520722497363,0.9925772701036168,0.8625754584312878,0.45608821248055614,0.10666193682995613,0.9718617905204743,reach_out,0.09574925102046969,0.3333333333333333,True,True,0.06713495578395907,0.0,,,,0.0,0.5,normal
1780726037.673309,data-ENT,13,0.4600667293889178,0.7854232927834529,0.498299255634621,1.0,0.20977887609962126,0.3815696519940724,0.9960455962288532,0.8637938015307381,0.45481088582311724,0.10125723661149273,0.9725964281802357,observe,0.09106641746397819,0.3333333333333333,True,True,-0.0866616961062453,0.0,,,,0.0,0.5,normal
1780726037.6735334,data-ENT,14,0.45368821669188925,0.7866659537416676,0.48674360846393877,1.0,0.21784565731937608,0.3752494519707564,0.9897732216808902,0.8600280443662195,0.446464214118516,0.09835892884058928,0.9917286740550629,withdraw,0.0921528023918474,1.0,True,True,0.642124140328384,0.0,,,,0.0,0.5,normal
1780726037.6737478,data-ENT,15,0.45144231327441164,0.7851191385462649,0.4774974373262552,0.9964001040649098,0.21626380041761128,0.37706379079421276,0.9950995324670631,0.8576717477559092,0.45130456608192415,0.10392876392025169,1.0,withdraw,0.0934517786958866,1.0,True,True,0.5229060974014724,0.0,,,,0.0,0.5,normal
1780726037.6739798,data-ENT,16,0.45217252847480954,0.7856018662820311,0.47110447358735735,1.0,0.21612696569891718,0.37694299935630426,0.9959876251832165,0.8562302859410413,0.4457708272143161,0.10728982026049377,1.0,withdraw,0.09675370644379538,1.0,True,True,0.6367683592590475,0.0,,,,0.0,0.5,normal
1780726037.674207,data-ENT,17,0.4509721844579352,0.7871355830817932,0.46382040045023315,1.0,0.21084321257412963,0.38336153150608,1.0,0.8601571915299322,0.4478613805991811,0.09753484760247996,1.0,withdraw,0.098848586920254,1.0,True,True,0.6331655484606047,0.0,,,,0.0,0.5,normal
1780726037.6744175,data-ENT,18,0.4527770011701564,0.7844647545359088,0.4689857891298953,1.0,0.2138700142551969,0.389008477130236,0.9937685755316596,0.8586126513498497,0.4455530302659708,0.09815691651424327,0.9974935382331876,repair,0.10357159535257676,0.3333333333333333,True,True,0.10438539370735721,0.0,,,,0.0,0.5,normal
1780726037.6746283,data-ENT,19,0.4587388850942981,0.7867683439820375,0.4673102673317079,0.9990962048000993,0.22380268476501228,0.4056717697883765,0.987361331330565,0.871636815681596,0.43769230128982123,0.0986542623555685,1.0,repair,0.11542344660292536,0.3333333333333333,True,True,0.13512012599386392,0.0,,,,0.0,0.5,normal
1780726037.67484,data-ENT,20,0.4584922038305274,0.7881704718592811,0.4659110992934613,1.0,0.23032610209781265,0.4145288729216735,0.9830362793643204,0.8741926558317209,0.43094902055771006,0.10012320289395872,0.9978487850351317,repair,0.12430445464557023,0.3333333333333333,True,True,0.06257592219383308,0.0,,,,0.0,0.5,normal
1780726037.6750536,data-ENT,21,0.45492002215155186,0.7927978905774945,0.4627727944906444,1.0,0.2296051304209445,0.42666383440806144,0.9788886543771131,0.8744301268882166,0.42983061024012,0.10316466721511527,0.9977572419358771,repair,0.13426798995644995,0.3333333333333333,True,True,0.036623327699933705,0.0,,,,0.0,0.5,normal
1780726037.675399,data-ENT,22,0.4563279343549007,0.7975230040938286,0.4614250889181412,1.0,0.23022533502302922,0.44311053493778146,0.990024001477513,0.8742956257922498,0.4320953260969341,0.1042440945769327,0.9895820651148713,repair,0.14312272569411438,0.3333333333333333,True,True,0.13696423515729936,0.0,,,,0.0,0.5,normal
1780726037.6756275,data-ENT,23,0.4548142111716205,0.7976292980069268,0.4620821085747161,0.9983049655009469,0.22992457019746707,0.44840662657939145,0.9860801301469252,0.8742368653201961,0.43194807354122045,0.10766546801757737,0.991225677381203,repair,0.15014775875908756,0.3333333333333333,True,True,0.1675658264408073,0.0,,,,0.0,0.5,normal
1780726037.675841,data-ENT,24,0.45720308000507487,0.8001886544192565,0.4642226238823757,0.9986392664325339,0.2309843909475685,0.4434539291480912,0.9886632078497463,0.8787638900032254,0.4243149757603536,0.11304295820696704,0.9930498909424174,observe,0.14257765756611526,0.3333333333333333,True,True,0.03675974188223691,0.0,,,,0.0,0.5,normal
1780726037.67605,data-ENT,25,0.45676692767586896,0.8029356033453487,0.47070832390801803,0.9948995501940122,0.23079983937837317,0.44307421738190367,0.9905120993947663,0.879349087224288,0.4245726556078796,0.11226889074790791,0.98722830254353,observe,0.1347146580260498,0.3333333333333333,True,True,0.04297630644330148,0.0,,,,0.0,0.5,normal
1780726037.6762612,data-ENT,26,0.4590097415513663,0.8036161595626884,0.4700568782824899,0.9989493289792118,0.22457567989444116,0.4599879104044979,0.9882294510875347,0.8812352146324117,0.42183221323358194,0.13517349283786484,0.9901836064018096,express,0.14176877109148026,0.3333333333333333,True,True,0.041640926761163044,0.0,,,,0.0,0.5,normal
1780726037.6764681,data-ENT,27,0.45172806713040964,0.805194062523345,0.4694485882939071,0.9983831706305684,0.22603781516069363,0.4515355454276286,0.9804525863666765,0.8667753670519927,0.4288030330955167,0.1339825050977173,0.9975644203792859,observe,0.1330789592679612,0.3333333333333333,True,True,-0.0070273723112610695,0.0,,,,0.0,0.5,normal
1780726037.6766748,data-ENT,28,0.4504715713215238,0.8063769629453136,0.4700531575943507,1.0,0.22474811970257283,0.4452649424632956,0.9805508068717366,0.8656834518594317,0.4265270880307208,0.12290490049272029,0.9929528553162347,observe,0.12506026003463672,0.3333333333333333,True,True,-0.05707495219557865,0.0,,,,0.0,0.5,normal
1780726037.6768816,data-ENT,29,0.4497099321055273,0.8075086986395364,0.47041880197565866,0.9974701116839794,0.21955167453962457,0.44455403688977446,0.984429611808872,0.8652939311434888,0.42031017338260834,0.1238155861865796,0.9885671217826092,observe,0.1197102768215201,0.3333333333333333,True,True,-0.04537464561230704,0.0,,,,0.0,0.5,normal
1780726037.6771152,data-ENT,30,0.45625276193495273,0.8074524008332435,0.46786958770146553,0.9920794250623639,0.21627863157194716,0.45496916443559265,0.9892994212949159,0.868121570986571,0.4205735961172565,0.1310037581327239,0.991690630174593,express,0.1216468246404288,0.3333333333333333,True,True,0.04464138622914888,0.0,,,,0.0,0.5,normal
1780726037.6773312,data-ENT,31,0.4551387874220926,0.8046005934891515,0.4666868171236765,0.9963699546196046,0.2163702450956336,0.47522301794581356,0.983541154302699,0.8592750784736448,0.4246911818182018,0.14589214857348887,0.9971648934724624,reach_out,0.13966253448950525,0.3333333333333333,True,True,0.057820564450922166,0.0,,,,0.0,0.5,normal
1780726037.6775556,data-ENT,32,0.4591280698231991,0.8001023583252155,0.46655542997076577,0.9981587005701608,0.2145361743227628,0.48147843616978214,0.9841600298414069,0.8524362448203764,0.4235131351849963,0.15967316129998832,1.0,express,0.14215609366235898,0.3333333333333333,True,True,-0.015465382104416184,0.0,,,,0.0,0.5,normal
1780726037.6777747,data-ENT,33,0.46115258496317385,0.7968363603262469,0.4712967240677909,1.0,0.218526569565687,0.49358488480498464,0.9774818434444014,0.8566492460451405,0.42026983100583004,0.17549302718416987,0.9954936960468826,express,0.1416665348676615,0.3333333333333333,True,True,0.11501452883470237,0.0,,,,0.0,0.5,normal
1780726037.677997,data-ENT,34,0.46665304925805534,0.795639365127871,0.4761065248437347,0.9993926048273222,0.21947335130438836,0.5010837029574101,0.9778250744773385,0.85985479189452,0.41219171892687556,0.18988972317597808,0.9933943432841754,express,0.14354485977565215,0.3333333333333333,True,True,0.01357385084883158,0.0,,,,0.0,0.5,normal
1780726037.6782174,data-ENT,35,0.46385853633741003,0.8003179557359282,0.4776845086320456,0.9995298164980572,0.2142956694706619,0.5032096449486138,0.972752312334949,0.855380443669663,0.40617059005509526,0.1923473375755206,1.0,observe,0.13624655376369016,0.3333333333333333,True,True,0.00976553910739681,0.0,,,,0.0,0.5,normal
1780726037.6784658,data-ENT,36,0.4598346949485995,0.7997776536954517,0.4848863256098249,1.0,0.2113142732705039,0.5131621494584753,0.971678862898049,0.8582076573713939,0.4093590179423574,0.206612417643922,1.0,reach_out,0.15568361732388983,0.3333333333333333,True,True,0.015362985237363364,0.0,,,,0.0,0.5,normal
1780726037.6787047,data-ENT,37,0.4579110645137314,0.7972818769736241,0.48270747451286544,0.9926791197542447,0.20683967718434626,0.5126330889270369,0.9762202612394681,0.8531232928725577,0.4151814402604018,0.2057338817130909,0.9979257187405858,observe,0.14515850885617734,0.3333333333333333,True,True,0.03949402638686584,0.0,,,,0.0,0.5,normal
1780726037.6789467,data-ENT,38,0.4582720922650319,0.794776174673596,0.48513570944223505,0.9967869801672051,0.20434480784763315,0.5060790991823154,0.9823838086534116,0.8478320002886729,0.40473308186747503,0.2121982350092654,1.0,observe,0.13583155150548307,0.3333333333333333,True,True,0.051096032044971144,0.0,,,,0.0,0.5,normal
1780726037.679159,data-ENT,39,0.4567709460359557,0.7887579662908311,0.4838389197860924,0.9928407819379179,0.20530418716782123,0.5060357527132447,0.9956812240546598,0.8568254615432247,0.39443727464448886,0.21759741058643095,0.9934841528716445,observe,0.1277348923420266,0.3333333333333333,True,True,0.06524435226497997,0.0,,,,0.0,0.5,normal
1780726037.6793742,data-ENT,40,0.4613208972883141,0.7902337520301365,0.48630818024932326,0.989413689236272,0.20787906945105325,0.502145210112312,1.0,0.853071077647392,0.401260441459385,0.21192742002073123,0.994754439049423,observe,0.11873920908911563,0.3333333333333333,True,True,0.017910124257287593,0.0,,,,0.0,0.5,normal
1780726037.6795876,data-ENT,41,0.4673541149773511,0.7923658698681162,0.4858493718177735,0.9901171729413591,0.20382906722134778,0.5124269798062638,0.9986939726524733,0.8630594868205286,0.40365415624897943,0.22319406231281552,0.9915966090897661,express,0.12264241340117925,0.3333333333333333,True,True,0.08197331859400511,0.0,,,,0.0,0.5,normal
1780726037.6798005,data-ENT,42,0.4767134163597367,0.7900008949624329,0.4838924689236871,0.9941829112884973,0.20619606261793857,0.5263928486468333,1.0,0.8583564717985964,0.3981249310384424,0.2368053420540827,0.9904552750655432,express,0.12324339663252373,0.3333333333333333,True,True,0.02286428540568248,0.0,,,,0.0,0.5,normal
1780726037.6800213,data-ENT,43,0.48240886666194494,0.7910609970539313,0.4842391139240829,0.9969388066888225,0.20474072737983184,0.5206574596844763,0.999822916586678,0.8575832155084916,0.3926567312766194,0.23034965218950915,0.9899676250322054,observe,0.11382238203764916,0.3333333333333333,True,True,-0.006877054974413099,0.0,,,,0.0,0.5,normal
1780726037.680235,data-ENT,44,0.4821652366487913,0.7940779150363205,0.4844514927606278,0.9973893752462766,0.20525458046286035,0.524572752173007,1.0,0.8542660442168963,0.38560506833461994,0.23631763709761613,0.9933697824451524,observe,0.10156030576489007,0.3333333333333333,True,True,0.06900933318201909,0.0,,,,0.0,0.5,normal
1780726037.680444,data-ENT,45,0.4828277247544973,0.7980977079337953,0.4855603190970662,0.9909440485061756,0.20401788556004838,0.5248347272742633,1.0,0.8416420907407758,0.38538254778576136,0.23435435093917886,0.988985300616653,observe,0.10075647141025794,0.3333333333333333,True,True,-0.0583734378903132,0.0,,,,0.0,0.5,normal
1780726037.680664,data-ENT,46,0.47961362925134143,0.801387023059045,0.4895248666077805,0.9959983527932533,0.2026595945690121,0.5313251795537027,1.0,0.8432031121370357,0.3893761588662436,0.23433571784341609,0.9970944313674402,observe,0.0958969439956206,0.3333333333333333,True,True,0.027620262640397953,0.0,,,,0.0,0.5,normal
1780726037.6808827,data-ENT,47,0.48350550320434055,0.798976842776335,0.4952388248577597,0.9982951790197943,0.21223373428095085,0.5451204488973167,1.0,0.8336219196415815,0.39613016450151156,0.2502886732437005,0.9986281341450671,express,0.09834225866611504,0.3333333333333333,True,True,0.1253314402363414,0.0,,,,0.0,0.5,normal
1780726037.6810956,data-ENT,48,0.48870758511927953,0.7948782827264799,0.4945684663226896,0.9954133754242842,0.21191946171334863,0.5470722054034092,0.9961476973691564,0.8388702240952215,0.3937769882930226,0.2735782167911184,1.0,reach_out,0.12093670684004161,0.3333333333333333,True,True,0.04083000180308155,0.0,,,,0.0,0.5,normal
1780726037.6813047,data-ENT,49,0.48411924047559696,0.7959010932463892,0.4949174300741067,0.9960797671005729,0.21462594476927785,0.5473214708122791,0.9959054677678526,0.8399507094045978,0.3928836639718279,0.27864318772595426,1.0,observe,0.11524095785733489,0.3333333333333333,True,True,-0.02256985239423265,0.0,,,,0.0,0.5,normal
1780726037.6815472,data-ENT,50,0.4863334004803613,0.7954531768635814,0.49039936106254767,0.9991367539411685,0.21330834124278147,0.5588349685810133,0.9943306273627207,0.8456047875681254,0.39094515364036203,0.3054109903567663,1.0,reach_out,0.13262370686080532,0.3333333333333333,True,True,0.07102818782848393,0.0,,,,0.0,0.5,normal
1780726037.6817658,data-ENT,51,0.49163333545003507,0.7977076022992006,0.4899958389110302,1.0,0.21385114903895583,0.5762477144027791,0.9970572722831734,0.8521809012683293,0.39988107792747457,0.31198881967928827,0.9937133410186012,express,0.1327573473367448,0.3333333333333333,True,True,0.11510207247671707,0.0,,,,0.0,0.5,normal
1780726037.681975,data-ENT,52,0.4937151635141818,0.801189588247551,0.48918071075442826,1.0,0.21395718565074237,0.5779294708647914,1.0,0.8502789151134897,0.40343830026077204,0.31313958069062925,0.9917277361197562,observe,0.12671300522235723,0.3333333333333333,True,True,-0.03776700208293844,0.0,,,,0.0,0.5,normal
1780726037.682188,data-ENT,53,0.4957345999664974,0.8013360727900286,0.48671338261345,1.0,0.2123073568813471,0.5694133167420665,1.0,0.8507683610297709,0.40494833166310024,0.31075635528807327,0.9890483676069255,observe,0.12094941964899417,0.3333333333333333,True,True,-0.012986666365860636,0.0,,,,0.0,0.5,normal
1780726037.6823993,data-ENT,54,0.5032537264538716,0.8008691163603766,0.48615059025027907,0.9991520173209981,0.21131865033852,0.573709826848813,0.9917108753120545,0.8521916740603264,0.41136946288997284,0.3246647517615086,0.9873370391480748,express,0.13032950700363702,0.3333333333333333,True,True,0.12616953960921728,0.0,,,,0.0,0.5,normal
1780726037.6826077,data-ENT,55,0.5034117185017362,0.8022544637588883,0.48555345087967805,1.0,0.2119131935839995,0.5776941084033739,0.9944324280794872,0.8527703110993918,0.4047777541473274,0.3202326471744617,0.9861312614950314,observe,0.12356609903273198,0.3333333333333333,True,True,-0.05503614595836698,0.0,,,,0.0,0.5,normal
1780726037.682815,data-ENT,56,0.5015135282402448,0.7964936224519592,0.4882554019393519,1.0,0.21357418001141762,0.5775768528076215,0.9907581283887533,0.8578816205534451,0.40655413142221764,0.31829376409176463,0.9803581753384987,observe,0.11924849834906055,0.3333333333333333,True,True,-0.10345557125456875,0.0,,,,0.0,0.5,normal
1780726037.6830313,data-ENT,57,0.4998442898600095,0.7982748184766583,0.4896557477704695,1.0,0.21052455452230182,0.5822192472088827,0.9908908167143724,0.8609237440861465,0.4106394503917936,0.31559124883395107,0.9801219956907068,observe,0.11287984067504295,0.3333333333333333,True,True,0.017785264749694444,0.0,,,,0.0,0.5,normal
1780726037.6832461,data-ENT,58,0.4980310589466179,0.7989084768531917,0.4849610998781435,0.9967961550968376,0.20912082436041754,0.5830395396611002,0.9834954052593944,0.8575184171988461,0.40625486784256876,0.31512934335902476,0.9744964801486405,observe,0.10568603255606918,0.3333333333333333,True,True,-0.007960423867089514,0.0,,,,0.0,0.5,normal
1780726037.6835878,data-ENT,59,0.504550907687748,0.8002271986093743,0.48257139864065807,0.9967528530838885,0.21264682455600722,0.5897965053607516,0.9826133505011256,0.8568971996402707,0.40394272613556625,0.31881970230320356,0.9718277182461529,observe,0.09928658963180116,0.3333333333333333,True,True,0.012390319235871125,0.0,,,,0.0,0.5,normal
1780726037.6838052,data-ENT,60,0.5056162606233611,0.7964969810476837,0.48217296273225857,0.994281753144356,0.21221280555066907,0.5941812383846672,0.9809052446076935,0.8580007880783793,0.40400253759334226,0.32491486102301936,0.963665088726903,observe,0.09382038851619276,0.3333333333333333,True,True,0.11208651562806034,0.0,,,,0.0,0.5,normal
1780726037.6840196,data-ENT,61,0.5044206406991808,0.7961061406359061,0.4855270088618921,0.9938747835189854,0.20747564170906943,0.6088895271550614,0.9806073932691467,0.8655884823228758,0.40396461656606175,0.3451855628199667,0.9585548593008274,reach_out,0.11676920638439668,0.3333333333333333,True,True,0.023246811288766257,0.0,,,,0.0,0.5,normal
1780726037.6842282,data-ENT,62,0.5024901912349647,0.7930530183655781,0.4854390268712353,0.9972188944129161,0.20339323902217887,0.6097237396510643,0.9795289463830107,0.8646322212212344,0.4125797362730596,0.35030664398491285,0.9570978439135316,observe,0.10742982586844461,0.3333333333333333,True,True,-0.017262101789410577,0.0,,,,0.0,0.5,normal
1780726037.6844416,data-ENT,63,0.5119860959356778,0.7951219458492464,0.4818698772908268,0.9936782711783204,0.2051092508305993,0.6152110136235326,0.9724806953420924,0.8712404278938536,0.415790290475547,0.35592676214104996,0.9577612650638596,express,0.11163120278675927,0.3333333333333333,True,True,0.03856730880566162,0.0,,,,0.0,0.5,normal
1780726037.6847072,data-ENT,64,0.5133709664653959,0.7922229794190807,0.4785775987259575,0.992760027769744,0.20750473939227598,0.6252212286103613,0.9669270409763283,0.878412302295325,0.4247720533842639,0.37303622907799844,0.9621869290860247,express,0.1154501309638904,0.3333333333333333,True,True,0.0298211647949341,0.0,,,,0.0,0.5,normal
1780726037.6849513,data-ENT,65,0.5182595381747693,0.7935900819424143,0.47871533471725336,0.996229939326153,0.20617943739315855,0.6317366691435323,0.9724997209630944,0.879448162155479,0.42395532815256776,0.38512742168512076,0.9656542231620099,express,0.11928206472781704,0.3333333333333333,True,True,0.04330673120259463,0.0,,,,0.0,0.5,normal
1780726037.685166,data-ENT,66,0.5154010706284269,0.7927420258967138,0.4748267916793959,0.9909843366915698,0.20580480854968672,0.6334761714371008,0.9686845385057478,0.8738103043733387,0.4361188537372728,0.3951041023097802,0.9625212144437593,express,0.12752567577829177,0.3333333333333333,True,True,-0.03637068829533567,0.0,,,,0.0,0.5,normal
1780726037.685375,data-ENT,67,0.5109025682060826,0.7908610169150545,0.4762608092584835,0.9920216823419558,0.20612374155639857,0.634555431737434,0.9760630431804226,0.874220878515251,0.44727764024817956,0.40049974991612225,0.9669072742261343,observe,0.1312451980953749,0.3333333333333333,True,True,0.02941247388984683,0.0,,,,0.0,0.5,normal
1780726037.6855993,data-ENT,68,0.5079575005336183,0.7909457298294172,0.47323235379433143,0.9900541233972066,0.20616697914525273,0.643562751121196,0.9802087143021467,0.8699482076524517,0.44831459917877925,0.40630468674438164,0.9660532880745942,express,0.13659100915013928,0.3333333333333333,True,True,0.1456438238867359,0.0,,,,0.0,0.5,normal
1780726037.685814,data-ENT,69,0.5126869121908639,0.7887244042654515,0.4693050049752765,0.984945374071668,0.20694824396587372,0.6574943088107521,0.976724127299522,0.8653538203875681,0.4528608932807706,0.4132639619017362,0.9812525578598743,express,0.13715150051372815,0.3333333333333333,True,True,0.07239614668388823,0.0,,,,0.0,0.5,normal
1780726037.6860275,data-ENT,70,0.5182889738761532,0.7888243106046704,0.4699364393656874,0.9863589606835358,0.2059022276946686,0.665860888787358,0.9780773399469435,0.865835064607352,0.45901946675491084,0.4212407399829814,0.9845438170065542,express,0.14290755028995958,0.3333333333333333,True,True,0.005362045311635533,0.0,,,,0.0,0.5,normal
1780726037.686276,data-ENT,71,0.5169390452892192,0.7865624589625283,0.47372640447588193,0.9904359249285626,0.20656620395171502,0.6777642425089367,0.9749108087743233,0.8608042831098239,0.4534750173641726,0.4307698761442372,0.9802072921895133,express,0.1466286708633945,0.3333333333333333,True,True,0.008058860853044726,0.0,,,,0.0,0.5,normal
1780726037.6864898,data-ENT,72,0.5170729933091317,0.7799566781387085,0.4712321957407562,0.9888018864323853,0.1967595897466155,0.6766246777144812,0.9673648191884354,0.8636585467762361,0.4506451000674659,0.42752265655125904,0.9790154910657183,observe,0.13945853460810104,0.3333333333333333,True,True,0.0472630910895186,0.0,,,,0.0,0.5,normal
1780726037.6867013,data-ENT,73,0.5171483329070935,0.7775382387774838,0.47058622267825306,0.9873141421255651,0.19571820633570286,0.6863330401480441,0.9709376981595228,0.8604651294324789,0.4511272747326782,0.4360098933563657,0.9718207612661931,express,0.1431548596742093,0.3333333333333333,True,True,0.11047396275030677,0.0,,,,0.0,0.5,normal
1780726037.6869116,data-ENT,74,0.521547413432905,0.7825888688534129,0.4733339955490955,0.9808458117649657,0.20042670565942933,0.6934758587253061,0.9697606041566397,0.8635154130545353,0.4540642402165426,0.43783033957953277,0.9660009731291118,observe,0.13392978736938982,0.3333333333333333,True,True,0.06543587011677639,0.0,,,,0.0,0.5,normal
1780726037.687123,data-ENT,75,0.5304202275569666,0.7864141062745033,0.4769126930588833,0.978108252486428,0.20134647885474669,0.7114934713094234,0.9666821272665264,0.8648886560509708,0.44978698752796353,0.44203946507012837,0.9660611266605486,express,0.13696356329043785,0.3333333333333333,True,True,-0.021712058548408047,0.0,,,,0.0,0.5,normal
1780726037.6873367,data-ENT,76,0.5283663497983561,0.7932481571325004,0.476417002923875,0.9776750749189053,0.20290326163227063,0.7256809005398,0.9629408165311145,0.8578819741571861,0.4534247289680962,0.45327206371671874,0.965344198606382,reach_out,0.15501511649892707,0.3333333333333333,True,True,-0.03735681606603293,0.0,,,,0.0,0.5,normal
1780726037.6875472,data-ENT,77,0.5341620132571203,0.7918819504092199,0.47719472535103463,0.9786879952296571,0.20594087232038427,0.7366327347549728,0.9574318957493353,0.8637535984520814,0.45487284076872714,0.45763976208733365,0.9580163543274531,express,0.15680235884500282,0.3333333333333333,True,True,0.10172628857453639,0.0,,,,0.0,0.5,normal
1780726037.687777,data-ENT,78,0.5371653498788995,0.791649490785327,0.47665632333178104,0.9784657213740392,0.20067044087240374,0.7451490524027071,0.9585476145776113,0.8668388049219328,0.45741052069050947,0.4629808559976126,0.9570383796523828,express,0.16082530947210114,0.3333333333333333,True,True,0.08233089501061419,0.0,,,,0.0,0.5,normal
1780726037.687987,data-ENT,79,0.5334084811032259,0.7883511013838298,0.4771136474989668,0.9827640258080568,0.20145064711107288,0.7424858775195248,0.9656749184371038,0.8660643591602073,0.4559308877218531,0.4662990431132465,0.9491165309569299,observe,0.15417483908292193,0.3333333333333333,True,True,0.0037625668564785827,0.0,,,,0.0,0.5,normal
1780726037.6881983,data-ENT,80,0.5329335568544223,0.7906569246566344,0.47333355935790894,0.9828872637445408,0.19757532462316568,0.7455756182412443,0.9663488865316545,0.8625505164531466,0.4593844330965645,0.45576482101900156,0.9609897371870183,observe,0.14404534715032957,0.3333333333333333,True,True,0.0064226544690611205,0.0,,,,0.0,0.5,normal
1780726037.6884055,data-ENT,81,0.5275812601992987,0.788999755678277,0.4702086563197583,0.9830798671517215,0.20211650583388777,0.7473259547177012,0.9723089657763349,0.8592714273015196,0.4507835556862703,0.4490190263198805,0.9618476025966873,observe,0.13739838522900155,0.3333333333333333,True,True,0.011443007174682378,0.0,,,,0.0,0.5,normal
1780726037.6886137,data-ENT,82,0.5292353276567765,0.7867518682316407,0.4748983385656183,0.9847159342040545,0.20468593239419,0.7576730672633397,0.975873330631732,0.8614285905979306,0.44138052785414456,0.464728938630812,0.9560724492809033,reach_out,0.15454815747272052,0.3333333333333333,True,True,-0.016819955601815744,0.0,,,,0.0,0.5,normal
1780726037.6888332,data-ENT,83,0.5261801163192863,0.7848069402106093,0.4781546307006389,0.9899399526061308,0.20498888743762808,0.7563257905558209,0.9804354647591862,0.8650659416523219,0.4462472260107175,0.4605680962310732,0.956280373391808,observe,0.15459135632682466,0.3333333333333333,True,True,-0.05777554851302318,0.0,,,,0.0,0.5,normal
1780726037.6890466,data-ENT,84,0.527330628334732,0.7871965871439564,0.4806737643089262,0.9905183068006831,0.20263506718615257,0.7644398556901857,0.9798481197887631,0.863459956752201,0.4454413352938607,0.4712753067683171,0.9562225770822081,express,0.15573192764318855,0.3333333333333333,True,True,0.005741733527792163,0.0,,,,0.0,0.5,normal
1780726037.6892748,data-ENT,85,0.5254568986817143,0.7878629786167644,0.4816996558510023,0.991024799395346,0.20166305364868542,0.7709264082403939,0.9757001575021494,0.854860049747604,0.4457634750799404,0.46511872273835686,0.9561334470167409,observe,0.15329787468382075,0.3333333333333333,True,True,-0.007016263540536458,0.0,,,,0.0,0.5,normal
1780726037.6895,data-ENT,86,0.5301857318502736,0.7906306752845162,0.480972433096751,0.9856549023040018,0.19524310827607322,0.7832062317462261,0.9818206395747828,0.8441302630976846,0.4445944487494882,0.4704575894182345,0.9588553276630026,express,0.1524176002089298,0.3333333333333333,True,True,0.10378813986024511,0.0,,,,0.0,0.5,normal
1780726037.6897109,data-ENT,87,0.5309937220063433,0.7901571873238583,0.48261370101914336,0.9863602783904873,0.1978002531495428,0.7770528983745426,0.9872215923383314,0.8416495063954427,0.45494618528616,0.4734362278778224,0.9573054478590869,observe,0.1447831556327708,0.3333333333333333,True,True,0.026561111036305787,0.0,,,,0.0,0.5,normal
1780726037.68992,data-ENT,88,0.5337642406489048,0.7913843647978122,0.4852934242905184,0.9852515788171146,0.19831357901634344,0.7865885367164325,0.9875385134192557,0.8339726113840844,0.45526889639361134,0.47391869601372705,0.960450070276139,express,0.14611264451498085,0.3333333333333333,True,True,0.07298310353172305,0.0,,,,0.0,0.5,normal
1780726037.6901286,data-ENT,89,0.5419552476839131,0.7938391456894768,0.4858798987954983,0.9851575246765544,0.1942444531434459,0.7956717139060928,0.9828161286354228,0.8303996245717907,0.45396368552679744,0.48279887900241986,0.9679348218819015,express,0.14683842895210153,0.3333333333333333,True,True,0.033858442024120514,0.0,,,,0.0,0.5,normal
1780726037.6903389,data-ENT,90,0.5401934780034973,0.7888455959386338,0.4809320547452157,0.9825415721608999,0.19566038809663583,0.8178165024561658,0.9814037397948615,0.8303451946158422,0.4555889648448361,0.512835519990836,0.9674494115690971,reach_out,0.1650195143566523,0.3333333333333333,True,True,0.07755187091539462,0.0,,,,0.0,0.5,normal
1780726037.6905468,data-ENT,91,0.5381293158270304,0.7880581852169742,0.47391152833487177,0.9779392690616326,0.19829066618498442,0.8177113978004285,0.9870620117229338,0.8378879492820991,0.4584391157718778,0.5066491587854783,0.9695617656503597,observe,0.16003339087379553,0.3333333333333333,True,True,-0.0009666032914248167,0.0,,,,0.0,0.5,normal
1780726037.690773,data-ENT,92,0.5360531839394143,0.7910319555273295,0.47426940398466033,0.9817103236877562,0.1970702127903059,0.8110047141762022,0.9853642827752989,0.8373952199448681,0.4537990689191951,0.4992612632307062,0.978226047692169,observe,0.15675829222754992,0.3333333333333333,True,True,0.02354376836982718,0.0,,,,0.0,0.5,normal
1780726037.6910136,data-ENT,93,0.5337701285338807,0.7927888330116353,0.4795026711716741,0.9864569107866734,0.20055916517605912,0.8124194044228319,0.9873015997554232,0.8330193900895125,0.4557838421343823,0.49897399034616635,0.974581667594041,observe,0.14394603589255173,0.3333333333333333,True,True,-0.002293603014569215,0.0,,,,0.0,0.5,normal
1780726037.6912482,data-ENT,94,0.5406987548944979,0.790263681577382,0.4778157010358395,0.9862701316969146,0.1965340616718728,0.8143851032167487,0.9920239218561492,0.8291805545184473,0.4612752742118957,0.5189676144448724,0.9749975508631137,express,0.14909970435753755,0.3333333333333333,True,True,0.04207046648791633,0.0,,,,0.0,0.5,normal
1780726037.691595,data-ENT,95,0.5349871381922481,0.7912838506259983,0.4821157832971351,0.9875380135861278,0.19747049263865118,0.8127245210937937,0.9927998883608313,0.8318040194339331,0.45995667019719877,0.519353024465455,0.9686863387192267,observe,0.14137767589754655,0.3333333333333333,True,True,0.013708545707805449,0.0,,,,0.0,0.5,normal
1780726037.6918197,data-ENT,96,0.5442495092595652,0.79004399171626,0.4801280403289935,0.9880681849614386,0.19924662870726653,0.8131569144789678,0.9956394839439268,0.8339684443337413,0.45447109111245876,0.5280178197692443,0.9690242659903855,express,0.14142365844401694,0.3333333333333333,True,True,0.0930186724187339,0.0,,,,0.0,0.5,normal
1780726037.6920304,data-ENT,97,0.5423397156847809,0.7897587385188669,0.4815018256408881,0.9915390907844871,0.20073066417662075,0.8127097389315813,0.9889257001554798,0.8385857866573193,0.4512771427993459,0.5355826111719612,0.9774377150686754,observe,0.1378948937574081,0.3333333333333333,True,True,-0.02854350602080459,0.0,,,,0.0,0.5,normal
1780726037.6922483,data-ENT,98,0.5436958802236714,0.7896167062679196,0.4819490009687723,0.9888803940175895,0.204363789529038,0.8087565646518377,1.0,0.8412719440329431,0.4485355192555182,0.5365443634230173,0.9726168984028359,observe,0.13167183925531842,0.3333333333333333,True,True,0.0426001755278812,0.0,,,,0.0,0.5,normal
1780726037.6924577,data-ENT,99,0.5437852176770768,0.7909598873144542,0.4853910122353694,0.9877520232396273,0.20176258003585523,0.8051479465387502,0.9996102183288303,0.8394988318919878,0.4392435029392421,0.5343915909547442,0.9772097120101156,observe,0.12068033668714907,0.3333333333333333,True,True,0.023985582614948067,0.0,,,,0.0,0.5,normal
1780726037.6928005,data-ISF,0,0.050230469447044,0.7981442865782111,0.4970693204755856,0.7526723220433386,0.34904925925348174,0.5087080224397025,0.8398668421353882,0.48784404027433115,0.9058760351469721,0.4044675546429984,0.7437723170516493,express,0.16116702835684557,0.3333333333333333,True,True,0.1252968430085582,0.0,,,,0.0,0.5,normal
1780726037.6930225,data-ISF,1,0.049123179718589816,0.7982999959887698,0.4965057263939529,0.7548385450452064,0.35154198601343456,0.5179934741310139,0.8413326582984956,0.4880739497628392,0.9086169023259982,0.41120182142205386,0.7458258420375689,observe,0.15391658362669652,0.3333333333333333,True,True,-0.052729734123397515,0.0,,,,0.0,0.5,normal
1780726037.6932645,data-ISF,2,0.05807612892453741,0.800411223627789,0.49777478942444014,0.757226932470532,0.3519283766030484,0.5253017432057729,0.8449250039552995,0.49293304249090947,0.907025809576757,0.4117504139786181,0.7413421607931877,express,0.15536166428764156,0.3333333333333333,True,True,0.10971258882527256,0.0,,,,0.0,0.5,normal
1780726037.6934772,data-ISF,3,0.061094733743746826,0.8002264995028321,0.4962547060872261,0.7549389046044125,0.35177475033956335,0.5372592754748103,0.850748751218853,0.4884643038099304,0.9088966218299263,0.4164865964266964,0.7445284867216492,express,0.15537892132349018,0.3333333333333333,True,True,0.1417714405404511,0.0,,,,0.0,0.5,normal
1780726037.6937797,data-ISF,4,0.06153958387061638,0.8009702004831452,0.49258197863646314,0.7566585117022606,0.3564169760759181,0.5478679322637012,0.8525133332664897,0.48585217727583774,0.9010293957990492,0.42880944165239715,0.7418056639267506,express,0.16023035947055153,0.3333333333333333,True,True,0.04729116042692227,0.0,,,,0.0,0.5,normal
1780726037.694025,data-ISF,5,0.059398059286165,0.7931369975808378,0.4922117478686224,0.7477389772924731,0.3523505508840483,0.5419287594636069,0.8455678314594053,0.4918538078934452,0.9041360349279628,0.4288688640179477,0.7402971641461921,observe,0.15054865740151752,0.3333333333333333,True,True,0.03807857413277205,0.0,,,,0.0,0.5,normal
1780726037.6942885,data-ISF,6,0.06804881553017796,0.7917185160493906,0.4923346423174312,0.7492147241647463,0.3564507808120942,0.5464197885136923,0.8422363058002448,0.4885269843870808,0.9031077388651936,0.4463710238843496,0.7341633052306317,express,0.15168888843673706,0.3333333333333333,True,True,-0.025689673205206723,0.0,,,,0.0,0.5,normal
1780726037.6945148,data-ISF,7,0.0725603939438132,0.7908915815731892,0.4900533205243293,0.75097579414164,0.3586459568732005,0.5456550695067194,0.8375217310538781,0.4943553657497265,0.9083897451098802,0.436170887459309,0.7294575520578854,observe,0.13874461198004429,0.3333333333333333,True,True,-0.049861571940094426,0.0,,,,0.0,0.5,normal
1780726037.6947336,data-ISF,8,0.06776503910437262,0.793899097653711,0.489135478722654,0.7458803814758679,0.360584423749167,0.546714948009555,0.8471585819422399,0.48626023775177063,0.9045067949222233,0.4514347650093911,0.7272440884374722,reach_out,0.15443322710819735,0.3333333333333333,True,True,-0.025925704912931082,0.0,,,,0.0,0.5,normal
1780726037.6949475,data-ISF,9,0.07222404376152682,0.7952849335758405,0.48461847619504383,0.7445091015267168,0.35947821192564294,0.5591010528408911,0.8508352928232059,0.48567716534899547,0.9145703333093804,0.45430203686971043,0.7265469139662686,express,0.15619132064241625,0.3333333333333333,True,True,0.051888483014693586,0.0,,,,0.0,0.5,normal
1780726037.695164,data-ISF,10,0.0706171503454514,0.797848015796012,0.4834947806213049,0.7425198597583184,0.3609641133019704,0.5667519573606381,0.8450722313469387,0.4962674970916619,0.90715165252126,0.45116403413949174,0.7219738214370832,observe,0.14871689286630269,0.3333333333333333,True,True,-0.03350443423817154,0.0,,,,0.0,0.5,normal
1780726037.6953933,data-ISF,11,0.07176023098902655,0.7979857387225168,0.48745809174037974,0.7416601109810202,0.35840809989311095,0.5709564253599443,0.8430363783163423,0.4937671951868596,0.907736798587754,0.45377506455416616,0.721555785247924,observe,0.139255468205566,0.3333333333333333,True,True,0.03693268278694789,0.0,,,,0.0,0.5,normal
1780726037.6956034,data-ISF,12,0.06816965820274311,0.7995524031870918,0.4905181386439698,0.7396211370145217,0.3552386379155043,0.5700532130424378,0.8466688878325653,0.4912855914979371,0.9152999926663341,0.4564298509815637,0.7281528537698954,observe,0.1305715915840675,0.3333333333333333,True,True,0.055987531028498794,0.0,,,,0.0,0.5,normal
1780726037.6958127,data-ISF,13,0.0708253444922629,0.8024635006996489,0.49598257290201186,0.741656463534607,0.3551699696794719,0.5677873688972305,0.8442622966056977,0.49246291125665775,0.9141896388771027,0.46269443705929086,0.7331481916756774,observe,0.12037897127687298,0.3333333333333333,True,True,-0.04927755317734852,0.0,,,,0.0,0.5,normal
1780726037.6960244,data-ISF,14,0.07124239857935402,0.8020848293007257,0.4985604823981694,0.7379119250671109,0.34783966630492336,0.5761377384520234,0.8482684987417171,0.5001921154231185,0.9176526382403628,0.47852613940083244,0.7336604860663316,express,0.12466949106944172,0.3333333333333333,True,True,0.10596600403594048,0.0,,,,0.0,0.5,normal
1780726037.69624,data-ISF,15,0.08149333628459211,0.8039686531258698,0.5008912787665469,0.7369981585028015,0.35085457562476596,0.5872324270115887,0.8488806442363509,0.5086772533227839,0.9174282149531044,0.48808632284801257,0.7300810578202371,express,0.12871775273846026,0.3333333333333333,True,True,0.09700522613024216,0.0,,,,0.0,0.5,normal
1780726037.6964517,data-ISF,16,0.08449564164087228,0.8047909432695199,0.5028564476550893,0.7352318091553737,0.35132411924766216,0.5911444650683947,0.853591063706923,0.5103609072811157,0.9175168135754976,0.4994379484661416,0.7340247646868844,express,0.12861617696283162,0.3333333333333333,True,True,0.031193192814087094,0.0,,,,0.0,0.5,normal
1780726037.6966584,data-ISF,17,0.08289927262987344,0.8077396995956204,0.5032821107188976,0.7345496018628588,0.35213604537940674,0.5896710696186079,0.854534974941399,0.5037138342335374,0.9176846374039274,0.4949852376357069,0.7349012799582804,observe,0.12017613600070502,0.3333333333333333,True,True,-0.028398250172795278,0.0,,,,0.0,0.5,normal
1780726037.6968887,data-ISF,18,0.08018052807214969,0.8065995543070612,0.5041658191670275,0.7394433751586558,0.3499751667698716,0.5988019785927219,0.8545498684298468,0.5081430358997349,0.9202987798513204,0.5202869628118418,0.7361862608665095,reach_out,0.1367636598895967,0.3333333333333333,True,True,0.05959698563031533,0.0,,,,0.0,0.5,normal
1780726037.697117,data-ISF,19,0.08442863029099067,0.8046286779195861,0.5091755027445007,0.7407606227235503,0.3478951481580643,0.6033136816145563,0.858908690009701,0.5094922682612282,0.9062693680296507,0.5242575720568033,0.7411294558403833,express,0.14013736155027845,0.3333333333333333,True,True,0.07131481965943703,0.0,,,,0.0,0.5,normal
1780726037.6973464,data-ISF,20,0.0863212608569791,0.7996755828410463,0.5088797628987987,0.7377631355802153,0.3497410040455396,0.5943507463122432,0.860521018628356,0.49497080518256964,0.9161389473689538,0.5313883000165536,0.7347506412651581,observe,0.13394271897360696,0.3333333333333333,True,True,-0.013954980161145943,0.0,,,,0.0,0.5,normal
1780726037.6975572,data-ISF,21,0.09028479746704711,0.8041733668693334,0.5050274909391541,0.7353303424830626,0.3471697645753659,0.592014347411619,0.8594941806644106,0.49897258170702574,0.909599075768333,0.5241750490464951,0.7369097314534075,observe,0.1276491793843867,0.3333333333333333,True,True,-0.09346516276645395,0.0,,,,0.0,0.5,normal
1780726037.6977792,data-ISF,22,0.08680604388253442,0.8091124560314548,0.5057715407171277,0.7340637917978076,0.34841368136448914,0.5964327377542755,0.8635284643647569,0.493348564855206,0.911164634149987,0.5229333585507583,0.7403158804132784,observe,0.12326392141359095,0.3333333333333333,True,True,-0.06274410508092301,0.0,,,,0.0,0.5,normal
1780726037.697991,data-ISF,23,0.08602814212668035,0.8075742946021056,0.5015458977571668,0.7341981599747719,0.35150450977732595,0.6035024900468416,0.8713578623022398,0.4933008158522557,0.9163773508997356,0.517767824574244,0.7481009032338221,observe,0.11959405387879987,0.3333333333333333,True,True,-0.02491034517429154,0.0,,,,0.0,0.5,normal
1780726037.6982033,data-ISF,24,0.08853171835123218,0.8072532514292867,0.502162893306638,0.7317648596582962,0.3499555099428493,0.6132804360070649,0.8689368736224736,0.49221723831883163,0.9214521763636775,0.530807944747247,0.7457383246426132,express,0.12407180421258432,0.3333333333333333,True,True,0.04750934583182732,0.0,,,,0.0,0.5,normal
1780726037.698449,data-ISF,25,0.037929085026323084,0.7796389267936229,0.5347391398076025,0.7073709207454151,0.36133832999756094,0.6133981693855418,0.7388702170614072,0.5798454768275829,0.957246041506031,0.4825314428993621,0.7169784272673212,hold,0.12195316945543354,1.0,True,True,0.7653573287674468,0.0,,,,0.0,0.5,normal
1780726037.698665,data-ISF,26,0.08883424089674752,0.7989088428494437,0.4910420983737511,0.7122707000671813,0.3917367379543679,0.6718291112612595,0.6754678457012027,0.6479644965822884,0.9126056892181685,0.4829016787104875,0.7129499238844694,hold,0.12174961107332759,1.0,True,True,0.8065566737046457,0.0,,,,0.0,0.5,normal
1780726037.6988795,data-ISF,27,0.0221293169320433,0.7939600454407977,0.5289501914053407,0.6977791488164857,0.443164451504056,0.6713284474904355,0.679231218808025,0.6028154445997816,0.8824025072127697,0.36487540939922564,0.7760401365431775,hold,0.11189238097356889,1.0,True,True,0.7641941429010504,0.0,,,,0.0,0.5,normal
1780726037.6990938,data-ISF,28,0.0,0.7781389824615557,0.5034275824366284,0.779893031754751,0.5124524557128322,0.6778047092751591,0.59897600297843,0.5706660935709452,0.7502978724381397,0.41949687224043075,0.7939136043686262,hold,0.10538763044217549,1.0,True,True,0.7804103409052504,0.0,,,,0.0,0.5,normal
1780726037.6993055,data-ISF,29,0.0052767889995560474,0.7811462024041728,0.503242746841623,0.785322355690368,0.5201131635808378,0.6885426116210103,0.5947775512250454,0.5718229996587554,0.7457197398741147,0.41792939383536476,0.8003956018677496,repair,0.11220005401208896,0.3333333333333333,True,True,0.09929516066470054,0.0,,,,0.0,0.5,normal
1780726037.6995173,data-ISF,30,0.0034610550766509315,0.7816091924318742,0.5110139888353279,0.7843998711707357,0.528801509743703,0.699650818127223,0.5937090386287975,0.572706176169917,0.7474789528807683,0.4205427673592165,0.8000506595640035,repair,0.11740916125403307,0.3333333333333333,True,True,0.06042126923886484,0.0,,,,0.0,0.5,normal
1780726037.6998796,data-ISF,31,0.0,0.7810356255545841,0.5141782374950896,0.7909698929876107,0.5351725612421875,0.7103663088465331,0.6033186913672653,0.5737710278354018,0.7439707547068639,0.4253732224922622,0.796606223855853,repair,0.1269671327757527,0.3333333333333333,True,True,0.012885869273963027,0.0,,,,0.0,0.5,normal
1780726037.7001083,data-ISF,32,0.0029354980342303507,0.785606036508108,0.5147325265692472,0.7972174649616527,0.5395327938263336,0.7125533556870884,0.5992294223331069,0.5732646499012751,0.7436654515178419,0.42853516094238786,0.7920014127763848,repair,0.13327458662477376,0.3333333333333333,True,True,0.12673079597101847,0.0,,,,0.0,0.5,normal
1780726037.7003305,data-ISF,33,0.0,0.7825594802311949,0.5155624242315414,0.8017926016622018,0.5452671681081777,0.7323912595544259,0.5965388507020619,0.5749929566678236,0.7444843346019311,0.4275693404060189,0.7996019283661344,repair,0.1454541122069689,0.3333333333333333,True,True,0.11364616624917279,0.0,,,,0.0,0.5,normal
1780726037.700544,data-ISF,34,0.004264994154434484,0.7812346395042923,0.5139653353680097,0.8008911719954285,0.5476519488096767,0.7392191116564576,0.5975866500470379,0.5687451872876574,0.7491757916522217,0.426967528253276,0.7993332762846178,repair,0.15122675707939506,0.3333333333333333,True,True,0.10110866298182739,0.0,,,,0.0,0.5,normal
1780726037.700757,data-ISF,35,0.007249816511005891,0.7841450663446471,0.5143768661743674,0.8018528367984092,0.5498358580196173,0.745177354012502,0.6072502400045788,0.5721411226331844,0.7477897587350218,0.42803545170187374,0.8015341317622781,repair,0.15897229232326354,0.3333333333333333,True,True,0.08883626726805599,0.0,,,,0.0,0.5,normal
1780726037.700968,data-ISF,36,0.0067240844759565545,0.7824105509429127,0.513716714707701,0.8081531993388316,0.5525474157367902,0.7507769361189007,0.6034490008965977,0.5729077086795795,0.7435962541570686,0.42624456050878917,0.7990713627482603,repair,0.16743499215673122,0.3333333333333333,True,True,0.04209890546128499,0.0,,,,0.0,0.5,normal
1780726037.701177,data-ISF,37,0.006953440424677901,0.7791520558783888,0.516430993807473,0.812999007852182,0.5586126022892716,0.7654896803780825,0.6017067759751044,0.5733540631738638,0.7370787019708326,0.42353856323134276,0.797496177662408,repair,0.17873640328301169,0.3333333333333333,True,True,0.09268075332798069,0.0,,,,0.0,0.5,normal
1780726037.7014043,data-ISF,38,0.004476545233495258,0.7712176029042966,0.51435864116496,0.8091807034268036,0.5546554239457704,0.7705510283857119,0.6002146153038129,0.5733521756332296,0.7323253591956531,0.4237618446145904,0.7958977245816076,observe,0.17058731060406127,0.3333333333333333,True,True,-0.020192706058458847,0.0,,,,0.0,0.5,normal
1780726037.701618,data-ISF,39,0.011111326655310625,0.7775382577376587,0.5146960381803226,0.8065111633210436,0.5526798580578651,0.768831944754266,0.5973826944914954,0.5765978015433015,0.7361211531686787,0.43248157871669723,0.791194528708799,express,0.1736390549688896,0.3333333333333333,True,True,0.051980249462776434,0.0,,,,0.0,0.5,normal
1780726037.7018387,data-ISF,40,0.011567220558443501,0.7810009024345325,0.5136543047602808,0.8005720261525564,0.5551547383223288,0.7664957492282298,0.5955578591820044,0.5811054515944516,0.7331255836433989,0.4400445455895213,0.7837528659407066,observe,0.16179622862859602,0.3333333333333333,True,True,-0.03866722898810704,0.0,,,,0.0,0.5,normal
1780726037.7020547,data-ISF,41,0.0033079225297457417,0.7816976561933832,0.5132326865979693,0.7970465638035823,0.5557233473541606,0.7778960166693458,0.5910890820782349,0.5860746663453461,0.7305406052449082,0.4554229696723206,0.7871372684812589,reach_out,0.17867120577315382,0.3333333333333333,True,True,-0.03630263941409924,0.0,,,,0.0,0.5,normal
1780726037.7022636,data-ISF,42,0.0,0.7796255066796914,0.5147061727095196,0.7952495832101337,0.5528282982694147,0.7762176619869953,0.5953936719400085,0.5931795660626744,0.7309757604274778,0.45084466748172486,0.7803292477922366,observe,0.1690251816569989,0.3333333333333333,True,True,0.002043994210936257,0.0,,,,0.0,0.5,normal
1780726037.7024822,data-ISF,43,0.004872568662241306,0.7838707417302307,0.5154839362336238,0.7960234937743649,0.5499012373112689,0.7768493781929512,0.5980066704948742,0.6009210303709966,0.7352880041087908,0.4500974919271933,0.7797724167495742,observe,0.16482714754840663,0.3333333333333333,True,True,0.08420103042536416,0.0,,,,0.0,0.5,normal
1780726037.7026978,data-ISF,44,0.005219601604855606,0.7814990084669832,0.5123448425496447,0.7978212850345202,0.5504686563520816,0.791904608305642,0.5979164069279611,0.6083140413381422,0.7375837688823758,0.46173774847946514,0.7817391253590477,express,0.1658662341157964,0.3333333333333333,True,True,-0.030576600767835235,0.0,,,,0.0,0.5,normal
1780726037.7029252,data-ISF,45,0.0040735299798373165,0.7832168552005638,0.513291846689929,0.7956747651915991,0.5547753208693404,0.8012618436209691,0.5939358195533583,0.6037347303179368,0.7391399695069071,0.46293375057183395,0.7832779404797152,express,0.17018282310860278,0.3333333333333333,True,True,0.06056029327203383,0.0,,,,0.0,0.5,normal
1780726037.7031453,data-ISF,46,0.0008852486073957725,0.7820351484705542,0.5104848984237557,0.7997440866142012,0.5490477598845972,0.8007855142955695,0.5996222229211633,0.5945388542037805,0.7381707210630574,0.45547118193988095,0.77725009336235,observe,0.1595529772250814,0.3333333333333333,True,True,-0.09771901671760325,0.0,,,,0.0,0.5,normal
1780726037.7033544,data-ISF,47,0.0,0.7766270128173458,0.5179984893392012,0.7994179281453313,0.5491983423824454,0.8033697809078404,0.601723616110852,0.5932941092998083,0.7288169605917462,0.4589674314142942,0.778176378301236,observe,0.15336727343676598,0.3333333333333333,True,True,0.00796006742248038,0.0,,,,0.0,0.5,normal
1780726037.7035778,data-ISF,48,0.0006543194016497778,0.7797340232040222,0.5157237238334952,0.7930781546217994,0.5485271498613341,0.8021502506786019,0.6065863077820898,0.5881363146511447,0.7281997890975522,0.4520578784509419,0.7753748683993212,observe,0.14782381819018123,0.3333333333333333,True,True,0.04219657008468752,0.0,,,,0.0,0.5,normal
1780726037.7037857,data-ISF,49,0.001864321646158811,0.778585791753769,0.5210777545509195,0.7935767386134222,0.5435065454104087,0.7935457364085433,0.6011950077806382,0.5879532739434625,0.7266883923487433,0.4576715432027743,0.7814152901890575,observe,0.1424629395401213,0.3333333333333333,True,True,0.0534072029429605,0.0,,,,0.0,0.5,normal
1780726037.7039957,data-ISF,50,0.0040914593247336015,0.7768397674115805,0.5234167300191259,0.7906468669862647,0.5431777310148882,0.8034985596014937,0.6095696887493802,0.5859655331864679,0.7334864166600831,0.47685602175838965,0.7841430610432268,reach_out,0.1635161466504873,0.3333333333333333,True,True,0.07065020558697657,0.0,,,,0.0,0.5,normal
1780726037.7042048,data-ISF,51,0.004269738465797705,0.7722590474811353,0.5222869540765852,0.7949403428960723,0.5413061693374678,0.8037460711171215,0.6130955712505454,0.581841570149065,0.7341170338550975,0.4747326218072679,0.7833973034787655,observe,0.1498125305013053,0.3333333333333333,True,True,-0.09802017141944652,0.0,,,,0.0,0.5,normal
1780726037.7044284,data-ISF,52,0.0026781412978141737,0.772253203029621,0.5212412084555832,0.7943854952503874,0.5397331130552999,0.8039311220475024,0.6053193186501584,0.5863354450183507,0.7336297340017434,0.46487984223931916,0.7781627279319129,observe,0.14215734263231225,0.3333333333333333,True,True,0.0023213534600723808,0.0,,,,0.0,0.5,normal
1780726037.7046425,data-ISF,53,0.007096738402762745,0.7717624839403255,0.5245650814317967,0.7982887194375037,0.5403699908786445,0.8137440043917462,0.6078569624871432,0.5867105074585077,0.731067801398835,0.4849366697047429,0.774143813607456,reach_out,0.1567499723720366,0.3333333333333333,True,True,-0.021214273674258866,0.0,,,,0.0,0.5,normal
1780726037.704853,data-ISF,54,0.011282428148933762,0.7711613615125561,0.5196261655110005,0.7966421973614956,0.5392968051996982,0.8181177327202496,0.6006791371654665,0.5899796469494197,0.7306216177161831,0.4817111256310659,0.7877126171265992,observe,0.14943073901456383,0.3333333333333333,True,True,-0.08381093593384495,0.0,,,,0.0,0.5,normal
1780726037.705075,data-ISF,55,0.010675152740191181,0.769143282735588,0.5168073568484436,0.7961309389241917,0.5406360472540753,0.8184122875934531,0.6062572452875177,0.5839074742528717,0.7339852610878681,0.48074185122334384,0.7945737108566507,observe,0.14297015302029714,0.3333333333333333,True,True,0.07232743002794464,0.0,,,,0.0,0.5,normal
1780726037.7052898,data-ISF,56,0.016118453923804513,0.7724931293294716,0.5159512977236326,0.7940471259312106,0.5387592475532744,0.8219386601486894,0.6065865401693017,0.5673423789621942,0.7257631130736313,0.5051801084285992,0.7887947198254769,express,0.14192202563719752,0.3333333333333333,True,True,0.09890273528826468,0.0,,,,0.0,0.5,normal
1780726037.7054973,data-ISF,57,0.018564399369870786,0.771207270646767,0.5154734719016816,0.7916706301815409,0.5384958685506526,0.8180097022115334,0.6184435470218984,0.5591465443441134,0.7269672937537704,0.5089994320621405,0.7946086378682841,observe,0.13055722882138673,0.3333333333333333,True,True,0.07289899475090876,0.0,,,,0.0,0.5,normal
1780726037.7057161,data-ISF,58,0.020376239689314377,0.7667695231335844,0.5186648091136803,0.7910094186332612,0.5340054830314223,0.8200784335405618,0.6150015342637646,0.5677430657635837,0.72159230918935,0.5120395669876523,0.7898424725918376,observe,0.1240051946737889,0.3333333333333333,True,True,0.0386784564685727,0.0,,,,0.0,0.5,normal
1780726037.7059405,data-ISF,59,0.021941713278464618,0.7704451745150926,0.519248067955899,0.7906893383278032,0.5306015757438962,0.8253521994200866,0.6112886070137865,0.5654414417243901,0.7183258733139953,0.515649508994797,0.7870591858855374,observe,0.11431271632276173,0.3333333333333333,True,True,0.06181738414877274,0.0,,,,0.0,0.5,normal
1780726037.70615,data-ISF,60,0.02280348598651306,0.7710327474121179,0.5203363312947258,0.7929000436544766,0.5312595744131718,0.828771220320123,0.6123936810550207,0.5661327899204309,0.7101859841533863,0.5142431162364101,0.7882199250068923,observe,0.10596033530847507,0.3333333333333333,True,True,0.042362479340611096,0.0,,,,0.0,0.5,normal
1780726037.7063603,data-ISF,61,0.023065260568685044,0.7700945631580027,0.5221307335163833,0.7930406473785312,0.535648965529008,0.8413042930450667,0.6175473884189915,0.5729213906524969,0.7101372971813222,0.533266778066072,0.779642312994603,reach_out,0.12233154966440919,0.3333333333333333,True,True,0.03775736931355818,0.0,,,,0.0,0.5,normal
1780726037.7065732,data-ISF,62,0.026344705386121107,0.76925763437391,0.5188638332780102,0.7966121497147727,0.5359220557669782,0.8518652875191515,0.6094110004547831,0.5779187925584173,0.7078483733960925,0.540502807727711,0.7879063687716366,express,0.12808812642498008,0.3333333333333333,True,True,0.04392443547990646,0.0,,,,0.0,0.5,normal
1780726037.7067816,data-ISF,63,0.027335325146526247,0.766869506423344,0.5194115352228315,0.7974273699075127,0.5337351817062751,0.8569675416970449,0.6101511260322434,0.5789849494499639,0.7084161897425897,0.5350123231951197,0.7836559175124219,observe,0.115891323761798,0.3333333333333333,True,True,-0.008887958433235926,0.0,,,,0.0,0.5,normal
1780726037.7069938,data-ISF,64,0.030568365814181372,0.7650770657089399,0.5257394307816315,0.8001538202190136,0.5281328461395978,0.8662255297415564,0.6060933184369794,0.5740793001823463,0.7099311894430519,0.5573184593905569,0.7882573223684337,reach_out,0.13337715370771525,0.3333333333333333,True,True,0.04740944602111655,0.0,,,,0.0,0.5,normal
1780726037.707203,data-ISF,65,0.024927849436658225,0.7671858917274442,0.5201543898430461,0.8006546354488548,0.5302899201185804,0.860264500886582,0.6022705364243854,0.5695488619944359,0.7056036165747726,0.5575373936122889,0.7918905403872458,observe,0.12499889347101079,0.3333333333333333,True,True,0.03087494338867594,0.0,,,,0.0,0.5,normal
1780726037.7074287,data-ISF,66,0.027539374928288497,0.7641951822943149,0.5236247382428166,0.8035085257409954,0.5312279579306024,0.869540761777128,0.5973786632670526,0.5648851230762101,0.701290016612993,0.563522561244473,0.7767933810863876,express,0.12970837634714594,0.3333333333333333,True,True,0.0540783567425744,0.0,,,,0.0,0.5,normal
1780726037.7077742,data-ISF,67,0.02805148589408555,0.7595505293647752,0.5178673554046187,0.8045503356001498,0.5324274325257441,0.8606281310228401,0.5998242209224999,0.5580619604659375,0.6986191675614346,0.5665176648786696,0.7778334798775719,observe,0.12062237306582288,0.3333333333333333,True,True,0.07912414215815454,0.0,,,,0.0,0.5,normal
1780726037.7079942,data-ISF,68,0.026086923720331917,0.7585015751902343,0.51577563244618,0.8070389478346566,0.5349113025526839,0.8730462541914557,0.5999999413000233,0.5621481138088704,0.6970736036004515,0.5891771664134879,0.7765308772464993,reach_out,0.1367862398249254,0.3333333333333333,True,True,0.10612058736104255,0.0,,,,0.0,0.5,normal
1780726037.7082052,data-ISF,69,0.02528199572742962,0.7519569247528397,0.5146407543652337,0.808455514778253,0.5319559270452562,0.874535685523225,0.5977685471577664,0.5595179720787512,0.7008473465112124,0.5938294781469039,0.7779801348309417,observe,0.13108154186497312,0.3333333333333333,True,True,0.04439655274753194,0.0,,,,0.0,0.5,normal
1780726037.7084148,data-ISF,70,0.020306424410875955,0.75210358428967,0.5211904131772201,0.8079826777136577,0.5365129320905637,0.8632840695916353,0.5971787737649158,0.5513282164399415,0.7053506263340537,0.5964007702307071,0.7755995544517927,observe,0.1222944577054281,0.3333333333333333,True,True,0.00896788809795691,0.0,,,,0.0,0.5,normal
1780726037.7086232,data-ISF,71,0.017092445200627065,0.7514812876047692,0.5222416754224922,0.8068271867326828,0.5380487561376104,0.857987439346292,0.5920527757276268,0.543733067292938,0.697538969231705,0.5995994711906956,0.7755880925239181,observe,0.11400242699915412,0.3333333333333333,True,True,-0.01397846894787534,0.0,,,,0.0,0.5,normal
1780726037.708832,data-ISF,72,0.015147601723900981,0.7560241252596517,0.528127933755332,0.8042199290620347,0.5426709445348198,0.8560776809181525,0.5940918196852644,0.5361158265254371,0.6919689814236307,0.602438303679741,0.7814497602491939,observe,0.10588444504675407,0.3333333333333333,True,True,0.029166171603031,0.0,,,,0.0,0.5,normal
1780726037.7091198,data-ISF,73,0.020286173234303925,0.7567258582369135,0.5338482876958284,0.8012940267501371,0.5482553084683136,0.8759545423546918,0.5965986505023236,0.5440395483636579,0.6931347567785062,0.6164227614283667,0.7800533227482167,express,0.11075511969626284,0.3333333333333333,True,True,0.02798678468134834,0.0,,,,0.0,0.5,normal
1780726037.7093818,data-ISF,74,0.025458566090222436,0.7556608940128043,0.536024688538096,0.7984430951606118,0.5498829167309076,0.8790269545863187,0.601220412816828,0.5465372557443388,0.6878969514740663,0.6179405893626253,0.7861334065935486,observe,0.101997868500424,0.3333333333333333,True,True,-0.0413443757501193,0.0,,,,0.0,0.5,normal
1780726037.7096374,data-ISF,75,0.02442500774734732,0.7500660793118258,0.5391855203372189,0.7992814446531408,0.54785115781695,0.8847788533783341,0.5971169427364977,0.5412176202088969,0.6944710330714406,0.6109481443986099,0.7897412371139113,observe,0.09846325304828932,0.3333333333333333,True,True,0.02215378818883759,0.0,,,,0.0,0.5,normal
1780726037.7099442,data-ISF,76,0.026582858909568817,0.7480419954519735,0.5382256974354376,0.8005113917194374,0.55026767310656,0.891706726826406,0.5940668164126955,0.5393992327885367,0.6968516888996534,0.6198080950792264,0.7891046332792199,express,0.10276364236394357,0.3333333333333333,True,True,0.09525836033807197,0.0,,,,0.0,0.5,normal
1780726037.710196,data-ISF,77,0.02713591585107968,0.7530315887793189,0.5423303578952948,0.8039478799857029,0.544616922495106,0.9021227708418382,0.6029459531178267,0.5450739199257792,0.698465213139399,0.6276662594042953,0.7946782321534335,express,0.10547616368107875,0.3333333333333333,True,True,-0.021633461676470983,0.0,,,,0.0,0.5,normal
1780726037.7104595,data-ISF,78,0.02411851928653958,0.7530095141072131,0.5381976488551345,0.8011491812115591,0.5401659049799794,0.9069550234993093,0.5930638140514461,0.5472430170542187,0.6993802796861773,0.6415199754075182,0.7932845586989168,reach_out,0.11973198666559728,0.3333333333333333,True,True,0.01748624748398241,0.0,,,,0.0,0.5,normal
1780726037.7107077,data-ISF,79,0.028578147427806382,0.7498647599283319,0.5363522496153177,0.8017532194735991,0.535761178195932,0.8992719139489979,0.592482095502135,0.5468372118733349,0.7044395200316881,0.6492520510862165,0.7936763156183206,observe,0.1164425167225347,0.3333333333333333,True,True,0.0770209069383982,0.0,,,,0.0,0.5,normal
1780726037.7109253,data-ISF,80,0.02528900148389258,0.7506276156931824,0.5366195673439382,0.80333690454621,0.5376828357336269,0.8932401311518898,0.592575582284669,0.5385955745313378,0.6994924595531342,0.6526716579092254,0.7912536724470479,observe,0.10936082822875982,0.3333333333333333,True,True,0.0716470619075411,0.0,,,,0.0,0.5,normal
1780726037.7111375,data-ISF,81,0.02548798616230383,0.7457603378675867,0.5358258599292857,0.8049421296695118,0.5401735013998644,0.8932617526414165,0.5921289421203141,0.5415901412125469,0.6961684903072455,0.6473637673524153,0.7970805781125117,observe,0.09809272017285485,0.3333333333333333,True,True,-0.02044146017643675,0.0,,,,0.0,0.5,normal
1780726037.711384,data-ISF,82,0.030581215241148454,0.7476524160894059,0.5339082570116903,0.8067145904679791,0.5411554600454491,0.9109105501302937,0.5985891605288957,0.5417637877601579,0.6992793453965304,0.6603341049899273,0.7955814953487872,express,0.10441772055309201,0.3333333333333333,True,True,0.0048926729307263855,0.0,,,,0.0,0.5,normal
1780726037.7116067,data-ISF,83,0.0272009512324256,0.7432044239124941,0.5332050247274636,0.8057976248930159,0.5416582393140641,0.9017004250786176,0.601572934662193,0.5410721286443864,0.6982093345949562,0.6607888007957743,0.7941609840476405,observe,0.10081582553002584,0.3333333333333333,True,True,0.08836664543178839,0.0,,,,0.0,0.5,normal
1780726037.7118216,data-ISF,84,0.02755115520563661,0.7416173019089783,0.5338733356317554,0.8064451356825827,0.5396560841196619,0.9097609132116423,0.5929003491881893,0.5516646923229441,0.6928599602818608,0.6825111440187985,0.797940480093875,reach_out,0.11981242127284844,0.3333333333333333,True,True,0.06412425389184634,0.0,,,,0.0,0.5,normal
1780726037.712049,data-ISF,85,0.02905282468343887,0.7450741348293911,0.5318971827519975,0.8012620307138071,0.539400000214532,0.9142887293667723,0.5910761025226318,0.5557663344649348,0.7010134711091154,0.6883699875284292,0.7938598878898813,express,0.12555373462990177,0.3333333333333333,True,True,0.205148870875479,0.0,,,,0.0,0.5,normal
1780726037.7122612,data-ISF,86,0.031130215436274394,0.7455039615219651,0.5321215457461285,0.7997316405307431,0.5397792273748869,0.918266907971088,0.5942715279631999,0.5551062245069024,0.6958809553495353,0.6911790838103291,0.7999882038276442,observe,0.12392492279712028,0.3333333333333333,True,True,-0.012105217394718933,0.0,,,,0.0,0.5,normal
1780726037.7124808,data-ISF,87,0.030334355476997043,0.7450128488384571,0.5292874970012504,0.8130464213131798,0.5404586917210067,0.9192142062273052,0.5951089380506723,0.5421435328249996,0.6873276333434871,0.6876632051167413,0.8010935590742903,observe,0.11967399602930975,0.3333333333333333,True,True,-0.06969353121075463,0.0,,,,0.0,0.5,normal
1780726037.7126923,data-ISF,88,0.0369550767743836,0.7407899819820492,0.5309948881888653,0.816950046515553,0.5431031777844872,0.928433463166049,0.5885376021195621,0.5395015238851975,0.686602206684683,0.6924890044290265,0.7987592763231824,express,0.12708655363467372,0.3333333333333333,True,True,0.08803615002299413,0.0,,,,0.0,0.5,normal
1780726037.7129023,data-ISF,89,0.03844381280743342,0.7448301226824164,0.530024546669195,0.8181480142404248,0.5466174395396074,0.9239270951583474,0.5889256472781399,0.5407616137545513,0.6831327950229352,0.6916710234916191,0.8001429107719281,observe,0.12005939707709248,0.3333333333333333,True,True,-0.004861275334364255,0.0,,,,0.0,0.5,normal
1780726037.7131114,data-ISF,90,0.039322246171821826,0.7431472193909073,0.5307641828247143,0.8199544167835426,0.5400186558161377,0.9212825360524324,0.5823420665765298,0.5501321565438779,0.684080955081752,0.6900623299160505,0.8173595395843923,observe,0.11010858001974509,0.3333333333333333,True,True,0.028158232608658598,0.0,,,,0.0,0.5,normal
1780726037.7133324,data-ISF,91,0.03781071782828048,0.7422493501819428,0.5300534797980841,0.8178594717963219,0.5401446276246412,0.9073115877735953,0.5851290747225772,0.5515263492598418,0.6884669651029101,0.6833848818686794,0.8136831387902719,observe,0.10391917669523505,0.3333333333333333,True,True,-0.06802282844742523,0.0,,,,0.0,0.5,normal
1780726037.7135766,data-ISF,92,0.03167401023566118,0.7398191998975199,0.5341574701613098,0.8202741789397895,0.5385403631370193,0.896604777249142,0.5923577030610062,0.5499816946996113,0.684038924399867,0.6798388472276304,0.8073093680495115,observe,0.10241331686235197,0.3333333333333333,True,True,0.03442439824799317,0.0,,,,0.0,0.5,normal
1780726037.713793,data-ISF,93,0.034418934315766966,0.7459803886387004,0.5362992908957755,0.8167120381673028,0.5337544924908846,0.9066278736574392,0.5895903716897194,0.5487260667744269,0.687084250886572,0.6941052803083025,0.7960008545450726,express,0.1064485761886652,0.3333333333333333,True,True,-0.009907022354682583,0.0,,,,0.0,0.5,normal
1780726037.71402,data-ISF,94,0.032174239821438855,0.7472402474151921,0.5408576262642226,0.8143354425318979,0.5303912647407255,0.9180342718699444,0.5889080397415747,0.5380520291383519,0.6797830387946175,0.7058438950160987,0.7900879202524143,express,0.11421815260380112,0.3333333333333333,True,True,-0.011003325326468597,0.0,,,,0.0,0.5,normal
1780726037.7142384,data-ISF,95,0.03656190204432387,0.7440552499724208,0.5354373541186946,0.8184774985078312,0.5292959880034709,0.9328909493333084,0.5975420763579388,0.526981320793101,0.6866087449010992,0.7175797150528128,0.7893023706431885,express,0.12087774646771926,0.3333333333333333,True,True,0.03223456289848543,0.0,,,,0.0,0.5,normal
1780726037.7144485,data-ISF,96,0.03428417538295426,0.7381413289012572,0.5330514282817168,0.8209700788843967,0.5205887567313977,0.9369129527407877,0.586678999268175,0.5257504018196937,0.6880056900941903,0.7170259300759059,0.78959343131524,observe,0.11692631657524627,0.3333333333333333,True,True,-0.013930568765316073,0.0,,,,0.0,0.5,normal
1780726037.7146695,data-ISF,97,0.03607338043400301,0.7443955149091911,0.5384400153747871,0.820685999746918,0.5231147585656966,0.9548971521760216,0.5905073840045268,0.5264676031005132,0.6900669801085739,0.7291070665882202,0.7975552593799426,reach_out,0.13577457367365117,0.3333333333333333,True,True,-0.050271852223454344,0.0,,,,0.0,0.5,normal
1780726037.7148783,data-ISF,98,0.0311423730206657,0.7455636434495237,0.5377719229624398,0.8199662251828277,0.5142281700208704,0.9499286425977419,0.5883772874473326,0.5229842855774148,0.6964295069221421,0.7245989842267875,0.8063650372787519,observe,0.12557699841941172,0.3333333333333333,True,True,-0.06605402835980237,0.0,,,,0.0,0.5,normal
1780726037.7151082,data-ISF,99,0.02842721869872453,0.7460494545518701,0.5417314727280085,0.8110792181814154,0.5131725354197724,0.9630493777897492,0.5879865899440166,0.5202093928033861,0.6935441971492676,0.741696569959292,0.8094514686322686,reach_out,0.14245658407498454,0.3333333333333333,True,True,0.02400107582368731,0.0,,,,0.0,0.5,normal
1780726037.715463,data-EST,0,0.7541955120116418,0.7526649535623607,0.800350548726622,0.8498707912039859,0.1984473387926223,0.363115660208083,1.0,0.5050749678165832,0.5020735748667432,0.5710127255211792,0.5922618172334198,express,0.26499025871438453,0.3333333333333333,True,True,0.06072608420715918,0.0,,,,0.0,0.5,normal
1780726037.7156825,data-EST,1,0.7502151978361714,0.7495732891822973,0.8041386666844074,0.8493140347005991,0.19998264011067024,0.3693712988063915,0.9929146707082727,0.5075538031100163,0.5120596872309753,0.5752345522244293,0.5929303997927012,observe,0.24911906441766177,0.3333333333333333,True,True,-0.020346078493422654,0.0,,,,0.0,0.5,normal
1780726037.715912,data-EST,2,0.7476957260078179,0.7488749085905434,0.8041970126123122,0.8505950065208974,0.19417919030172645,0.3616672010432775,1.0,0.5068371892384883,0.5163807610478572,0.5732824909259954,0.5895579058229325,observe,0.23665662492974782,0.3333333333333333,True,True,-0.03621952554962404,0.0,,,,0.0,0.5,normal
1780726037.7161396,data-EST,3,0.7571658354313187,0.7533575274107036,0.8038940148471593,0.8521175854600057,0.19702968469421647,0.36970207593929727,1.0,0.507178295766197,0.519651060648533,0.5786550581961368,0.5841374454952345,express,0.2341596557912042,0.3333333333333333,True,True,0.07397458378272631,0.0,,,,0.0,0.5,normal
1780726037.7165003,data-EST,4,0.7597296191207492,0.7520591743760792,0.806891612025275,0.8472275619807039,0.195053210903118,0.3754734901888245,1.0,0.5079573749311431,0.516429127504312,0.5925377304240588,0.5940852114119889,express,0.23054366101274967,0.3333333333333333,True,True,0.05185597004930499,0.0,,,,0.0,0.5,normal
1780726037.7167435,data-EST,5,0.7650663292874748,0.7486413841186428,0.8053687718371821,0.8385261100768597,0.19341361065936077,0.3889280234048938,0.9976273135576461,0.5109669405050282,0.5132787484570961,0.6040841555590438,0.5934271405887953,express,0.22788768862089445,0.3333333333333333,True,True,-0.005194753050271138,0.0,,,,0.0,0.5,normal
1780726037.7169578,data-EST,6,0.7632840689491152,0.7481765808900398,0.8035620230439018,0.8421121133864903,0.19447756541375283,0.39208380205812926,0.996923985507046,0.5052413411971697,0.5155306437283761,0.6021485133723197,0.6034590993963922,observe,0.21625137239583342,0.3333333333333333,True,True,-0.010420164507072217,0.0,,,,0.0,0.5,normal
1780726037.717174,data-EST,7,0.7571028435697409,0.7401876164837041,0.8089506617842773,0.8360302533579814,0.19856101859763844,0.4175793383842971,0.987599037503857,0.5083808005627464,0.5179818051252133,0.6186394009551783,0.5936380638314626,reach_out,0.2290670795696289,0.3333333333333333,True,True,-0.11990548980327868,0.0,,,,0.0,0.5,normal
1780726037.7174249,data-EST,8,0.7620516392872612,0.7366198329383767,0.8106881003055142,0.8371398381992999,0.20266627500557172,0.4261025064815785,0.9893403832057605,0.5094827761453401,0.5179758460118554,0.6239115839472468,0.590955619437561,express,0.22926413633795897,0.3333333333333333,True,True,0.08067711008904897,0.0,,,,0.0,0.5,normal
1780726037.7176383,data-EST,9,0.7701183171257762,0.7317551557945055,0.8178670507303114,0.8326240758680338,0.20276048993480422,0.44881011755413136,0.9827872605799574,0.5208314314967346,0.5194861975135288,0.6435433291604133,0.598341963384353,express,0.22705756478599085,0.3333333333333333,True,True,0.026092411575660366,0.0,,,,0.0,0.5,normal
1780726037.7178485,data-EST,10,0.7704982431193036,0.7341130031401049,0.8163283550908488,0.8328070378459645,0.20528952837819758,0.44720381977111207,0.9865069939771702,0.5208323844991456,0.5125510769827178,0.6433789369767839,0.5991838450957436,observe,0.21537475850704635,0.3333333333333333,True,True,-0.0021203591502370117,0.0,,,,0.0,0.5,normal
1780726037.718057,data-EST,11,0.7738679953325185,0.73220316071432,0.812431713348295,0.8314530754786292,0.20806555242157018,0.45340734316495074,0.9816990547125393,0.5242887244028794,0.5192352084515023,0.6473424373198802,0.593748577953756,observe,0.20985401717221203,0.3333333333333333,True,True,-0.04675811938810253,0.0,,,,0.0,0.5,normal
1780726037.7183006,data-EST,12,0.7733176834990698,0.7298766635178684,0.8133406288966989,0.8321944331901467,0.20866085644073715,0.46961393275807223,0.985621460290907,0.5207181828791627,0.5229560763022659,0.6663493897034168,0.601371379473807,reach_out,0.2214645808660437,0.3333333333333333,True,True,0.0577221774613831,0.0,,,,0.0,0.5,normal
1780726037.7185137,data-EST,13,0.7750282949758874,0.7271924618505253,0.8131364404972632,0.8296196025759454,0.20851027381971496,0.4688432938479997,0.984585539048631,0.5166280641460286,0.5289436649847952,0.6652703224977365,0.6016381022078947,observe,0.20741713306989934,0.3333333333333333,True,True,-0.010526917831113617,0.0,,,,0.0,0.5,normal
1780726037.7187264,data-EST,14,0.7702728293292789,0.7294626948929791,0.8147948297376574,0.8293616442347318,0.20437793918698471,0.4758554373688493,0.9786573709504055,0.5239090804201971,0.5283577791760149,0.6747534172336043,0.5997098761452158,reach_out,0.22304360431295858,0.3333333333333333,True,True,0.02836224345803836,0.0,,,,0.0,0.5,normal
1780726037.7189395,data-EST,15,0.7717951156453888,0.731280259596581,0.8136247103696963,0.8294458465397113,0.2053476968607449,0.4737200105304542,0.9701056592921252,0.5335594915082141,0.5306392545110654,0.6790261607468079,0.6035729817894595,observe,0.21450090530641344,0.3333333333333333,True,True,-0.06410043454819941,0.0,,,,0.0,0.5,normal
1780726037.7191617,data-EST,16,0.7674758937112596,0.7337546504221464,0.8151322995171258,0.8327334788068315,0.20711087467851713,0.47275567704943855,0.9663063571027599,0.5367457308904697,0.5325177719492623,0.6809307180467633,0.6010954607506603,observe,0.2060361681526911,0.3333333333333333,True,True,0.01302043689492815,0.0,,,,0.0,0.5,normal
1780726037.719374,data-EST,17,0.7737757518249275,0.7364868045954988,0.815077299989419,0.8338990119064588,0.20725762232878145,0.4680669502342185,0.9653232533127533,0.537629240645361,0.5274412493863865,0.680665614288242,0.6040548171439921,observe,0.19432460213557518,0.3333333333333333,True,True,0.07346665169883364,0.0,,,,0.0,0.5,normal
1780726037.7195828,data-EST,18,0.7720427315965913,0.7366834975569659,0.8135682712477045,0.833372838537234,0.20971158016330535,0.46978503194612414,0.9649474297404171,0.5463150706931983,0.5208342082877758,0.6777326041156412,0.6031637273044534,observe,0.18259971314520296,0.3333333333333333,True,True,0.020047703166655773,0.0,,,,0.0,0.5,normal
1780726037.7198157,data-EST,19,0.7718446850517025,0.7363723846772527,0.8159538081539416,0.8308829003642731,0.21076481632118887,0.47832991233592725,0.9550438600312737,0.5454297763802491,0.5194693356048732,0.690120916987786,0.5949912614544455,express,0.17862359447043827,0.3333333333333333,True,True,0.1087109164741906,0.0,,,,0.0,0.5,normal
1780726037.720025,data-EST,20,0.7682877557958716,0.7398400716308552,0.8151087758091119,0.824473502286786,0.20689839070479532,0.48551109397865316,0.9575320352671008,0.5515407271860269,0.5272650600045854,0.6873263742124889,0.5951379611797519,observe,0.17168726704277273,0.3333333333333333,True,True,0.007372334026841743,0.0,,,,0.0,0.5,normal
1780726037.720234,data-EST,21,0.7712791650208368,0.7400736695225025,0.818068717096912,0.8210535129513845,0.21058308101176731,0.48702584913782415,0.9473101315860705,0.5517704520352906,0.5311093018818579,0.6896801540659044,0.590724325222676,observe,0.16234824092135358,0.3333333333333333,True,True,0.0526459066212113,0.0,,,,0.0,0.5,normal
1780726037.7204394,data-EST,22,0.7679479460459364,0.7453629567594473,0.8207141834084549,0.8193127250564849,0.2099938299234923,0.46760506178345235,0.9414484727662535,0.5510817535524599,0.5335580195149214,0.6885391828303106,0.5897434578372859,observe,0.15583903747779745,0.3333333333333333,True,True,0.023134612960413112,0.0,,,,0.0,0.5,normal
1780726037.720649,data-EST,23,0.766187508939332,0.7392348948700493,0.815330002335709,0.816533434580621,0.21147880824664847,0.48398044111802857,0.9411074898892356,0.5574143121124198,0.5339765408965218,0.7093371149362107,0.5907575039779255,reach_out,0.17295014835505118,0.3333333333333333,True,True,0.05931154694097132,0.0,,,,0.0,0.5,normal
1780726037.7208602,data-EST,24,0.7704614899999661,0.7436332662467927,0.8145031162548889,0.8123447176010303,0.21467000930355148,0.5031002539019329,0.9388905690517183,0.5598702857329502,0.5348202720101329,0.7156888379367433,0.5873021515746774,express,0.17338404769696872,0.3333333333333333,True,True,0.006804009124255099,0.0,,,,0.0,0.5,normal
1780726037.7210665,data-EST,25,0.7683795960472852,0.7438428606243458,0.8199527500337084,0.8082991751591893,0.21774055493219927,0.506121043881535,0.9426182429841966,0.5615140934813946,0.5381481056516666,0.705424242698241,0.586989255595715,observe,0.160571700146217,0.3333333333333333,True,True,-0.07864781447117551,0.0,,,,0.0,0.5,normal
1780726037.7213,data-EST,26,0.7739726560587485,0.7484206387704216,0.817936454356078,0.8105121018558588,0.22093496340326327,0.5120771482751771,0.9321702265699676,0.5576798133591666,0.5370941447428983,0.7193373494666951,0.5901445487486463,express,0.16466732821101138,0.3333333333333333,True,True,0.007094294958084821,0.0,,,,0.0,0.5,normal
1780726037.7215085,data-EST,27,0.770662035201569,0.7485424251906571,0.8154175981215709,0.8124220014614607,0.22569659384844262,0.5135393075316766,0.9360537888564006,0.5646277286182168,0.5346983847625086,0.7212139278457635,0.5810793029866619,observe,0.1607214993873236,0.3333333333333333,True,True,0.03611494560347541,0.0,,,,0.0,0.5,normal
1780726037.721734,data-EST,28,0.7737289132060029,0.7504184778823473,0.8091568186430842,0.812819424224586,0.22395493034008512,0.5219764149022019,0.9391812860946979,0.5632772069430998,0.5374553265475991,0.7231918474458366,0.5929164304517264,express,0.16639235523315885,0.3333333333333333,True,True,0.027431612021232468,0.0,,,,0.0,0.5,normal
1780726037.7219486,data-EST,29,0.7757000391168625,0.7497865794553603,0.8122611100415251,0.8144370299397254,0.2223244320878153,0.5334009900706103,0.9421406153864117,0.5588002279576555,0.524576387108088,0.7402071841664061,0.5859129818758574,express,0.16910408242086505,0.3333333333333333,True,True,0.06947650150830639,0.0,,,,0.0,0.5,normal
1780726037.7221973,data-EST,30,0.7804230761124961,0.7523814011091703,0.8094371776491242,0.8157337024497521,0.2233645445215945,0.5513170267313044,0.9487889036912361,0.5568333747897874,0.533922934856805,0.745101697133366,0.5937144067559794,express,0.1751935029902308,0.3333333333333333,True,True,0.05036963853976945,0.0,,,,0.0,0.5,normal
1780726037.7224224,data-EST,31,0.7842728376755028,0.7547294947194723,0.8131631144217367,0.8156333667512926,0.2208271426922174,0.5658687135274362,0.952892006602359,0.5527645595386972,0.5373759413326987,0.7537205150162017,0.5919153332969532,express,0.17347073556960838,0.3333333333333333,True,True,-0.0023242220062647118,0.0,,,,0.0,0.5,normal
1780726037.7226486,data-EST,32,0.7792742270746532,0.749808636805151,0.8151119214711451,0.8191575173160124,0.222444810407037,0.5654638235024368,0.9529308103025399,0.5609115851105472,0.5370955380321458,0.7617532470981018,0.5943384329085435,observe,0.16241021378315143,0.3333333333333333,True,True,-0.05682649293951393,0.0,,,,0.0,0.5,normal
1780726037.7228656,data-EST,33,0.7860554211786637,0.7525155968144612,0.8147380130570147,0.8203541389621077,0.2224955326148469,0.5808608300215291,0.9414468289664415,0.5582652560459376,0.537804768826393,0.7707417335734443,0.6000890874784586,express,0.16365419855472976,0.3333333333333333,True,True,0.06789319133112467,0.0,,,,0.0,0.5,normal
1780726037.7230778,data-EST,34,0.7906285781910982,0.7524504260623545,0.8145793759035365,0.8215417351330675,0.22342139973742922,0.5861827707914601,0.9406270818658284,0.5615676905160565,0.5377259251145139,0.7798846367313031,0.5994606055098523,express,0.15845647443271507,0.3333333333333333,True,True,0.0572457567654481,0.0,,,,0.0,0.5,normal
1780726037.7232902,data-EST,35,0.7974789416867635,0.7532158576715996,0.8133125308184098,0.8181312019636565,0.22254821327025479,0.6069512777077717,0.9413588709522972,0.557015614062293,0.5400784885053814,0.7829995922239674,0.6047793685645623,express,0.16475715725547282,0.3333333333333333,True,True,-0.0219478669872991,0.0,,,,0.0,0.5,normal
1780726037.7234986,data-EST,36,0.7964292113346818,0.7528494029215123,0.8137516304818235,0.8193722433179949,0.22211705117150135,0.6046921449816931,0.9380438536884406,0.5604460025872622,0.5442380920220361,0.7820599824771561,0.604264913726443,observe,0.15881029790177867,0.3333333333333333,True,True,-0.0883571380018829,0.0,,,,0.0,0.5,normal
1780726037.723709,data-EST,37,0.7986272694113373,0.7539709233782086,0.8161637621740555,0.8178181606725795,0.22032676829052675,0.6170627709485992,0.9392419840245042,0.556481230604471,0.5438494172555683,0.788288736444442,0.6082716751379289,express,0.16143619959245556,0.3333333333333333,True,True,0.06471188034526106,0.0,,,,0.0,0.5,normal
1780726037.723917,data-EST,38,0.8023287085092587,0.755120806209703,0.8176485557034773,0.8198051812498607,0.22342868240585734,0.6131957467559797,0.9397823254674527,0.5646709494892344,0.5471388928232016,0.7799333083048708,0.6121110869901368,observe,0.15243251572652403,0.3333333333333333,True,True,0.0019560600874079788,0.0,,,,0.0,0.5,normal
1780726037.7241237,data-EST,39,0.8043695879819694,0.7557557327280272,0.817470562233635,0.8200982892429876,0.2228375852685642,0.6123657841942408,0.9405973290342206,0.561433118999122,0.5397805627032941,0.7728477198476588,0.6132051836414996,observe,0.14374943685912597,0.3333333333333333,True,True,0.06828557483816738,0.0,,,,0.0,0.5,normal
1780726037.724435,data-EST,40,0.8050095177570469,0.7556703887002338,0.8204757126605703,0.8213822252417486,0.22440733810102956,0.6286067451188275,0.9443710920040355,0.5568451324166517,0.5430398830355481,0.7879761990003752,0.6189580725017999,reach_out,0.1631899378749117,0.3333333333333333,True,True,0.025155541706368533,0.0,,,,0.0,0.5,normal
1780726037.7246566,data-EST,41,0.8094127930885023,0.7583450925495261,0.8226079074895055,0.8198591175605641,0.22271470722411435,0.6453947375109704,0.945286161542974,0.5461188232659755,0.5329908014629701,0.8036216259322139,0.6105877790272014,reach_out,0.1803370964032567,0.3333333333333333,True,True,-0.045479767324745624,0.0,,,,0.0,0.5,normal
1780726037.7248778,data-EST,42,0.8105167586739471,0.7592112939237514,0.8185775820430978,0.8196970756612777,0.22277869621690746,0.6568344007842465,0.9433240809247261,0.5459859302970126,0.5404784307613221,0.8202298543951843,0.6095780064113889,reach_out,0.1986475558073695,0.3333333333333333,True,True,-0.026538343428247884,0.0,,,,0.0,0.5,normal
1780726037.7250886,data-EST,43,0.8118031455271199,0.763483222858637,0.8210182009462539,0.8162417207338927,0.22569485710315382,0.649923452761293,0.9386921460909883,0.5392538547942975,0.5361336138342311,0.8167551100340115,0.6054516498529994,observe,0.18727233322462328,0.3333333333333333,True,True,0.03950977448706784,0.0,,,,0.0,0.5,normal
1780726037.7253044,data-EST,44,0.8140530606576104,0.7659247113667416,0.8235380819303956,0.8191961664868446,0.2246890724023176,0.6572056807439671,0.9436588491951651,0.5441665287839326,0.5361751385469383,0.8423404703058839,0.6059838372316763,reach_out,0.20461375455013128,0.3333333333333333,True,True,0.07038450146162707,0.0,,,,0.0,0.5,normal
1780726037.7255228,data-EST,45,0.8491928680173481,0.8732113629722215,0.8940121272555422,0.7332919561574642,0.2295389732237251,0.6322191391661008,0.8815491216155682,0.39144422040556615,0.4379882575549623,0.7473537728236205,0.6373290073617037,hold,0.19274033139895644,1.0,True,True,0.8358658778335686,0.0,,,,0.0,0.5,normal
1780726037.7257526,data-EST,46,0.8342474653895129,0.9329008662529952,0.9018286371907538,0.7237631052267067,0.26959363271256026,0.689095708662503,0.9045136914720439,0.4694135563523574,0.42773420688321645,0.7711393026197003,0.5765653544270974,hold,0.18702950944098257,1.0,True,True,0.6894754430521174,0.0,,,,0.0,0.5,normal
1780726037.7259722,data-EST,47,0.7635947498767933,0.8971021691910414,0.8945619697402136,0.6465476120788932,0.34986722302720313,0.6979836214612627,0.8726633141077924,0.43835398605450915,0.3105166112387604,0.8208585275773098,0.5018394027171719,hold,0.1815030674688063,1.0,True,True,0.7680523333387843,0.0,,,,0.0,0.5,normal
1780726037.7261982,data-EST,48,0.6730170836474868,0.8513675360353503,0.9633127700648701,0.5776055496712204,0.3180054309290612,0.7497269206225425,0.9802232881503583,0.3136757253252269,0.279104919319048,0.8214221089530028,0.4151659191170351,hold,0.17613241393938842,1.0,True,True,0.7855538353820261,0.0,,,,0.0,0.5,normal
1780726037.7264445,data-EST,49,0.65580131079088,0.8247707623818468,0.9193495463671859,0.5744200319824133,0.34201120255114414,0.8520039675454347,0.9789939352946813,0.341991436464697,0.223465453229989,0.8916142712571795,0.4017265034673321,hold,0.1738715438930849,1.0,True,True,0.8277473150501059,0.0,,,,0.0,0.5,normal
1780726037.7266605,data-EST,50,0.6533760823834096,0.8269742315852149,0.9202634788234434,0.5829933838820475,0.3424616456122937,0.8614272662147605,0.9760961719385309,0.3417146059565914,0.22356666186266821,0.8893096068966044,0.40380354299291144,repair,0.18193323899977767,0.3333333333333333,True,True,0.02731085049303071,0.0,,,,0.0,0.5,normal
1780726037.7268732,data-EST,51,0.6580889305180992,0.8270437439766726,0.9209834606936761,0.5875094366130423,0.34975296184306554,0.863734837434139,0.9748918475345326,0.33991405692404525,0.22725995511746716,0.8893022009353985,0.40948843486645536,repair,0.1881791869923963,0.3333333333333333,True,True,1.3700882237108192e-05,0.0,,,,0.0,0.5,normal
1780726037.7270987,data-EST,52,0.6560891614767109,0.8290341742712101,0.9172554034980915,0.5917156343528694,0.3526143243921119,0.8789781146758624,0.9814570299640963,0.34266243443363825,0.22017994717838696,0.8836784195251227,0.4127175991862741,repair,0.19310506097748573,0.3333333333333333,True,True,0.1142069291441064,0.0,,,,0.0,0.5,normal
1780726037.727331,data-EST,53,0.655459516840854,0.829129291031186,0.9171147145424811,0.5927522026496085,0.35829012204851063,0.8886051712447152,0.9763440544923555,0.34400601382065765,0.20827113408313377,0.8870643747912245,0.4122379145570321,repair,0.1981396627942698,0.3333333333333333,True,True,0.04267802421635369,0.0,,,,0.0,0.5,normal
1780726037.7275474,data-EST,54,0.6582222169250745,0.829157329855801,0.9166458032517985,0.6008427922396975,0.36225739441154625,0.8968547454944724,0.9823063064569159,0.3458628380158226,0.2146696884342218,0.8868300901734556,0.4135877856244896,repair,0.2085648848692607,0.3333333333333333,True,True,0.0891491219636934,0.0,,,,0.0,0.5,normal
1780726037.7277622,data-EST,55,0.657288190425656,0.8308798938031016,0.9088320026171385,0.6023471140994616,0.36512047357188887,0.9087104172186684,0.9869264976360891,0.3466755601825651,0.2089747153586951,0.8773881310578787,0.42332351933790263,repair,0.21044235095701333,0.3333333333333333,True,True,0.11920004998784829,0.0,,,,0.0,0.5,normal
1780726037.7279856,data-EST,56,0.6631892574840541,0.8287062439414943,0.9067931068965817,0.6059462976959282,0.36787899560252196,0.9149926287103087,0.9819412088211409,0.34277689546332074,0.2110330535749194,0.8843956977049527,0.42719411370820703,express,0.20969414824073498,0.3333333333333333,True,True,0.08465283728047956,0.0,,,,0.0,0.5,normal
1780726037.7281978,data-EST,57,0.6623131878995895,0.8282283101394148,0.9088612029396687,0.6081887082848374,0.3678126344439638,0.9334967670104558,0.986979098127015,0.3381876385752333,0.212361889797483,0.9135680787090678,0.4249062202836584,reach_out,0.22302401134261476,0.3333333333333333,True,True,0.003287785864655751,0.0,,,,0.0,0.5,normal
1780726037.7284148,data-EST,58,0.6627950512188894,0.8295371055318245,0.9104167627313103,0.6113957721261267,0.37256700538126797,0.9301715657238531,0.9869564054464559,0.33495152036577436,0.2127786390793266,0.9131145033862579,0.4235960063356915,observe,0.21066141862096627,0.3333333333333333,True,True,-0.07912249831487413,0.0,,,,0.0,0.5,normal
1780726037.7286334,data-EST,59,0.6697772624566726,0.8288096227708286,0.9080139542140865,0.615992867588899,0.37405706962036134,0.9447575303038268,0.9928526193832807,0.34067385484893925,0.21595257956870526,0.9206473005745343,0.42733342327576773,express,0.2133077762263955,0.3333333333333333,True,True,0.06935084981620045,0.0,,,,0.0,0.5,normal
1780726037.728877,data-EST,60,0.6730753743564162,0.8266708104510885,0.9076653626964148,0.6154924218257414,0.37182035342408737,0.9570396724715917,1.0,0.33600896184679246,0.2164696630800397,0.9205058639298542,0.4303187979769264,express,0.21262641991024558,0.3333333333333333,True,True,0.05109113596370049,0.0,,,,0.0,0.5,normal
1780726037.7290926,data-EST,61,0.6735716532205097,0.8240007850727,0.9050751261721525,0.6142378466014675,0.37088521433164245,0.9674672358637296,1.0,0.34079721565345406,0.21736347968802017,0.9182863689401027,0.4344769265412479,express,0.20950308180385965,0.3333333333333333,True,True,0.045682799793586616,0.0,,,,0.0,0.5,normal
1780726037.729304,data-EST,62,0.6761622352429427,0.8240589069834285,0.9058855853620092,0.6169369840719345,0.36934049267068414,0.9761953018364021,0.9971895088158669,0.3429462241913285,0.21499503438647233,0.9261659924901136,0.4317253434252172,express,0.20798898807925156,0.3333333333333333,True,True,0.05227079246269539,0.0,,,,0.0,0.5,normal
1780726037.72953,data-EST,63,0.675547336928689,0.823516950167885,0.9063686988612222,0.6168003603122574,0.37042722177422815,0.9880282447035358,1.0,0.34476304437405914,0.20864659059495008,0.9519919900362633,0.4396315997646912,reach_out,0.22553634982069484,0.3333333333333333,True,True,-0.062438173649324066,0.0,,,,0.0,0.5,normal
1780726037.729752,data-EST,64,0.6728059629281546,0.8247682658327019,0.9070319010505702,0.6129649039671062,0.3725207356173998,0.9952898242596838,1.0,0.34367200148840227,0.20550326185943024,0.9505318250668596,0.4419876368124154,observe,0.21654598112313478,0.3333333333333333,True,True,-0.08623361411512609,0.0,,,,0.0,0.5,normal
1780726037.729977,data-EST,65,0.6731790886751824,0.8237074335125988,0.9123143228594471,0.6106052796905347,0.37005760086448786,1.0,1.0,0.35543592835135884,0.19935186151939682,0.9715673390964581,0.43690738826895004,reach_out,0.22851320573251618,0.3333333333333333,True,True,0.076303259514531,0.0,,,,0.0,0.5,normal
1780726037.7301998,data-EST,66,0.675989767964496,0.8244034558359525,0.9193382862181025,0.607043943641509,0.37080955023408974,1.0,1.0,0.3598527440803234,0.20035309802893786,0.9942100329380885,0.4319945962597601,reach_out,0.2451981116266367,0.3333333333333333,True,True,0.08125820527185182,0.0,,,,0.0,0.5,normal
1780726037.7304285,data-EST,67,0.6817551612421038,0.831191257049962,0.9180191206782378,0.6104262408993463,0.3714217435686856,1.0,1.0,0.354355855911671,0.20505543401189688,1.0,0.4326021002866065,express,0.24335726361453938,0.3333333333333333,True,True,0.013031144337009623,0.0,,,,0.0,0.5,normal
1780726037.7306392,data-EST,68,0.6869009180549611,0.8287459711236309,0.917304431854532,0.6092935496520626,0.37282705476592237,0.9984039386223994,1.0,0.3508509876724959,0.21026515123808848,1.0,0.4430672279469536,observe,0.23184821816024398,0.3333333333333333,True,True,0.021325655632518467,0.0,,,,0.0,0.5,normal
1780726037.7308471,data-EST,69,0.6852898472449235,0.8268850130292078,0.9178508694480874,0.6033000696869331,0.3776653864517351,1.0,0.9982871479346523,0.35679148044819425,0.2084175346025252,0.9930833785439301,0.44457486799423557,observe,0.21750011043320053,0.3333333333333333,True,True,-0.016038878835946933,0.0,,,,0.0,0.5,normal
1780726037.7310565,data-EST,70,0.6913845214882282,0.8259206827263041,0.916863955124937,0.5995581369929541,0.37969087730395534,1.0,1.0,0.36317241572227765,0.19940593414650273,1.0,0.4462133334856877,express,0.2121316591135553,0.3333333333333333,True,True,0.0005258140727202459,0.0,,,,0.0,0.5,normal
1780726037.7312665,data-EST,71,0.6907180447193659,0.8228480015989301,0.9154191533914253,0.5989063020020048,0.3812031099649604,1.0,1.0,0.3622406179931006,0.19268353908458866,1.0,0.45209899874356796,reach_out,0.22565212313196492,0.3333333333333333,True,True,0.0846668716162407,0.0,,,,0.0,0.5,normal
1780726037.7314873,data-EST,72,0.6956529048460646,0.8221695165852353,0.9157318865019607,0.5972547488660956,0.3865566761988186,1.0,1.0,0.3608778072943865,0.1958534167927382,1.0,0.46007484833137674,observe,0.21268708412367104,0.3333333333333333,True,True,-0.05829925219361596,0.0,,,,0.0,0.5,normal
1780726037.7317,data-EST,73,0.6989793700896243,0.8260741926018002,0.9151878322310308,0.5976081585067153,0.38742775904808624,1.0,0.9983016605052079,0.3603682165637224,0.18871203577843093,1.0,0.45938575387781944,reach_out,0.2345139891807867,0.3333333333333333,True,True,0.046655617709535566,0.0,,,,0.0,0.5,normal
1780726037.7319307,data-EST,74,0.7074848688190027,0.8252833386744844,0.9170324881226538,0.5912839480001096,0.3821671701806549,1.0,1.0,0.35935447420008326,0.18574122145355615,0.9988876571228166,0.4618077065908734,express,0.23206595953799428,0.3333333333333333,True,True,0.05878052402351821,0.0,,,,0.0,0.5,normal
1780726037.7321436,data-EST,75,0.7074492662013795,0.8304191711443099,0.9174296074890391,0.5875342156798745,0.3815623163949472,1.0,0.9956934289525315,0.3613465428793777,0.18090268032329443,1.0,0.46605329945859114,reach_out,0.25088862832731545,0.3333333333333333,True,True,-0.02508497766964542,0.0,,,,0.0,0.5,normal
1780726037.732353,data-EST,76,0.7084602070008319,0.8342996480726279,0.9132607895687744,0.5834846329575444,0.3747335090498444,1.0,1.0,0.3605904080756918,0.18788702159470264,1.0,0.46727347581082446,observe,0.241293849576805,0.3333333333333333,True,True,-0.05624524357007732,0.0,,,,0.0,0.5,normal
1780726037.7325778,data-EST,77,0.708502091492327,0.8349825629476912,0.9168618547221089,0.5810412412237725,0.3710115460774937,1.0,1.0,0.3594996226067628,0.1846136435166294,1.0,0.4711603505712052,reach_out,0.2569872149584139,0.3333333333333333,True,True,0.01074459684300712,0.0,,,,0.0,0.5,normal
1780726037.7327912,data-EST,78,0.7066616406082663,0.8347422375348238,0.9203919305076224,0.5783388850518032,0.36670484189885766,1.0,1.0,0.36020476038194843,0.18813178269664554,0.9981905810215863,0.47794512908710923,express,0.2617902604934017,0.3333333333333333,True,True,0.07149329981503491,0.0,,,,0.0,0.5,normal
1780726037.7330036,data-EST,79,0.7045599089110226,0.8400361853095666,0.9246379267692422,0.5821312588341697,0.3655176527736673,1.0,1.0,0.35316207996369153,0.1849241626959817,0.988146463229635,0.4749852116788046,observe,0.25044484888490764,0.3333333333333333,True,True,0.01864630205297579,0.0,,,,0.0,0.5,normal
1780726037.7332141,data-EST,80,0.7073511543414513,0.8454470480927617,0.9245687289423554,0.5840442942378938,0.36052626742239596,1.0,1.0,0.35815259251820697,0.18348571120272958,1.0,0.47236667957807715,express,0.2457733378547642,0.3333333333333333,True,True,0.02104678878123143,0.0,,,,0.0,0.5,normal
1780726037.7334454,data-EST,81,0.7100317097340096,0.8431889706935229,0.9254135810990416,0.5785704953822901,0.3639327383355865,1.0,0.99430721126546,0.35942811941384,0.19252163436367203,1.0,0.47143945917126484,express,0.24363957129314398,0.3333333333333333,True,True,0.07107732201759308,0.0,,,,0.0,0.5,normal
1780726037.733658,data-EST,82,0.7146405744505702,0.8386256851251122,0.929399916465431,0.5755399091090526,0.3661532266474289,1.0,0.9894502890823912,0.3623673921620553,0.19196913449064396,1.0,0.4672674961966675,express,0.2406937523524859,0.3333333333333333,True,True,0.03387657900779051,0.0,,,,0.0,0.5,normal
1780726037.7338686,data-EST,83,0.7131613678656115,0.8325527628208786,0.9310546107548856,0.5730403152624988,0.3706253926416415,1.0,0.9938403403195476,0.36221131936344886,0.19506741538494923,1.0,0.46786580574550146,reach_out,0.254972765889896,0.3333333333333333,True,True,-0.05781995089887232,0.0,,,,0.0,0.5,normal
1780726037.7340903,data-EST,84,0.7171453837209351,0.8352215848642853,0.9350091054816394,0.567233067901536,0.37028167869993583,1.0,0.9928966057555039,0.35901846939002724,0.2052198261082532,1.0,0.4792103487935073,express,0.25220270639361614,0.3333333333333333,True,True,0.08769117889579227,0.0,,,,0.0,0.5,normal
1780726037.734301,data-EST,85,0.7167657564928115,0.8364444152607307,0.9391613230945205,0.5652726328630883,0.36779836705143115,0.990995950834027,0.9784733150778729,0.36371259139620943,0.20739352316900356,0.9979545819810381,0.47625536183073125,observe,0.24218198937530425,0.3333333333333333,True,True,0.0035742358010047307,0.0,,,,0.0,0.5,normal
1780726037.7345212,data-EST,86,0.7179974020975846,0.8334470457986292,0.9416385377833859,0.5673840530932303,0.3650587609755405,0.9807712135347936,0.982816543839079,0.3525342320708058,0.20400612704021848,1.0,0.4792775046663494,observe,0.2320328867261187,0.3333333333333333,True,True,0.023055427252857728,0.0,,,,0.0,0.5,normal
1780726037.7347791,data-EST,87,0.717359792676055,0.8382093144986106,0.9373944524027964,0.564233812688512,0.36407561788428894,0.9926923810402606,0.977993282372128,0.3447194710785211,0.1987826783480849,1.0,0.4745248817813349,express,0.22936567982402487,0.3333333333333333,True,True,0.08714995884315917,0.0,,,,0.0,0.5,normal
1780726037.7350292,data-EST,88,0.717189483094824,0.834447577611838,0.9400607170784059,0.5652783208484714,0.3633275369360064,1.0,0.9785919228760223,0.3518062633972301,0.18874463247276807,1.0,0.4716028663893528,express,0.22873833603833282,0.3333333333333333,True,True,0.03529301809480095,0.0,,,,0.0,0.5,normal
1780726037.7352483,data-EST,89,0.7245517109393331,0.8364522191694536,0.9421712094125373,0.566912077028997,0.3660874918120663,1.0,0.9688021237639614,0.35279331132229325,0.20480496348531507,1.0,0.4771682362135742,express,0.2255200976546689,0.3333333333333333,True,True,0.04688004640739315,0.0,,,,0.0,0.5,normal
1780726037.7354603,data-EST,90,0.7223198819114742,0.841003471729529,0.9400147035547105,0.5651160589745836,0.36686096204575847,1.0,0.9636467753495556,0.3522204977641673,0.2090054880288762,0.9958043952162937,0.4759320309176507,observe,0.21589638349122459,0.3333333333333333,True,True,-0.07727676932553582,0.0,,,,0.0,0.5,normal
1780726037.7356849,data-EST,91,0.7228392833444454,0.8423962890786948,0.935881689489381,0.5626911140739812,0.3697218333324566,1.0,0.9621088995254246,0.35390780702720664,0.21028701941273653,0.985501816486896,0.47118314521807336,observe,0.20431634594813,0.3333333333333333,True,True,0.010090262329202753,0.0,,,,0.0,0.5,normal
1780726037.7359009,data-EST,92,0.7223171624514994,0.8449528330529287,0.9307943064665128,0.5590942023991258,0.36741019838712996,1.0,0.961176228087873,0.3567045598896558,0.2110846719197796,0.9956217018676754,0.47781512779467206,express,0.20227312633029232,0.3333333333333333,True,True,0.07976229292993683,0.0,,,,0.0,0.5,normal
1780726037.7361112,data-EST,93,0.7242568907600828,0.8468823294569645,0.9258326329215788,0.5633340792089183,0.36755662341720885,0.9962529998436025,0.955013955394921,0.3631433914848593,0.2082805601648623,1.0,0.4779025677462057,observe,0.19104688432889325,0.3333333333333333,True,True,0.03011535861991893,0.0,,,,0.0,0.5,normal
1780726037.736324,data-EST,94,0.7276816898851439,0.848225514050686,0.9222135069298386,0.5642187546634972,0.36355945591073013,1.0,0.9495467692486135,0.3592362866773794,0.21109682761019657,1.0,0.47537109139757516,express,0.19197328355143614,0.3333333333333333,True,True,-0.051071721500531964,0.0,,,,0.0,0.5,normal
1780726037.7365565,data-EST,95,0.7340319352064973,0.8480890846751477,0.9203092977037879,0.5689025103451997,0.36308726545127656,1.0,0.9532476287953957,0.3546308590806871,0.21487685126335712,1.0,0.47919835912561287,express,0.19154115546789052,0.3333333333333333,True,True,0.0927762593397024,0.0,,,,0.0,0.5,normal
1780726037.736768,data-EST,96,0.7341648870937014,0.8456957533437781,0.919328062502161,0.573215438844859,0.3594455063347768,0.9976265368792545,0.9594328222962841,0.3549620655556026,0.2206147687325361,1.0,0.4901343478396304,observe,0.1829898502272104,0.3333333333333333,True,True,0.013259354741918576,0.0,,,,0.0,0.5,normal
1780726037.7369843,data-EST,97,0.7317552689568672,0.8476743451045643,0.922336443421644,0.5769034181139328,0.3636201994650392,0.9914921758740814,0.9580448516709854,0.3494191980560447,0.22186272231987678,0.9960683702441748,0.499121869284381,observe,0.17560814364077534,0.3333333333333333,True,True,-0.01154044454897652,0.0,,,,0.0,0.5,normal
1780726037.737196,data-EST,98,0.7276747792769307,0.8497314066504287,0.9254914443790138,0.5774195690644083,0.36451658603101633,0.9965499466799864,0.9607018606526415,0.352443772436732,0.21910602390843822,0.9929209979863536,0.49427369921104386,observe,0.17426265099196503,0.3333333333333333,True,True,-0.014476653958445388,0.0,,,,0.0,0.5,normal
1780726037.7374048,data-EST,99,0.7263103824886876,0.8488667243763209,0.9280097481700186,0.5771011188543838,0.3612525851763469,1.0,0.9681870616807341,0.3449262456228522,0.21411009441343942,0.9973029088186836,0.49666942526105573,observe,0.16268617181034678,0.3333333333333333,True,True,0.07539551543299772,0.0,,,,0.0,0.5,normal
