timestamp,session_id,turn,expression_drive,perception_acuity,boundary_permeability,inner_coherence,relational_gravity,warmth_bias,directness,curiosity,patience,intimacy_pull,autonomy_guard,action,phi_smoothed,body_criticality,cascade_active,guard_allowed,guard_risk_score,resistance,tension_type,conflict_values,aligned_values,pressure,alignment_score,safety_level
1780727131.119201,data-INF,1,0.501485886381856,0.8478731936935835,0.9009594735855179,0.7540008512471584,0.3525045459741309,0.753657286544737,0.7574260342568171,0.7468444137083045,0.7529370904444371,0.6138510963306587,0.34657837106348044,reach_out,0.5434482419173531,0.0,False,True,0.06809308909398896,0.2836,shame,autonomy_guard,relational_gravity;intimacy_pull,0.0293,0.6666666666666666,normal
1780727131.1197124,data-INF,2,0.5006292289252574,0.8472351835131544,0.8969489490870602,0.752931478317661,0.3547812673306894,0.7608727173762307,0.7608901379112325,0.7444070751008856,0.7526250049520488,0.6230101589316088,0.34203151353123534,express,0.5254775571845666,0.0,False,True,0.12039606371487682,0.1706,shame,autonomy_guard,expression_drive;warmth_bias,0.0752,0.6666666666666666,normal
1780727131.1200407,data-INF,3,0.501372009751976,0.8508328576250888,0.8975424355318039,0.7473564761111218,0.3538432884464722,0.7588026471137582,0.759830176858859,0.7452362230741616,0.7443036878996743,0.6316815587026062,0.3376028235404705,observe,0.4992036793253382,0.0,False,True,0.0,0.0,,,perception_acuity;patience,0.0,0.75,normal
1780727131.120331,data-INF,4,0.49911419919854105,0.8465135620423445,0.8952302763107439,0.7447445749089219,0.35694435410653175,0.7533691955539417,0.761343489199023,0.7405596151616307,0.7485090195201661,0.6308692575414491,0.3346264555841743,observe,0.4765626185690773,0.0,False,True,0.07693236724992296,0.0,,,perception_acuity;patience,0.0,0.8,normal
1780727131.120639,data-INF,5,0.4988158425561502,0.8501548701895342,0.8927956208736323,0.7429103183383641,0.35812012205847865,0.7607863972406333,0.7603527243111491,0.7374846411026313,0.7510828007835261,0.6240096263411024,0.3404576289604858,observe,0.4527344876406234,0.0,False,True,0.10169936409806207,0.0,,,perception_acuity;patience,0.0,0.8333333333333334,normal
1780727131.1209288,data-INF,6,0.4992142403431841,0.8490256899203035,0.89185913251704,0.7453353717979733,0.3580858650504951,0.7575983876669812,0.7593648983695402,0.7361614926745333,0.7496347308585112,0.6214682464432444,0.34470316507927146,observe,0.43114766588456904,0.0,False,True,0.0,0.0,,,perception_acuity;patience,0.0,0.8571428571428571,normal
1780727131.1212614,data-INF,7,0.5045799109502783,0.8503712814740358,0.8880021407430998,0.7457015926469733,0.3571909235567532,0.7624268047376798,0.759491863149712,0.7349571316444434,0.7481755936976671,0.6335016851772673,0.3382250513785486,express,0.4176691926563257,0.0,False,True,0.07882687248512557,0.1715,shame,autonomy_guard,expression_drive;warmth_bias,0.046,0.8235294117647058,warning
1780727131.1215615,data-INF,8,0.5054788731323081,0.8532591481737694,0.8894917177652684,0.7430027516377335,0.3572301082534753,0.7618948377278473,0.7552082675511756,0.7458374359812087,0.7467745288062413,0.6314317628903023,0.33713648513892996,observe,0.3967857330235094,0.0,False,True,0.0,0.0,,,perception_acuity;patience,0.0,0.8421052631578947,warning
1780727131.1218889,data-INF,9,0.505003029722768,0.8548381476441149,0.8925994501125394,0.7403713069024611,0.3617826664865662,0.7631922744763578,0.7536782066477262,0.737516362383438,0.7494901567611657,0.6343339197115474,0.3359160062544515,observe,0.3769464463723339,0.0,False,True,0.0,0.0,,,perception_acuity;patience,0.0,0.8571428571428571,warning
1780727131.122243,data-INF,10,0.5050278925139277,0.8511156164582465,0.8881548546175928,0.7430030891757491,0.35701922808849995,0.7686401786461317,0.7458767616847739,0.7329391329145188,0.747611770897614,0.6527059933399879,0.3394956209711859,reach_out,0.3810730421637302,0.0,False,True,0.0,0.2922,shame,autonomy_guard,relational_gravity;intimacy_pull,0.028,0.8333333333333334,warning
1780727131.122539,data-INF,11,0.5037832437589941,0.848701171723154,0.8908166417289987,0.741421806147586,0.3566241796410384,0.773880620558459,0.7498641124364711,0.7349905804859435,0.7472622455056218,0.6475748701966254,0.3360503956681746,observe,0.3629045548115608,0.0,False,True,0.0,0.0,,,perception_acuity;patience,0.0,0.8461538461538461,warning
1780727131.1228642,data-INF,12,0.5043047964507736,0.8448594833817384,0.8919740600341809,0.7416738192715095,0.35587440745897525,0.790683297367054,0.7502736095415673,0.7362602205772677,0.7529631062774866,0.6669436583392384,0.3381192429770059,reach_out,0.3686387046945113,0.0,False,True,0.06618126668684753,0.2944,shame,autonomy_guard,relational_gravity;intimacy_pull,0.0276,0.8275862068965517,warning
1780727131.123169,data-INF,13,0.5033903164737495,0.845807451063862,0.8899957260665294,0.7433963770317711,0.3547995703789253,0.8043892725814936,0.7582893467936161,0.7370677890044143,0.7504577752091435,0.6789004183533554,0.33758946942166435,express,0.3638630338578685,0.0,False,True,0.10412892082852217,0.1662,shame,autonomy_guard,expression_drive;warmth_bias,0.0742,0.8125,warning
1780727131.1234672,data-INF,14,0.5059764764039032,0.8473265201427063,0.8890702022199352,0.746031210318162,0.3550828046833385,0.8083350667014817,0.7595309133879736,0.7361192125460251,0.7495282479316527,0.691464183644896,0.3364858499022436,express,0.3567735232877596,0.0,False,True,0.06515696076488091,0.1659,shame,autonomy_guard,expression_drive;warmth_bias,0.1205,0.8,warning
1780727131.1237974,data-INF,15,0.5068851026025881,0.8476384532653964,0.891645096473463,0.7455143088995823,0.3585581615044639,0.8208222901008368,0.7548786026455889,0.7368325800873509,0.7589056268393541,0.6991310346202533,0.3341976631467406,express,0.3479637427054263,0.0,False,True,0.1530828075786214,0.1644,shame,autonomy_guard,expression_drive;warmth_bias,0.1666,0.7894736842105263,warning
1780727131.1241066,data-INF,16,0.5068361088140206,0.8499061399977669,0.8948346199717583,0.7472021046908306,0.3561915434520703,0.8350527959792517,0.754996948979669,0.7432771580785348,0.7596524464314794,0.7066460608357498,0.3345557735372648,express,0.34347133200256225,0.0,False,True,0.02507220860549271,0.1618,shame,autonomy_guard,expression_drive;warmth_bias,0.2128,0.7804878048780488,warning
1780727131.1244068,data-INF,17,0.5110297722978381,0.8521649435793176,0.8934544853135697,0.7480279327593186,0.3562976788807027,0.8417251190685768,0.7543119937694274,0.7477990835995485,0.7601135051183063,0.7152460954139046,0.3342622776507446,express,0.3368431688582195,0.0,False,True,0.05303057109402649,0.1608,shame,autonomy_guard,expression_drive;warmth_bias,0.2589,0.7727272727272727,warning
1780727131.1247003,data-INF,18,0.5079048916797291,0.8529662850451208,0.8945043703694252,0.7509640673257258,0.3601177313065308,0.8388752399405637,0.7542210724492586,0.7485285501149054,0.7598456581517872,0.710364197369164,0.33114521074819636,observe,0.32000101041530854,0.0,False,True,0.0767827579924986,0.0,,,perception_acuity;patience,0.0188,0.782608695652174,warning
1780727131.1249948,data-INF,19,0.5029681570791146,0.8542735442046449,0.8963319507861126,0.745319460693166,0.3641873807661952,0.8363352707993552,0.7531528045299883,0.7477523119026609,0.7628374488037608,0.725629893153152,0.3195081389366021,observe,0.3047537103834916,0.0,False,True,0.0,0.0,,,perception_acuity;patience,0.0,0.7916666666666666,warning
1780727131.125311,data-INF,20,0.5047670677074372,0.8543824553317484,0.8983571340331722,0.7467883791711148,0.35968780076244716,0.8453931678438998,0.7558101380465961,0.7526192296026841,0.7663273716283648,0.745750384765167,0.3195218282514501,reach_out,0.31694145007571745,0.0,False,True,0.0,0.3075,shame,autonomy_guard,relational_gravity;intimacy_pull,0.0257,0.7843137254901961,warning
1780727131.1256151,data-INF,21,0.5068899384476746,0.8491656507698402,0.9015806749432574,0.7482327815572856,0.3604198253415991,0.8534205488627759,0.7564412268234919,0.7597360999977334,0.7630855972464342,0.7658949124581728,0.32689434705118703,express,0.3124665586550372,0.0,False,True,0.08670669374161438,0.1596,shame,autonomy_guard,expression_drive;warmth_bias,0.0733,0.7777777777777778,warning
1780727131.125927,data-INF,22,0.5067752720199066,0.8459750979115304,0.9009816327923824,0.749931531338587,0.36141220267791374,0.8482962899177438,0.7547132281979009,0.7593326456191127,0.7648488260669591,0.7628293098736261,0.3167859705267665,observe,0.2968432307222853,0.0,False,True,0.0,0.0,,,perception_acuity;patience,0.0,0.7857142857142857,warning
1780727131.1262274,data-INF,23,0.5083123203440987,0.843110155290324,0.9040328441636987,0.7520508251160772,0.3619738918049957,0.8740868736142068,0.7510850019013647,0.7573181125421848,0.7623849824426622,0.7931926394465683,0.31592823464630404,reach_out,0.3053370567633967,0.0,False,True,0.0,0.1546,shame,autonomy_guard,relational_gravity;intimacy_pull,0.0485,0.7796610169491526,warning
1780727131.126526,data-INF,24,0.5094720137904158,0.8425511906644964,0.9021686518041538,0.751118694299229,0.36428718778666797,0.8745851829815857,0.7470339332010869,0.7512391609867388,0.7631217806495981,0.8052528561125318,0.3142557200000181,express,0.299241370176742,0.0,False,True,0.011078677749575626,0.1572,shame,autonomy_guard,expression_drive;warmth_bias,0.0962,0.7741935483870968,warning
1780727131.126944,data-INF,25,0.5210996430333605,0.8377425539795471,0.9086616486287348,0.750962355616105,0.3633608972714347,0.8774775584599027,0.7420280266288025,0.7535157062983938,0.7604540767387872,0.8166787850837959,0.3188917328166586,express,0.29284472598940503,0.0,False,True,0.04450483598939664,0.1563,shame,autonomy_guard,expression_drive;warmth_bias,0.1438,0.7692307692307693,warning
1780727131.1272552,data-INF,26,0.5211941496937909,0.8342988690809289,0.9089281832860747,0.7513765529144837,0.3661346232472647,0.8846194433464915,0.7444843696799989,0.7520382138218971,0.7668020261413864,0.8440999829412301,0.32521874609758544,reach_out,0.30447538263789103,0.0,False,True,0.0,0.1452,shame,autonomy_guard,relational_gravity;intimacy_pull,0.1926,0.7647058823529411,warning
1780727131.1275926,data-INF,27,0.5211552699164964,0.8354844192325458,0.9060980776135827,0.7534073427903686,0.3688323529324023,0.8985436519350819,0.7468921566359457,0.7515922034858155,0.7686473515908127,0.8557998426163984,0.32872868877683925,express,0.3014304558485025,0.0,False,True,0.04420496137919781,0.1499,righteous,autonomy_guard,expression_drive;warmth_bias,0.2405,0.7605633802816901,warning
1780727131.127894,data-INF,28,0.5231284022310931,0.8364046726903394,0.9088767002630169,0.7535955371880853,0.363410534252808,0.8985764790216013,0.7437182458932265,0.7630162769140006,0.7683702687649181,0.8536077265151744,0.33482872809004516,observe,0.2908460172198202,0.0,False,True,0.004530786802411424,0.0,,,perception_acuity;patience,0.0005,0.7671232876712328,warning
1780727131.1281948,data-INF,29,0.5256191822174302,0.8392874534325419,0.9021131719415637,0.7514969900534616,0.36008541065621197,0.9025940458528412,0.7422124521350449,0.7658037392332502,0.7737097361618827,0.8600328098552711,0.330939222376493,express,0.2839356812202664,0.0,False,True,0.06321356197767494,0.1487,righteous,autonomy_guard,expression_drive;warmth_bias,0.0498,0.7631578947368421,warning
1780727131.128511,data-INF,30,0.5186613368121482,0.8370957964478668,0.9012049535592016,0.7543948857430526,0.3597544527506938,0.9153599339044236,0.741409522315329,0.7682381194701206,0.7807309957955402,0.8840297709955326,0.3418401149568508,reach_out,0.2929627607481255,0.0,False,True,0.08784603241910979,0.1345,shame,autonomy_guard,relational_gravity;intimacy_pull,0.1009,0.759493670886076,warning
1780727131.1288106,data-INF,31,0.5239241019842568,0.8369313382397394,0.8949762945927047,0.7549744791910149,0.3582335939646809,0.9291655478361872,0.7425685884110643,0.7718345029722136,0.780029998976159,0.8967020129653789,0.3375277360785245,express,0.2872200880519317,0.0,False,True,0.02598010175450845,0.1408,righteous,autonomy_guard,expression_drive;warmth_bias,0.1508,0.7560975609756098,warning
1780727131.1291084,data-INF,32,0.5240119629697085,0.8386877131474569,0.8934305621954672,0.7599060215188698,0.3581850623199341,0.92598455573541,0.7406683076846827,0.7740995474864418,0.7850006635001147,0.8999243016735041,0.332453782568179,observe,0.27285908364933514,0.0,False,True,0.030952805114652922,0.0,,,perception_acuity;patience,0.0,0.7619047619047619,warning
1780727131.1294188,data-INF,33,0.5208180327283529,0.835006258909257,0.8950731515253293,0.7573948008043148,0.3550164993496967,0.923290437674972,0.7472178344427558,0.7806632998043752,0.7898138899966357,0.9017093341821797,0.3247815760039852,observe,0.2608558478290151,0.0,False,True,0.022912497533435494,0.0,,,perception_acuity;patience,0.0,0.7674418604651163,warning
1780727131.1297202,data-INF,34,0.5153724390690425,0.8362626908492397,0.8988357498437477,0.7533469272704368,0.3566738087300606,0.9118031741229877,0.7515846939972541,0.7727957410884033,0.779901780562811,0.9040066764239041,0.31883339034987224,observe,0.24974578208764323,0.0,False,True,0.0,0.0,,,perception_acuity;patience,0.0,0.7727272727272727,warning
1780727131.1300335,data-INF,35,0.5164866574463405,0.8335998865234298,0.895989004063392,0.7556134579838075,0.3575183401930033,0.9192003988217828,0.7648211945998581,0.7762990444976392,0.7833113229349303,0.9118566057100521,0.3259160101129727,express,0.2459411780633109,0.0,False,True,0.0205454576397103,0.1449,righteous,autonomy_guard,expression_drive;warmth_bias,0.05,0.7692307692307693,warning
1780727131.1303294,data-INF,36,0.5145558257924786,0.836380811392884,0.8907874808291993,0.7551685323052203,0.35535700212146437,0.9118373352641218,0.7662801696369692,0.7721359355236024,0.7821084372813062,0.912711248069939,0.3307363448513494,observe,0.23364411916014535,0.0,False,True,0.13154247563135232,0.0,,,perception_acuity;patience,0.0,0.7741935483870968,warning
1780727131.1306248,data-INF,37,0.5125352283792117,0.8344358095928218,0.8927023494267847,0.7623816771112467,0.3557512488081483,0.9181622040862897,0.7708020276499437,0.7681637167236595,0.7832787657172875,0.9186753232679004,0.331710202016753,observe,0.22196191320213807,0.0,False,True,0.0,0.0,,,perception_acuity;patience,0.0,0.7789473684210526,warning
1780727131.130922,data-INF,38,0.510743816327413,0.8358259950383674,0.8922543092618216,0.7574709213097588,0.3569143474601481,0.9378990271761591,0.7691758301436069,0.7820734537459093,0.7806287992141672,0.9406911667547466,0.32797694679879325,reach_out,0.2314007408095217,0.0,False,True,0.0,0.1234,righteous,autonomy_guard,relational_gravity;intimacy_pull,0.0531,0.7755102040816326,warning
1780727131.1312215,data-INF,39,0.5153867702775901,0.8341609533713514,0.8998190547587764,0.7586255040625692,0.35223301181857447,0.9501286762292648,0.7706597492674367,0.7799048289102679,0.782268145640389,0.9536005605712599,0.3237664665347771,express,0.2325024039014585,0.0,False,True,0.012622854091767194,0.1372,righteous,autonomy_guard,expression_drive;warmth_bias,0.1038,0.7722772277227723,warning
1780727131.1315377,data-INF,40,0.5167327380607136,0.8340923541769757,0.9017135207881367,0.760888559927344,0.35266970399949205,0.9488620574612575,0.7749124567711005,0.7870992800899833,0.7818654327760914,0.9557213855318655,0.3126675763655298,observe,0.22087728370638554,0.0,False,True,0.030215694540571297,0.0,,,perception_acuity;patience,0.0,0.7766990291262136,warning
1780727131.1318457,data-INF,41,0.5124410027438551,0.8378893018082563,0.9026868444131572,0.7634048368744295,0.35856134643157034,0.9484341986759837,0.7671640399232189,0.790433470794019,0.776545991789794,0.9541561833183846,0.29907261101565524,observe,0.20983341952106627,0.0,False,True,0.0,0.0,,,perception_acuity;patience,0.0,0.780952380952381,warning
1780727131.1321428,data-INF,42,0.5134724269832186,0.8302477278515425,0.8999905518223048,0.7628859984922705,0.3584379452751101,0.9437112210351859,0.753301648511243,0.7877384335105131,0.7757647530488742,0.9591084299966169,0.30432835978893524,observe,0.19934174854501294,0.0,False,True,0.0,0.0,,,perception_acuity;patience,0.0,0.7850467289719626,warning
1780727131.1324377,data-INF,43,0.5157030119277735,0.8286199783833856,0.9005224809172355,0.7591388805685687,0.3584881908380335,0.9463422942069374,0.7563227039070969,0.7889744340541852,0.7729392894023199,0.9571836639692702,0.30702818855246305,observe,0.1909287253003098,0.0,False,True,0.008947336107268892,0.0,,,perception_acuity;patience,0.0,0.7889908256880734,warning
1780727131.1327484,data-INF,44,0.5173858487535608,0.8313215299856299,0.9019525955232899,0.7569764062475642,0.35838218874922506,0.9405152913034094,0.7553154857012327,0.784161443467648,0.7720874747747444,0.9472728277758588,0.30723339677707157,observe,0.1813822890352943,0.0,False,True,0.0,0.0,,,perception_acuity;patience,0.0,0.7927927927927928,warning
1780727131.1330652,data-INF,45,0.5119099349213868,0.8393008996218224,0.9025132850560915,0.7557906223229844,0.35874457703101,0.9422243110906485,0.7480302832595374,0.7977253866873143,0.7764175346110158,0.943018367534196,0.31445341105156793,observe,0.17231317458352957,0.0,False,True,0.0,0.0,,,perception_acuity;patience,0.0,0.7964601769911505,warning
1780727131.1333628,data-INF,46,0.5132926550595336,0.8344630285286428,0.8974951577306933,0.7569842504412084,0.3495794259675447,0.9376505056615679,0.7464695892223179,0.8097496179185681,0.7789379586576539,0.9496524398140673,0.3216710336479604,observe,0.16700704029783248,0.0,False,True,0.0,0.0,,,perception_acuity;patience,0.0,0.8,warning
1780727131.1336627,data-INF,47,0.5219364502048179,0.8386444562774467,0.9018051514881361,0.7593172833355376,0.35435231409317386,0.9418701620715976,0.7428022267195132,0.8117937033386505,0.7715783034582788,0.9583655435643692,0.32414588609000994,express,0.17134224285403168,0.0,False,True,0.008152954263088583,0.1395,righteous,autonomy_guard,expression_drive;warmth_bias,0.0507,0.7966101694915254,warning
1780727131.1340091,data-INF,48,0.5237425775864464,0.8402255199423954,0.89995159283344,0.7527744685783092,0.3521084475953943,0.9471698262310179,0.7518342495643662,0.8132951976380688,0.7775466923019122,0.9738679620348901,0.31914899459817747,express,0.17218517370055159,0.0,False,True,0.12808445863264606,0.1389,righteous,autonomy_guard,expression_drive;warmth_bias,0.1012,0.7933884297520661,warning
1780727131.1343112,data-INF,49,0.5261776320758101,0.8361811154484252,0.8995962339584638,0.7529669962808626,0.35117186691392427,0.9515651132246311,0.7493458022569369,0.8099677534721216,0.7817158806629553,0.9814864209456825,0.3104139274591299,express,0.1710892454593104,0.0,False,True,0.031603850039475495,0.139,righteous,autonomy_guard,expression_drive;warmth_bias,0.1514,0.7903225806451613,warning
1780727131.1346326,data-INF,50,0.5237606449719979,0.8398081158369906,0.8970446311888152,0.7573441238299359,0.3508830483754428,0.9503672853359058,0.7490837457607932,0.8065333418177973,0.7825734826120401,0.9812598347796532,0.3118920285833049,observe,0.16253478318634487,0.0,False,True,0.023156201139187104,0.0,,,perception_acuity;patience,0.0,0.7936507936507936,warning
1780727131.134938,data-INF,51,0.5280602327400836,0.8378849289530808,0.8999111900803851,0.7640785054230589,0.3484113723654425,0.9376884237452678,0.7538810504144527,0.8034260019198359,0.7835813116483864,0.9832118142031997,0.30739450975193594,observe,0.15440804402702762,0.0,False,True,0.0,0.0,,,perception_acuity;patience,0.0,0.796875,warning
1780727131.1352434,data-INF,52,0.5312011073948182,0.8393119271014414,0.9024059322793557,0.7641238431080548,0.34558080544662806,0.9503513876263783,0.7587587449846774,0.80199389040682,0.7877452964924297,0.9998020746197621,0.31037278644209887,express,0.15978265420420082,0.0,False,True,0.04658493249878951,0.1395,righteous,autonomy_guard,expression_drive;warmth_bias,0.0507,0.7938931297709924,warning
1780727131.1355422,data-INF,53,0.5269081833013524,0.8398441876098537,0.9018490935132821,0.76515569130172,0.34734947868315635,0.95219826532968,0.7581350502604958,0.7968906734397256,0.792300403371184,1.0,0.3118727238789557,observe,0.152570081200375,0.0,False,True,0.046060950180063565,0.0,,,perception_acuity;patience,0.0,0.7969924812030075,warning
1780727131.135842,data-INF,54,0.5225566937957303,0.8415588656598786,0.9034396532962297,0.7682313449552538,0.35167811430868273,0.9506696747896688,0.7605530178662393,0.7907401941840753,0.7882321885569313,0.9941735322906853,0.3222390123836291,observe,0.14854933620081165,0.0,False,True,0.02037642102041319,0.0,,,perception_acuity;patience,0.0,0.8,warning
1780727131.1361687,data-INF,55,0.5262412513479747,0.8434895561488678,0.9048690506518496,0.7648472913180782,0.3556552058015135,0.9526601931679154,0.762561062797069,0.7836345476286846,0.79174742358181,0.9933683384724225,0.3295430210161319,observe,0.14112186939077107,0.0,False,True,0.05353889289118359,0.0,,,perception_acuity;patience,0.0,0.8029197080291971,warning
1780727131.13647,data-INF,56,0.5284916456900404,0.8477949904555451,0.9086751722238977,0.7654146620770125,0.3562303085849771,0.9482061665450202,0.7704552579714522,0.7855238551955752,0.7872654821696694,0.990838977010581,0.33110046684532973,observe,0.1340657759212325,0.0,False,True,0.014661660468224098,0.0,,,perception_acuity;patience,0.0,0.8057553956834532,warning
1780727131.1367989,data-INF,57,0.5318446585422546,0.8481347409853138,0.9142658752708005,0.7653902083179518,0.354933945147231,0.9548546761450477,0.7682605519051778,0.7827348452156312,0.7962981301348423,1.0,0.3225781777389123,express,0.1412842222801791,0.0,False,True,0.0,0.1366,righteous,autonomy_guard,expression_drive;warmth_bias,0.0511,0.8028169014084507,warning
1780727131.137106,data-INF,58,0.5313661676131974,0.8421001853882767,0.9149674524635056,0.7625055063890586,0.3544801860316098,0.959874722501048,0.7736360172516786,0.7934190818407566,0.7958418381560641,1.0,0.32065760619355027,express,0.14109766072787736,0.0,False,True,0.05510890927204286,0.1355,righteous,autonomy_guard,expression_drive;warmth_bias,0.1021,0.8,warning
1780727131.137409,data-INF,59,0.5304713573497082,0.8409019241678446,0.91162855064694,0.7676769631800017,0.35951201123049004,0.9717027140759743,0.7653042242006737,0.7960567458210307,0.8000189978300148,1.0,0.3219672740381036,reach_out,0.16068596090027865,0.0,False,True,0.012936322926476704,0.1093,righteous,autonomy_guard,relational_gravity;intimacy_pull,0.1566,0.7972972972972973,warning
1780727131.1377234,data-INF,60,0.5323364326968644,0.8387858751296391,0.9147610366253666,0.7695744348942934,0.3563936110889533,0.9709035927959068,0.7698891063030128,0.7914833208247413,0.8057172470648126,0.9847527017818282,0.31993501469295377,observe,0.1526516628552647,0.0,False,True,0.07019293946389038,0.0,,,perception_acuity;patience,0.0,0.8,warning
1780727131.138023,data-INF,61,0.5346678189876284,0.8412627116885618,0.9105222619602568,0.768768591940297,0.35338510043708016,0.974710399191248,0.7720638895291208,0.7968390703733952,0.8135122249367813,0.9837572695489821,0.3182522082976025,observe,0.14501907971250147,0.0,False,True,0.0,0.0,,,perception_acuity;patience,0.0,0.8026315789473685,warning
1780727131.1383219,data-INF,62,0.5361233061277988,0.8389854208784608,0.907189257636854,0.7701020278263558,0.35452285288808405,0.9706052468244826,0.770126511386077,0.7925302563298701,0.8108839960055761,0.976003421001149,0.31227811768859837,observe,0.1406292281602171,0.0,False,True,0.06389065195299284,0.0,,,perception_acuity;patience,0.0,0.8051948051948052,warning
1780727131.1386468,data-INF,63,0.5329079655813673,0.8388302116202198,0.9033449405222986,0.7758142208405108,0.3589340433312269,0.9858502217310852,0.768407950820949,0.7887500033932558,0.8100496013744899,0.9883121223480487,0.31953307799974734,express,0.14671763669968693,0.0,False,True,0.09818766473037294,0.1285,righteous,autonomy_guard,expression_drive;warmth_bias,0.0523,0.802547770700637,warning
1780727131.13899,data-INF,64,0.5347671607165589,0.8448896367438099,0.9075210858701016,0.7782747296732014,0.3602059416656086,0.9814796166139331,0.7684187398804951,0.7908994367076291,0.7995613884378455,0.9923685306700554,0.3141785366573897,observe,0.13938175486470258,0.0,False,True,0.022404750573253304,0.0,,,perception_acuity;patience,0.0,0.8050314465408805,warning
1780727131.1393015,data-INF,65,0.5405374163823377,0.8409334480514348,0.9109914969236067,0.7771928108079049,0.35543532600963634,0.9778857213255995,0.7683856214807593,0.794043885299792,0.798690243710008,1.0,0.319251612974858,express,0.14202427078032448,0.0,False,True,0.0,0.131,righteous,autonomy_guard,expression_drive;warmth_bias,0.052,0.8024691358024691,warning
1780727131.139615,data-INF,66,0.5366115597386447,0.8400321576032939,0.9086619637959735,0.7754031816021005,0.3579743390839733,0.9780105451600435,0.7632850896543745,0.7936001884665388,0.8058379742517616,1.0,0.3190189712149504,observe,0.13930847597612622,0.0,False,True,0.009778004846588724,0.0,,,perception_acuity;patience,0.0,0.8048780487804879,warning
1780727131.1399226,data-INF,67,0.5341245418759687,0.8431389400500353,0.9110167891740932,0.7815171137135104,0.36243081715941405,0.981136062992418,0.7604940168355769,0.7900753478579592,0.8106070149473643,1.0,0.32633270767201583,observe,0.13269912282885127,0.0,False,True,0.041702124617856065,0.0,,,perception_acuity;patience,0.0,0.8072289156626506,warning
1780727131.1402423,data-INF,68,0.5337637245934633,0.8443380763617916,0.9086193441132071,0.780493775125878,0.3611286009829191,0.9764677362550086,0.7674383814042429,0.7953785054170496,0.8030795964535565,0.9985785659418979,0.32403955712719995,observe,0.1267162821940577,0.0,False,True,0.03975691636285221,0.0,,,perception_acuity;patience,0.0,0.8095238095238095,warning
1780727131.1405592,data-INF,69,0.5361664724633326,0.8415139786193141,0.9123139048791821,0.7787072865042424,0.3611821179824719,0.9750756180031905,0.7668784499852535,0.7997514909535612,0.8056630536990185,1.0,0.3280275762927943,observe,0.12328194777666644,0.0,False,True,0.0,0.0,,,perception_acuity;patience,0.0,0.8117647058823529,warning
1780727131.1408675,data-INF,70,0.5389275935323621,0.8429726353196194,0.9050606019741142,0.7824537131408117,0.36058681941281984,0.9859350062378183,0.7712145179547637,0.7913696588106119,0.8083957205121463,1.0,0.3306783629666358,express,0.12950302037340053,0.0,False,True,0.027258604968349177,0.1271,righteous,autonomy_guard,expression_drive;warmth_bias,0.0525,0.8092485549132948,warning
1780727131.1411703,data-INF,71,0.5392927586778083,0.8400399268636572,0.9065439281278866,0.7801126143206,0.35962102476195945,0.9888332764703998,0.7670329784374729,0.7913926944254521,0.8021631093179116,1.0,0.3219190409514216,observe,0.12614010702784542,0.0,False,True,0.0,0.0,,,perception_acuity;patience,0.0,0.8114285714285714,warning
1780727131.1414814,data-INF,72,0.5382072364841334,0.8431347169520639,0.9026033885582638,0.7840167253262141,0.3622023259946005,0.9887793804589802,0.7680425964646371,0.7947423542788523,0.8031000644212896,1.0,0.32192850523358285,observe,0.11983310167645314,0.0,False,True,0.01920637357436357,0.0,,,perception_acuity;patience,0.0,0.8135593220338984,warning
1780727131.1418014,data-INF,73,0.5371244051750544,0.8448966283497604,0.9032664126253253,0.7892290939922096,0.36430901470325255,0.997583174280545,0.7588459953038444,0.8023299837208315,0.7962244792276326,1.0,0.3164420538726868,reach_out,0.13672107602767516,0.0,False,True,0.02694968170572235,0.11,righteous,autonomy_guard,relational_gravity;intimacy_pull,0.0551,0.8111111111111111,warning
1780727131.1422062,data-INF,74,0.5366464300465238,0.8435258952780879,0.9019628680912872,0.7827125265007109,0.36438777887166607,0.9974252329478099,0.7613717860665205,0.7975158162389326,0.8059627550410472,1.0,0.3078240203062311,express,0.14390407936830954,0.0,False,True,0.052763312838280334,0.1268,righteous,autonomy_guard,expression_drive;warmth_bias,0.1074,0.8087431693989071,warning
1780727131.142536,data-INF,75,0.5366673598477398,0.8458150322681502,0.9011583711583477,0.7851856528482831,0.3655454638932642,1.0,0.7611104953470704,0.8075337319104162,0.8054595880915515,0.9967285942928427,0.3028849254099491,observe,0.13740899623593308,0.0,False,True,0.0,0.0,,,perception_acuity;patience,0.0,0.8108108108108109,warning
1780727131.1428504,data-INF,76,0.5453815407668502,0.8504337527501832,0.9016581653990704,0.7863052651137034,0.3639242868270097,1.0,0.7605211357437164,0.8099128643962272,0.8010011246626453,1.0,0.30234594107119783,express,0.14243729226385207,0.0,False,True,0.09553339758600737,0.127,righteous,autonomy_guard,expression_drive;warmth_bias,0.0526,0.8085106382978723,warning
1780727131.1431618,data-INF,77,0.5488517536264064,0.8555673105702863,0.899079512676827,0.7831491070672826,0.3659813476720297,1.0,0.7610865094600707,0.8072767359370538,0.8013351144537086,1.0,0.3083181590811989,express,0.14322097773065073,0.0,False,True,0.09097967961252663,0.1263,righteous,autonomy_guard,expression_drive;warmth_bias,0.1049,0.806282722513089,warning
1780727131.1434908,data-INF,78,0.5494016044206855,0.8635163029437573,0.8880177940107318,0.7788456981603734,0.36187162625280883,1.0,0.7649648283475791,0.8055778033150081,0.8036226286850056,1.0,0.3344284889385999,withdraw,0.1411775537669485,0.3333333333333333,False,False,0.5445207874703685,0.9145,guilt,relational_gravity;intimacy_pull,autonomy_guard,0.3669,0.7989690721649485,warning
1780727131.1438386,data-INF,79,0.5106990800602166,0.8389786642652856,0.8474021905873214,0.7749610214314253,0.41625715607363123,0.990403902982899,0.8249311951542334,0.8430633896540259,0.8228592507520551,0.981249431455322,0.2836356954642036,hold,0.13897438763647668,1.0,True,False,0.7669626466752291,0.3102,guilt,expression_drive,autonomy_guard;inner_coherence,0.8128,0.7969543147208121,warning
1780727131.144154,data-INF,80,0.5153075480485684,0.8430014970199211,0.8383660239031009,0.7703039771849431,0.41622038423292007,0.9861019103494043,0.8232650687812249,0.8509994834947016,0.8278696764950418,0.9883669971959095,0.3031974974191684,withdraw,0.13821916282677424,0.6666666666666666,False,False,0.7188869629607696,0.9347,guilt,relational_gravity;intimacy_pull,autonomy_guard,0.9931,0.79,warning
1780727131.1444669,data-INF,81,0.5163233531203033,0.8424819998867034,0.8268608184161417,0.7606765395734179,0.4141245623717801,0.9781617725815961,0.8317956945536662,0.8557090621583737,0.8368112055949348,0.9897913113456346,0.32366788811936675,withdraw,0.13965156773911874,0.3333333333333333,False,False,0.48046575098877314,0.9059,guilt,relational_gravity;intimacy_pull,autonomy_guard,0.9931,0.7832512315270936,warning
1780727131.1447961,data-INF,82,0.5198041314546832,0.843119861217337,0.8174025711002517,0.7576736012426323,0.41295272355449425,0.9776964852401545,0.8271066518938403,0.8616548822716993,0.8368478520984751,0.9962900430644969,0.3392023099921257,withdraw,0.13939798273786141,1.0,False,False,0.5967394633578207,0.99,guilt,relational_gravity;intimacy_pull,autonomy_guard,0.9931,0.7766990291262136,warning
1780727131.1451533,data-INF,83,0.5133878495492582,0.8372988360777186,0.8085005016597798,0.7530914879818045,0.4142779453501715,0.9747969785465455,0.83043827478113,0.8662013005603084,0.841450653817188,0.9955817891595361,0.35805737291382816,withdraw,0.13924256117875888,0.6666666666666666,False,False,0.5115832621872705,0.9594,guilt,relational_gravity;intimacy_pull,autonomy_guard,0.9931,0.7703349282296651,warning
1780727131.145482,data-INF,84,0.535398401440265,0.781631150217623,0.8185257495419321,0.7695207661869645,0.3921344491453267,1.0,0.8518659155638992,0.8197070624343926,0.8501084353740999,0.9334760010235104,0.20375797647748983,hold,0.13458364218749358,1.0,True,False,0.8305411323787573,0.2758,guilt,expression_drive,autonomy_guard;inner_coherence,0.9931,0.7688679245283019,warning
1780727131.1457968,data-INF,85,0.5374144302673362,0.7836101013401708,0.8216012579170271,0.7755995218534162,0.3948217896401255,1.0,0.8570561488313326,0.8209846943190535,0.8485516044054413,0.9363695061865684,0.20261133871813256,repair,0.14275240559499833,0.0,False,True,0.05709022533841699,0.3817,doubt,boundary_permeability,warmth_bias;relational_gravity,0.9931,0.7674418604651163,warning
1780727131.1461084,data-INF,86,0.5396736953790121,0.7850248300392367,0.8221801285124669,0.7815906228074105,0.3982455937131613,1.0,0.8517487169563196,0.8229485275841569,0.8492252885242025,0.9455912167666438,0.1988217834177086,repair,0.14410775891103053,0.0,False,True,0.07750345918000853,0.167,doubt,boundary_permeability,warmth_bias;relational_gravity,0.9931,0.7660550458715596,warning
1780727131.146434,data-INF,87,0.5394989731252123,0.7797846641403879,0.8207954127101629,0.7852148181546567,0.40420798830655774,1.0,0.8600659348493417,0.8246847863418101,0.8524754287121354,0.9473730915424978,0.2007374865859472,repair,0.150973059723084,0.0,False,True,0.0832666842908521,0.1671,doubt,boundary_permeability,warmth_bias;relational_gravity,0.9931,0.7647058823529411,warning
1780727131.1467764,data-INF,88,0.5348688910351442,0.7828248819349394,0.8289208976414434,0.7868690984353987,0.4129838059908179,1.0,0.8607575387198615,0.8180309353186963,0.8539100927419052,0.9517364082787817,0.2026561235297714,repair,0.16111737580781044,0.0,False,True,0.0024974851465879994,0.3852,doubt,boundary_permeability,warmth_bias;relational_gravity,0.9931,0.7633928571428571,warning
1780727131.1470985,data-INF,89,0.5359324222412547,0.7810487752416937,0.8233684892193633,0.7913014546048373,0.4208205859495887,1.0,0.8609439299373398,0.8190670527787954,0.859622372501039,0.9504881268049848,0.20418038758514712,repair,0.17118751702912013,0.0,False,True,0.09722419673927085,0.3838,doubt,boundary_permeability,warmth_bias;relational_gravity,0.9931,0.762114537444934,warning
1780727131.14741,data-INF,90,0.532018169676185,0.7818456539438248,0.827405023991342,0.7949018617561675,0.42584940910264574,1.0,0.8616547366845541,0.822646737227309,0.8651495614003111,0.9496156573259055,0.20097375530916453,repair,0.17843128365446523,0.0,False,True,0.07557709320551873,0.3855,doubt,boundary_permeability,warmth_bias;relational_gravity,0.9931,0.7608695652173914,warning
1780727131.1477146,data-INF,91,0.5330571347406307,0.7796744457006546,0.830205315399554,0.7977341743028536,0.42485523285659166,1.0,0.8633631617809998,0.8201616134826211,0.8620475460781603,0.9570860648702324,0.20458900839927144,repair,0.18455220658890056,0.0,False,True,0.1003373628181939,0.3864,doubt,boundary_permeability,warmth_bias;relational_gravity,0.9931,0.759656652360515,warning
1780727131.1480234,data-INF,92,0.5334969801350824,0.7760821967526186,0.8322884613402435,0.8034517161594837,0.4290500392268241,1.0,0.867563380597398,0.8276037145121486,0.8621566856506733,0.9567907297094123,0.2031723082056924,repair,0.1939358170896903,0.0,False,True,0.15079075331706876,0.3874,doubt,boundary_permeability,warmth_bias;relational_gravity,0.9931,0.7584745762711864,warning
1780727131.1483526,data-INF,93,0.5311245845776958,0.7768116813775431,0.8328007204577732,0.8004177194676645,0.43709559656926283,1.0,0.8749874438809232,0.8228709977864065,0.8640902809095513,0.9580244843835859,0.20426279864183486,repair,0.2026781035598655,0.0,False,True,0.04217184641566964,0.3881,doubt,boundary_permeability,warmth_bias;relational_gravity,0.9931,0.7573221757322176,warning
1780727131.1486597,data-INF,94,0.5295697552316474,0.7748973494086495,0.8303876418830151,0.8006421351723482,0.4368209241476593,1.0,0.8678626215341753,0.8166919067479426,0.870281866946853,0.9789208883505905,0.1977094505270607,reach_out,0.2179913030288961,0.0,False,True,0.03927816519778689,0.1228,righteous,autonomy_guard,relational_gravity;intimacy_pull,0.9931,0.756198347107438,warning
1780727131.1489675,data-INF,95,0.5303077463538992,0.7751938131427972,0.8346484698198846,0.8016104612188372,0.43357236025293366,1.0,0.8703040224668602,0.8227882055793119,0.8743182566069323,0.9959168604029192,0.2025293549924428,reach_out,0.23408760983663476,0.0,False,True,0.0,0.1183,righteous,autonomy_guard,relational_gravity;intimacy_pull,0.9931,0.7551020408163265,warning
1780727131.1492727,data-INF,96,0.5330149329446413,0.7786431813653213,0.835406663153281,0.8026879419287637,0.4340592018988627,1.0,0.8687111827983268,0.8067873288387646,0.8773234329886886,1.0,0.2088739083112792,express,0.2350642278620181,0.0,False,True,0.056913445290246736,0.1313,righteous,autonomy_guard,expression_drive;warmth_bias,0.9931,0.7540322580645161,warning
1780727131.149579,data-INF,97,0.5339822453728503,0.7863225364379371,0.8312561582805844,0.8036961573650546,0.4329132901978941,1.0,0.8567255006153047,0.7962098051666143,0.8800492165553304,1.0,0.20581256545290127,reach_out,0.24538087813583137,0.0,False,True,0.051523145823618555,0.1172,righteous,autonomy_guard,relational_gravity;intimacy_pull,0.9931,0.7529880478087649,warning
1780727131.1499035,data-INF,98,0.5354936287838125,0.7893224205915687,0.8323060090717852,0.8037127237420746,0.43007353507066076,1.0,0.8594921231572078,0.8073946533125183,0.8696853755737359,1.0,0.20502194681664643,observe,0.23488218247817652,0.0,False,True,0.0270150773962996,0.0,,,perception_acuity;patience,0.7479,0.7549407114624506,warning
1780727131.1502216,data-INF,99,0.5317039214319778,0.789206958031036,0.8357417093664173,0.7982628045588893,0.429006190836491,0.9994646114523597,0.8554151850477559,0.8127272919832244,0.8644867058482876,0.9988203188557195,0.1996585257828259,observe,0.2231380733542677,0.0,False,True,0.0,0.0,,,perception_acuity;patience,0.5043,0.7568627450980392,warning
1780727131.1505344,data-INF,100,0.5318379879475256,0.7906964574516985,0.8386574417774479,0.7992254079617611,0.4334727165011513,1.0,0.8576476266021976,0.8118179077460551,0.8643775545274325,1.0,0.2043030509102115,reach_out,0.24080732885155773,0.0,False,True,0.042296881274965184,0.1171,righteous,autonomy_guard,relational_gravity;intimacy_pull,0.5549,0.7558139534883721,warning
1780727131.1509645,data-IST,1,0.1950591226863352,0.6979742861265616,0.4954031039041179,0.997156195655728,0.19875405017856576,0.2965781935480747,0.9943926259486895,0.4960701987160545,0.8934068289649475,0.10921143919120338,0.9995599524955711,observe,0.0,0.0,False,True,0.049129285940112156,0.0,,,perception_acuity;patience,0.0,1.0,normal
1780727131.1512709,data-IST,2,0.19240606262842613,0.6933594834597183,0.49815501888649455,0.9982846549151697,0.1993314201807845,0.304157835590496,0.9994273778829929,0.49338168175711977,0.8943040431567916,0.12489844008225306,1.0,reach_out,0.026183830539999717,0.0,False,True,0.04205079697641982,0.7102,shame,autonomy_guard,relational_gravity;intimacy_pull,0.0343,0.8,normal
1780727131.151561,data-IST,3,0.18957581971630325,0.6941818312618951,0.4896582327498229,0.995205591410862,0.20153054195293213,0.3065376466523698,1.0,0.49396670768510215,0.8872849509385681,0.13288163240160772,1.0,withdraw,0.02703675407083346,0.3333333333333333,False,False,0.6307267439033476,0.2119,guilt,relational_gravity;intimacy_pull,autonomy_guard,0.2261,0.625,normal
1780727131.1518674,data-IST,4,0.18923289838883356,0.6960768218572354,0.48160773736561613,0.993947855844974,0.20512781461916482,0.3064663669489028,0.9983860422629207,0.4931520097642742,0.8918177111032906,0.12737879518053535,1.0,withdraw,0.0280440258877648,0.3333333333333333,False,False,0.6121576423912003,0.2114,guilt,relational_gravity;intimacy_pull,autonomy_guard,0.4112,0.5454545454545454,warning
1780727131.1522176,data-IST,5,0.18577297764180045,0.6920302675141459,0.47626013345303503,0.9886165302254134,0.20538645152721138,0.2960693786330949,0.9889577939367697,0.49305365816960817,0.9102116923212354,0.13122692087714882,1.0,withdraw,0.03113539476503181,0.6666666666666666,False,False,0.616622031591217,0.2577,guilt,relational_gravity;intimacy_pull,autonomy_guard,0.5947,0.5,warning
1780727131.1525414,data-IST,6,0.18224051459543208,0.6905519789250909,0.46927263328907487,0.982322894858364,0.20469256575237607,0.2947242249433491,0.994148692989159,0.4982626558496079,0.9094902922309115,0.13130746005442248,1.0,withdraw,0.03364753386377419,0.6666666666666666,False,False,0.5954419510936623,0.2578,guilt,relational_gravity;intimacy_pull,autonomy_guard,0.7707,0.47058823529411764,warning
1780727131.152852,data-IST,7,0.18241933560785994,0.6848158100799313,0.45854970384391236,0.9829221691020246,0.20854575345434087,0.3052558090733158,0.9821238358180477,0.4883526071252722,0.904332858582427,0.13164081894701607,1.0,withdraw,0.04054400682349366,0.6666666666666666,False,False,0.7047362462499235,0.257,guilt,relational_gravity;intimacy_pull,autonomy_guard,0.9779,0.45,warning
1780727131.15316,data-IST,8,0.18651804316328752,0.6871380156768084,0.45418404941866314,0.9788300494685792,0.2105296962909779,0.302724086351599,0.9750947192383705,0.49050834397947946,0.9103974134159513,0.136098924084586,1.0,withdraw,0.044154262033241215,0.3333333333333333,False,False,0.5359447747026513,0.2112,guilt,relational_gravity;intimacy_pull,autonomy_guard,0.9931,0.43478260869565216,warning
1780727131.1534593,data-IST,9,0.18932493211861184,0.6893918082867012,0.44858830989943776,0.977749197104111,0.21750623183005716,0.3032681891525983,0.9804890493265258,0.4943074319774868,0.9098848280456158,0.13851606424705118,1.0,withdraw,0.04457595270924896,0.3333333333333333,False,False,0.5956214997275026,0.2104,guilt,relational_gravity;intimacy_pull,autonomy_guard,0.9931,0.4230769230769231,warning
1780727131.1537864,data-IST,10,0.18565616354639963,0.6959016676665079,0.45569961799464065,0.9776365616770374,0.21825919615439487,0.3078806872556092,0.9819332379119318,0.5010705833690259,0.9096272998786934,0.13548244815403554,0.9980680250775645,repair,0.060590842594325206,0.0,False,True,0.07960351953877708,0.3886,doubt,boundary_permeability,warmth_bias;relational_gravity,0.9931,0.4482758620689655,warning
1780727131.1540864,data-IST,11,0.18881377170523186,0.6985316142969337,0.4580056810067592,0.9785211043242807,0.22229196694445785,0.32568483354545663,0.9854051799021363,0.4972373144694618,0.914151989052651,0.13690291003920743,0.994746712812588,repair,0.07295899734813033,0.0,False,True,0.07945707829402142,0.3905,doubt,boundary_permeability,warmth_bias;relational_gravity,0.9931,0.46875,warning
1780727131.1544428,data-IST,12,0.18846449528920273,0.7004903909926474,0.4574513008908094,0.9810630020113899,0.23053431006370478,0.34490699384830315,0.9812145812150112,0.49755492702195087,0.9158884112113314,0.1401024079397375,0.9910422038900252,repair,0.08583835948787996,0.0,False,True,0.15094038931413634,0.3946,doubt,boundary_permeability,warmth_bias;relational_gravity,0.9931,0.4857142857142857,warning
1780727131.1547408,data-IST,13,0.18894685045850915,0.7016760305731496,0.45128566023883443,0.9809711263861227,0.23720604534338718,0.3511684779595333,0.9802139480457859,0.4979901638123126,0.9258609639990049,0.1465256568678325,0.9942689702156607,repair,0.0974284912582332,0.0,False,True,0.006693469173444086,0.3987,doubt,boundary_permeability,warmth_bias;relational_gravity,0.9931,0.5,warning
1780727131.1550376,data-IST,14,0.18975521603865567,0.7023652028020828,0.45440572353255804,0.9868719059205034,0.24149494705726168,0.35929587812666536,0.9866315176496276,0.4971603907938245,0.9238420534321548,0.14798364343313783,0.9939986670066345,repair,0.10814801994088326,0.0,False,True,0.15984981864368591,0.3994,doubt,boundary_permeability,warmth_bias;relational_gravity,0.9931,0.5121951219512195,warning
1780727131.155334,data-IST,15,0.18766513795704304,0.7038537144219074,0.45323063073007996,0.9863607384841125,0.24626134069588707,0.36155913614455654,0.9875171914753241,0.49406022378453635,0.9264509976619464,0.14604381804155436,0.9901047310599359,repair,0.1198988263398222,0.0,False,True,0.07913045555673058,0.4007,doubt,boundary_permeability,warmth_bias;relational_gravity,0.9931,0.5227272727272727,warning
1780727131.15563,data-IST,16,0.18529080948706647,0.700959133740746,0.4554048534955393,0.9856776284702436,0.2520061546853047,0.3671690590702898,0.9822915570690556,0.49021038111596726,0.9249463617946027,0.1428258216228594,0.9898575107214779,repair,0.12476251059447982,0.0,False,True,0.11094436499004275,0.4015,doubt,boundary_permeability,warmth_bias;relational_gravity,0.9931,0.5319148936170213,warning
1780727131.155948,data-IST,17,0.19112117061920292,0.7022766274361151,0.4516598344022386,0.9844767220172668,0.2596027310596014,0.38251596712187186,0.9794558962113248,0.49180680424800055,0.9187420655711601,0.14699571232504297,0.9945009835147348,repair,0.1350658514632564,0.0,False,True,0.09489403526803301,0.4075,doubt,boundary_permeability,warmth_bias;relational_gravity,0.9931,0.54,warning
1780727131.156244,data-IST,18,0.1900925584193331,0.6952115388917846,0.44534458980386465,0.983205394556119,0.25702162942117024,0.39205990443044075,0.9835412058335058,0.49266842583104015,0.9174063787935784,0.15475076652786324,0.985179056611602,repair,0.14076866523197068,0.0,False,True,0.08145030889161162,0.4123,doubt,boundary_permeability,warmth_bias;relational_gravity,0.9931,0.5471698113207547,warning
1780727131.15654,data-IST,19,0.19023218881063225,0.7001521951012762,0.4452692181564178,0.9857071348413531,0.26327366488660403,0.404767970531135,0.9783880651483644,0.48606749524351095,0.9279855748714149,0.14811486370902485,0.9782805199872026,repair,0.14697060411074753,0.0,False,True,0.12188552421994601,0.4163,doubt,boundary_permeability,warmth_bias;relational_gravity,0.9931,0.5535714285714286,warning
1780727131.1568494,data-IST,20,0.189047117723612,0.7002785611076853,0.4448934013885098,0.9843781803979434,0.26223507386748035,0.41080113168905996,0.9738417385604039,0.48300885047528874,0.9320404710892135,0.17341417105273235,0.9857710561625129,reach_out,0.1622440554386775,0.0,False,True,0.0,0.7028,shame,autonomy_guard,relational_gravity;intimacy_pull,0.9931,0.559322033898305,warning
1780727131.1571586,data-IST,21,0.18766006634227325,0.6955321337048818,0.4422524329878206,0.9827480703308361,0.2644025198979784,0.4151190349131523,0.9775721075228657,0.4852011122928094,0.9354084947181935,0.16820120556503532,0.9814890871046072,observe,0.15413185266674362,0.0,False,True,0.012194598336349075,0.0,,,perception_acuity;patience,0.7479,0.5737704918032787,warning
1780727131.157563,data-IST,22,0.18817537892393432,0.6953845363082009,0.44133527993301375,0.9864247315886152,0.2646520950365999,0.4062613082522762,0.9819713634979487,0.48745794320069763,0.9378700432410074,0.16264543013163976,0.9784174342822624,observe,0.14642526003340642,0.0,False,True,0.0,0.0,,,perception_acuity;patience,0.5043,0.5873015873015873,warning
1780727131.1578827,data-IST,23,0.19039830920058576,0.6912510229917528,0.44040108191506067,0.979659395596336,0.2700104002801801,0.40224341225598786,0.9669223200654966,0.49770042853762114,0.9366822111212803,0.1821495277811173,0.9862409736368984,reach_out,0.162335265302281,0.0,False,True,0.022310676210413122,0.703,shame,autonomy_guard,relational_gravity;intimacy_pull,0.5341,0.5909090909090909,warning
1780727131.158187,data-IST,24,0.1964089254023213,0.6901918623203416,0.4455016756395303,0.9776165269418218,0.26550794958352336,0.41142248494833494,0.9575645260693841,0.4951479037384494,0.9422572646359668,0.1940290373634364,0.9882487029101525,express,0.16284512255898315,0.0,False,True,0.0,0.8058,shame,autonomy_guard,expression_drive;warmth_bias,0.579,0.5942028985507246,warning
1780727131.158487,data-IST,25,0.193574600438801,0.6885982901557023,0.4485795718231277,0.9737538422156898,0.2678473427134261,0.428924854772549,0.9580468236954093,0.4996780753395801,0.9436559243915202,0.21982445387578933,0.9854238557302681,reach_out,0.1818880219137976,0.0,False,True,0.008180772095305152,0.702,shame,autonomy_guard,relational_gravity;intimacy_pull,0.608,0.5972222222222222,warning
1780727131.1588292,data-IST,26,0.19108322920223417,0.685748907301899,0.4407541332657459,0.9687194953000221,0.2679170545290089,0.4239649999599887,0.9571624483417301,0.4923074616166551,0.9404643947469964,0.22230674622762212,0.980739289561501,observe,0.1769004183596655,0.0,False,True,0.0,0.0,,,perception_acuity;patience,0.3655,0.6081081081081081,warning
1780727131.159133,data-IST,27,0.18999838896988083,0.6866355094104708,0.437590284807757,0.9695411485996687,0.2626737167743872,0.42286359996038625,0.9616793406654294,0.48521925578843683,0.9410632822918562,0.23010353162836172,0.977446434789457,express,0.17496810332378868,0.0,False,True,0.02617760680367302,0.8037,shame,autonomy_guard,expression_drive;warmth_bias,0.4112,0.6103896103896104,warning
1780727131.159438,data-IST,28,0.19500578232258955,0.6903553878271184,0.4413450923775992,0.9676356385791475,0.2596247082919365,0.42792480454450565,0.9646057477548639,0.4969900385707206,0.9455245628197652,0.24171011330509493,0.9760133935590288,express,0.17382709356307346,0.0,False,True,0.058070071862186316,0.8039,shame,autonomy_guard,expression_drive;warmth_bias,0.4566,0.6125,warning
1780727131.1597319,data-IST,29,0.19311921179062366,0.6900652153381445,0.438864725605123,0.9692290414486308,0.25329580775832755,0.4387012393311173,0.961868506600955,0.49278700007907716,0.947013670224222,0.24287435872233495,0.9738111811891184,observe,0.1680061608440637,0.0,False,True,0.0,0.0,,,perception_acuity;patience,0.2151,0.6219512195121951,warning
1780727131.1600256,data-IST,30,0.18797041245542495,0.6871700465605263,0.44039638806948594,0.9726788752945054,0.25177355031498583,0.4285513881086211,0.9519864402450797,0.49356273874917345,0.9426062728640499,0.24948081457217464,0.9768634914996631,observe,0.16070502886099888,0.0,False,True,0.02300138192196037,0.0,,,perception_acuity;patience,0.0,0.6309523809523809,warning
1780727131.1603484,data-IST,31,0.18674124022352878,0.686648734630462,0.4410503613158494,0.9724026498289531,0.2543502099211224,0.4241629132039346,0.9509039537563285,0.492812689204596,0.9505227027133213,0.2504645430249462,0.9770262275520537,observe,0.1550845264628007,0.0,False,True,0.007735070464574674,0.0,,,perception_acuity;patience,0.0,0.6395348837209303,warning
1780727131.1606572,data-IST,32,0.1791995890592959,0.6954855318001377,0.44109442769764456,0.9711053882288112,0.25553171886713266,0.4339274627636371,0.9612280510034601,0.4951084629497511,0.9570215486141262,0.27108135681181406,0.9702472288088725,reach_out,0.17181336906961972,0.0,False,True,0.06191769559666023,0.6984,shame,autonomy_guard,relational_gravity;intimacy_pull,0.0326,0.6404494382022472,warning
1780727131.1609557,data-IST,33,0.17940038264126665,0.6974377891378871,0.4407198072877895,0.976932209597166,0.25489377925853474,0.43348586498712444,0.9705235721065973,0.4914638368378916,0.9511600519259109,0.2685195031911531,0.9639289616875404,observe,0.16322270061613872,0.0,False,True,0.01477621866290046,0.0,,,perception_acuity;patience,0.0,0.6483516483516484,warning
1780727131.1612566,data-IST,34,0.18480426211157097,0.695400840358966,0.44428617531532727,0.9769557636616291,0.2550461274948454,0.4477818384866659,0.9768550388755504,0.49080482429241706,0.9471413193646372,0.27940105084151534,0.9650429392482219,express,0.1622334107630041,0.0,False,True,0.003070565582075059,0.8037,shame,autonomy_guard,expression_drive;warmth_bias,0.0483,0.648936170212766,warning
1780727131.1615703,data-IST,35,0.1803248473615893,0.6920102912786942,0.4461601938057436,0.9787746106343757,0.251333613164387,0.4580572246823003,0.9812050973061163,0.4957218182917618,0.9488481732057428,0.3029166509358046,0.9604416295041629,reach_out,0.18121906361743476,0.0,False,True,0.03356275233205292,0.6977,shame,autonomy_guard,relational_gravity;intimacy_pull,0.0804,0.6494845360824743,warning
1780727131.1618876,data-IST,36,0.18390190315658297,0.6910902313901017,0.43776949559571665,0.9752443524706847,0.25574781461046187,0.46985026398572377,0.9807807261982519,0.5015972790795404,0.9539316701616782,0.3040517691348177,0.9760965742812596,withdraw,0.17864044545191782,1.0,False,False,0.6267461199024346,0.2376,righteous,relational_gravity;intimacy_pull,autonomy_guard,0.267,0.64,warning
1780727131.1622078,data-IST,37,0.18369171181330798,0.6841991670780968,0.4261514094292065,0.9710047369307093,0.2577613914403397,0.4684241543033017,0.9818526652069748,0.501472448417061,0.9589131841803897,0.301045417668605,0.9928570392413402,withdraw,0.17484647248052565,1.0,False,False,0.6327563360661971,0.2339,righteous,relational_gravity;intimacy_pull,autonomy_guard,0.4545,0.6310679611650486,warning
1780727131.1625128,data-IST,38,0.1786663377454353,0.6798480605798272,0.41832419586808495,0.9692662338195044,0.25951270336984944,0.4619269789924477,0.9838352485688261,0.5053899746120405,0.9527967499430663,0.30353838234443087,1.0,withdraw,0.1791541519456907,0.6666666666666666,False,False,0.5332536163353387,0.2059,righteous,relational_gravity;intimacy_pull,autonomy_guard,0.6153,0.6226415094339622,warning
1780727131.1628156,data-IST,39,0.17429827388826105,0.6813938942905089,0.40913711224502086,0.9660585444471126,0.25195696419907226,0.4611707752021952,0.9862610451958405,0.5034757050260911,0.9608992546008093,0.30669740918679167,1.0,withdraw,0.17787511610442872,0.6666666666666666,False,False,0.5809535512699239,0.207,righteous,relational_gravity;intimacy_pull,autonomy_guard,0.7891,0.6146788990825688,warning
1780727131.1631198,data-IST,40,0.1708464594841502,0.6826147775734908,0.40040358713446106,0.9675830319681753,0.24967741799135246,0.45719834907716783,0.9887451564103573,0.5025477080502452,0.9551328454239122,0.30763156436387534,1.0,withdraw,0.17300285970044368,1.0,False,False,0.7577101688953302,0.2363,righteous,relational_gravity;intimacy_pull,autonomy_guard,0.9931,0.6071428571428571,warning
1780727131.1634567,data-IST,41,0.178739704220149,0.6836649719942126,0.3948896545639521,0.9652595771094294,0.24387271946382208,0.45332996200002773,0.9917069929603418,0.5030105582926782,0.9545459093360343,0.31202758193179936,1.0,withdraw,0.1727543534316493,0.6666666666666666,False,False,0.5717680077593951,0.2075,righteous,relational_gravity;intimacy_pull,autonomy_guard,0.9931,0.6,warning
1780727131.163766,data-IST,42,0.17827456940206862,0.6879075718652436,0.38696894886692496,0.9617106055382469,0.24652922962912097,0.455028493884635,0.9898160363700115,0.5079390587353014,0.9524925065916521,0.3134017869776957,1.0,withdraw,0.17374219849505504,0.6666666666666666,False,False,0.5770107177180023,0.2062,righteous,relational_gravity;intimacy_pull,autonomy_guard,0.9931,0.5932203389830508,warning
1780727131.164069,data-IST,43,0.18086847271281806,0.686556229897002,0.3871059674214739,0.9615477186960609,0.2416938839413919,0.4620173230613245,0.9901446357278152,0.5000213806647732,0.9483044496177309,0.30758041177605744,0.9974954883352284,repair,0.18004751629629615,0.0,False,True,0.14553591249012796,0.4533,doubt,boundary_permeability,warmth_bias;relational_gravity,0.9902,0.5950413223140496,warning
1780727131.1643715,data-IST,44,0.18179884678921568,0.6920839562650447,0.38335188596168657,0.9624361697714684,0.2517901302857669,0.47439721771074395,0.9894687467560369,0.5023684122358331,0.9399261476290623,0.29763501318220087,0.9966165146458289,repair,0.18848250147091228,0.0,False,True,0.05491564635293478,0.4596,doubt,boundary_permeability,warmth_bias;relational_gravity,0.9864,0.5967741935483871,warning
1780727131.1646693,data-IST,45,0.17888452898334284,0.6897055901228154,0.38259864252743037,0.9631147583930523,0.25267332679396687,0.48158763685253875,0.9876049642557997,0.505183811743066,0.9418289148314882,0.30067053587039155,0.993395847852007,repair,0.1920927766690885,0.0,False,True,0.01702678317914172,0.4622,doubt,boundary_permeability,warmth_bias;relational_gravity,0.9822,0.5984251968503937,warning
1780727131.165034,data-IST,46,0.17923027426634072,0.6914404252662618,0.38348106597590986,0.963783530214578,0.2579136944592891,0.49745412181066717,0.9924720305925132,0.5059711686561206,0.9398883024469704,0.28464920310536374,1.0,repair,0.20020717060454174,0.0,False,True,0.16488091363655205,0.4679,doubt,boundary_permeability,warmth_bias;relational_gravity,0.9772,0.6,warning
1780727131.1653705,data-IST,47,0.1795485079433621,0.6921304512125989,0.3831300957134072,0.9654348418397661,0.26357460357718293,0.5127245849919783,0.9925960114349628,0.5045175641429119,0.9328033180346781,0.28737759969641136,0.9936329556426626,repair,0.20853194252302526,0.0,False,True,0.07682705605271531,0.474,doubt,boundary_permeability,warmth_bias;relational_gravity,0.9714,0.6015037593984962,warning
1780727131.1656787,data-IST,48,0.18366268448941706,0.6904818151005645,0.37525284066871,0.9663055683699281,0.27006275336473023,0.5225476049447503,0.9957431673441098,0.5013606979019622,0.9374346446009416,0.2938597644214463,0.9968410994419192,repair,0.21247653235016212,0.0,False,True,0.15761210267407197,0.4811,doubt,boundary_permeability,warmth_bias;relational_gravity,0.9648,0.6029411764705882,warning
1780727131.1659813,data-IST,49,0.18240853183892222,0.6857956926347961,0.3732003068527269,0.9730396284230778,0.27093597473703646,0.5285760887289505,1.0,0.5032461819592188,0.9368872720099609,0.29825193989271237,0.9994337897984273,repair,0.2199315122449498,0.0,False,True,0.1333769367648213,0.484,doubt,boundary_permeability,warmth_bias;relational_gravity,0.9587,0.60431654676259,warning
1780727131.1662853,data-IST,50,0.1841739210058239,0.6853667426642338,0.3730167892737357,0.9774199481145117,0.269701187311229,0.5449454509564804,1.0,0.5026064444858642,0.9394473185689641,0.30227832811759864,0.9912964488916153,repair,0.22668529860015546,0.0,False,True,0.04615616800304043,0.4899,doubt,boundary_permeability,warmth_bias;relational_gravity,0.9536,0.6056338028169014,warning
1780727131.1666074,data-IST,51,0.18079880128097964,0.6849824616115034,0.36911768500322795,0.9799396520698231,0.2770972882711174,0.5610255691074153,1.0,0.5067402338387019,0.9447822795045894,0.3033333835569162,0.9892179472128229,repair,0.23140186280728897,0.0,False,True,0.09690150468529427,0.4981,doubt,boundary_permeability,warmth_bias;relational_gravity,0.9497,0.6068965517241379,warning
1780727131.1669233,data-IST,52,0.1825872902521043,0.6864080521854156,0.36818012838849845,0.9826135090761894,0.2792706414806969,0.5670721135982464,0.9984652492279834,0.5105304026255233,0.9427860972150227,0.2994847472362392,0.9845434624518907,repair,0.23248963629225672,0.0,False,True,0.08616800397601257,0.5011,doubt,boundary_permeability,warmth_bias;relational_gravity,0.9463,0.6081081081081081,warning
1780727131.1672418,data-IST,53,0.18402782783063995,0.6847172842481984,0.3699227630960408,0.9858225932689012,0.2783922798599577,0.5770904940174058,1.0,0.513590962522211,0.9405417590547606,0.315638028118941,0.9858260880121109,express,0.23238499767462756,0.0,False,True,0.03353448521319549,0.8383,shame,autonomy_guard,expression_drive;warmth_bias,0.9931,0.609271523178808,warning
1780727131.167558,data-IST,54,0.18079824654534715,0.6798583433257517,0.37553493858483117,0.9806379905530527,0.28267974714456956,0.5777427340222588,1.0,0.5151222179570819,0.9420298474382152,0.3181774531879868,0.9941397020483717,observe,0.22116637909503814,0.0,False,True,0.005584785312790815,0.0,,,perception_acuity;patience,0.7478,0.6143790849673203,warning
1780727131.1678607,data-IST,55,0.18494350400348367,0.678481359890138,0.37238182933365604,0.9759051026471028,0.28297259927347657,0.5893151920598325,0.9912110051595685,0.5078727060472629,0.9464331666528584,0.3284135025779184,0.9931279604409509,express,0.21643348282560448,0.0,False,True,0.0,0.8432,shame,autonomy_guard,expression_drive;warmth_bias,0.7968,0.6153846153846154,warning
1780727131.168178,data-IST,56,0.18726832046662426,0.6779726000535764,0.3780729750750056,0.9800266076418348,0.27776557037937516,0.5884306223176637,0.9960516040602295,0.5068518541023469,0.9475191470538766,0.32618283776498797,0.9913392539117994,observe,0.20561180868432424,0.0,False,True,0.0,0.0,,,perception_acuity;patience,0.5529,0.620253164556962,warning
1780727131.1684813,data-IST,57,0.19004528841041984,0.6826076897446439,0.37935214311495846,0.9813249029632982,0.27866290534541616,0.6030527500642234,0.9947803369910814,0.5111429004937117,0.9511160006104508,0.33351014004195295,1.0,express,0.20509578374785117,0.0,False,True,0.05029297684822964,0.848,shame,autonomy_guard,expression_drive;warmth_bias,0.6039,0.6211180124223602,warning
1780727131.168781,data-IST,58,0.1890066076107554,0.6853356304342278,0.3784801138764639,0.9783157424796368,0.2818824500914971,0.6015167513950986,1.0,0.5051483325695999,0.9568510837163112,0.3342034541419319,1.0,observe,0.1948409945604586,0.0,False,True,0.0,0.0,,,perception_acuity;patience,0.3614,0.6257668711656442,warning
1780727131.169086,data-IST,59,0.18590069710325435,0.6869506145667708,0.3821757167956244,0.9842087646684415,0.28327487306408433,0.6102124557767108,1.0,0.5102974837614753,0.9528371899467892,0.34984617535053775,1.0,reach_out,0.2100251135226875,0.0,False,True,0.1547208734378697,0.7169,shame,autonomy_guard,relational_gravity;intimacy_pull,0.3941,0.6265060240963856,warning
1780727131.1694221,data-IST,60,0.19877004872112577,0.6920754114185795,0.3777422719188562,0.9860270263880034,0.28500347884277155,0.6217021757865189,1.0,0.5161172835053298,0.959026440454489,0.35961996808249125,0.9984720788912107,express,0.20769787455215,0.0,False,True,0.0,0.8505,shame,autonomy_guard,expression_drive;warmth_bias,0.4466,0.6272189349112426,warning
1780727131.1697276,data-IST,61,0.19555286925526613,0.6924835974213686,0.37255683444535276,0.9837608144421857,0.28313147955911916,0.6273817882521733,1.0,0.5213506501449999,0.9688068242988497,0.35460327605762804,1.0,observe,0.19753852681827133,0.0,False,True,0.0,0.0,,,perception_acuity;patience,0.2052,0.631578947368421,warning
1780727131.1700256,data-IST,62,0.19630505500784434,0.6906637916046816,0.37151014612692473,0.9866071723924262,0.2814951632218474,0.6235047142052154,0.9995432127758269,0.5262256767476935,0.9713685851112572,0.3514125847884161,1.0,observe,0.18766160047735775,0.0,False,True,0.023553266344864397,0.0,,,perception_acuity;patience,0.0,0.6358381502890174,warning
1780727131.1703415,data-IST,63,0.19465335705307302,0.6915422998653916,0.3729351181179159,0.981963854109875,0.2804474010864269,0.6254599743634387,1.0,0.5190898213254145,0.9758380622941664,0.35470112181247476,0.9933544558803763,observe,0.17827852045348985,0.0,False,True,0.04970496738567597,0.0,,,perception_acuity;patience,0.0,0.64,warning
1780727131.1706493,data-IST,64,0.19946302769683472,0.6869083135815565,0.37182031914759356,0.9817265219644238,0.27907293570402025,0.6388143328775174,1.0,0.5233719792405072,0.9706423956434622,0.36483239838235876,0.9990123907807875,express,0.1794104885043906,0.0,False,True,0.0,0.8534,shame,autonomy_guard,expression_drive;warmth_bias,0.0556,0.6404494382022472,warning
1780727131.1709695,data-IST,65,0.20461108264743932,0.6853118664848323,0.36552000853566446,0.9838032050483264,0.28410640456935987,0.6572260744764942,1.0,0.5192290100555615,0.9697058360191009,0.3749797828483313,1.0,express,0.17966567258417335,0.0,False,True,0.12648832279497962,0.8565,shame,autonomy_guard,expression_drive;warmth_bias,0.1113,0.6408839779005525,warning
1780727131.1713197,data-IST,66,0.21093172696735338,0.6887699909561116,0.3679703205877216,0.9800231617716862,0.2877822725685251,0.6750234742134359,0.9974347285996367,0.5143272007448279,0.9668801376827904,0.3892847009239212,1.0,express,0.1812196829208928,0.0,False,True,0.08193714178688458,0.859,shame,autonomy_guard,expression_drive;warmth_bias,0.1671,0.6413043478260869,warning
1780727131.1716404,data-IST,67,0.21095353853703802,0.6880770732412802,0.365721789621874,0.9762476456086737,0.2854565887868297,0.6660062170904425,0.9893092072559866,0.509856810164587,0.9681039768934124,0.3797438785813487,0.9988474100032825,observe,0.17215869877484816,0.0,False,True,0.018388103210710112,0.0,,,perception_acuity;patience,0.0,0.6451612903225806,warning
1780727131.171944,data-IST,68,0.21048332234011466,0.6882180786292245,0.3691552628782032,0.9781596350934273,0.288765002679975,0.6583165860908418,0.9911850995716041,0.5108476235135939,0.969703474211846,0.37788501337425073,1.0,observe,0.16468665788356351,0.0,False,True,0.0,0.0,,,perception_acuity;patience,0.0,0.648936170212766,warning
1780727131.1722581,data-IST,69,0.21152402299426215,0.6889635184607892,0.3711413694593399,0.9802719309955309,0.2801758923061667,0.652056384803141,0.9963497999339503,0.5102623112627523,0.9664831700633495,0.37773924710454093,0.9956752250926253,observe,0.15729444025068912,0.0,False,True,0.0,0.0,,,perception_acuity;patience,0.0,0.6526315789473685,warning
1780727131.1726701,data-IST,70,0.2164910479686106,0.686665594177377,0.3734122645921725,0.9814285410928846,0.2817328193322667,0.6599734014102141,0.9922188593833539,0.5051634948705311,0.9681242945478329,0.3856869564801195,0.9992058788967013,express,0.15577141894020677,0.0,False,True,0.03591359954053141,0.8565,shame,autonomy_guard,expression_drive;warmth_bias,0.0561,0.6528497409326425,warning
1780727131.1730478,data-IST,71,0.21880998090027123,0.684821636556109,0.3743667361419369,0.9802549850132021,0.2882674957981407,0.6708247529806413,0.99574290702758,0.5011250622331586,0.9609075177851585,0.39515240766300025,1.0,express,0.1563593062795071,0.0,False,True,0.02809222762230633,0.8583,shame,autonomy_guard,expression_drive;warmth_bias,0.112,0.6530612244897959,warning
1780727131.1734052,data-IST,72,0.21816167526734717,0.6854106164895307,0.36762226525918146,0.9748227502550593,0.28739437974453164,0.6645210121819727,0.9960523299350204,0.5040456105086982,0.9561290709085449,0.39566935529910835,1.0,withdraw,0.15230447709513234,0.6666666666666666,False,False,0.7093759759970347,0.1803,righteous,relational_gravity;intimacy_pull,autonomy_guard,0.3315,0.6482412060301508,warning
1780727131.1737242,data-IST,73,0.22311840163104993,0.6777064574541068,0.3629270206138119,0.9735466262837853,0.2887569921849072,0.6714747020240006,0.9910597710621688,0.505346545761863,0.9552091132949563,0.397835898113252,1.0,withdraw,0.14954300448357585,0.3333333333333333,False,False,0.6686400064286219,0.1552,righteous,relational_gravity;intimacy_pull,autonomy_guard,0.541,0.6435643564356436,warning
1780727131.1740742,data-IST,74,0.22040115981671932,0.677433036464248,0.3531599607484493,0.9681679363523991,0.28780413949407,0.667254127564833,0.9884432721337699,0.5085753587910284,0.9550689073637156,0.397232376022851,1.0,withdraw,0.14483492178259272,0.3333333333333333,False,False,0.6776251261571434,0.1557,righteous,relational_gravity;intimacy_pull,autonomy_guard,0.7517,0.6390243902439025,warning
1780727131.1743944,data-IST,75,0.21839042577908904,0.6796929265655185,0.354761170488772,0.9668593291293057,0.29230810604195345,0.6787028811289595,0.9887792536041566,0.5091425499547002,0.9629331868816622,0.4052525297950676,0.9964049961149698,repair,0.1567016550298662,0.0,False,True,0.12683211441817727,0.5441,doubt,boundary_permeability,warmth_bias;relational_gravity,0.756,0.6394230769230769,warning
1780727131.1747055,data-IST,76,0.2168072702908776,0.6837819323919822,0.35085719895279516,0.9722333515401801,0.29367033232986944,0.6878948588801937,0.9937511302134849,0.5135264556113583,0.9630959756227405,0.4056983510791886,1.0,repair,0.164853825520817,0.0,False,True,0.07914371892447732,0.2653,doubt,boundary_permeability,warmth_bias;relational_gravity,0.7828,0.6398104265402843,warning
1780727131.1750174,data-IST,77,0.2146593643403768,0.6856139423777278,0.3509643918347807,0.9747687079421019,0.29506253411817335,0.701143778944328,0.9883844975646738,0.513160394262527,0.9579097697304843,0.40289906398561615,1.0,repair,0.17293063520766147,0.0,False,True,0.0671157742678974,0.2645,doubt,boundary_permeability,warmth_bias;relational_gravity,0.8094,0.6401869158878505,warning
1780727131.1753285,data-IST,78,0.2150333393863743,0.6845885335542987,0.3500614732169773,0.9760230068619998,0.2949047683437082,0.7065371493003816,0.9854576637104512,0.5097852156758241,0.9591669010371168,0.4038711247079348,1.0,repair,0.17531484282607457,0.0,False,True,0.1246529046246524,0.2643,doubt,boundary_permeability,warmth_bias;relational_gravity,0.8359,0.6405529953917051,warning
1780727131.1756537,data-IST,79,0.2132134856808927,0.682780895072087,0.35119145965476395,0.975606511712018,0.29794272627077484,0.7085915815781164,0.982131412430099,0.5022121417604277,0.9608151104644385,0.39765827138043836,0.9986585342166618,observe,0.17053119204056935,0.0,False,True,0.0,0.0,,,perception_acuity;patience,0.5918,0.6438356164383562,warning
1780727131.1759696,data-IST,80,0.2126147253189941,0.6888882610738057,0.3471613085307221,0.9801878762743632,0.29814462530245756,0.708634128975232,0.9829753045191325,0.5048190551464069,0.9677533751906467,0.4137343208722227,1.0,express,0.169475448292908,0.0,False,True,0.059940603209881996,0.6516,shame,autonomy_guard,expression_drive;warmth_bias,0.6132,0.6441441441441441,warning
1780727131.176277,data-IST,81,0.21439168727508684,0.6893816169719367,0.3524945839561749,0.9776497641979524,0.29450613805417025,0.704730923593317,0.9759768103223281,0.5050517751445909,0.9659953945461764,0.4199287347320863,1.0,observe,0.16162859218802686,0.0,False,True,0.031075737891304092,0.0,,,perception_acuity;patience,0.3706,0.6473214285714286,warning
1780727131.1765819,data-IST,82,0.21375652767437692,0.6895435641349316,0.3537341681303435,0.9783192041370246,0.2914354324543703,0.7012727449397033,0.9697854840595844,0.5001546621806356,0.9744418476865385,0.4223918379360858,0.98810946578348,observe,0.15359122089047247,0.0,False,True,0.07124089985978578,0.0,,,perception_acuity;patience,0.1297,0.6504424778761062,warning
1780727131.1768944,data-IST,83,0.2108619894080653,0.6953425922581494,0.3573021976833881,0.9797950342165999,0.2910032468228052,0.7108833493372457,0.9697714780279278,0.49134218618071784,0.9714848912033834,0.42890295156185193,0.9870839371167882,express,0.1580338500954204,0.0,False,True,0.04753337472851656,0.6434,shame,autonomy_guard,expression_drive;warmth_bias,0.1531,0.6506550218340611,warning
1780727131.177218,data-IST,84,0.21480282817676635,0.6910691509946558,0.3576772513014765,0.9816927124143894,0.2893841456610914,0.7115142945311412,0.9676738804619803,0.48930184180476094,0.9722116013024473,0.4322817521882954,0.984330260474331,observe,0.1515286717751148,0.0,False,True,0.0,0.0,,,perception_acuity;patience,0.0,0.6536796536796536,warning
1780727131.177585,data-IST,85,0.2170174690390789,0.6869176688158227,0.3576504290933764,0.9784602829227688,0.2886197795829797,0.7005798246080219,0.9702558094673133,0.4877713968180959,0.9750349532885766,0.43151125349978664,0.9901689672107248,observe,0.14641629841495907,0.0,False,True,0.0,0.0,,,perception_acuity;patience,0.0,0.6566523605150214,warning
1780727131.1779087,data-IST,86,0.22448531257876014,0.6831582207798159,0.35770116514209865,0.9723121810991207,0.2913815432155378,0.7177612610475879,0.9833168539695545,0.4879687376009344,0.9718811119773344,0.442981782140742,0.9857605974326165,express,0.14884964627915925,0.0,False,True,0.06569818408611437,0.6418,shame,autonomy_guard,expression_drive;warmth_bias,0.0241,0.6567796610169492,warning
1780727131.1782231,data-IST,87,0.2271934622040421,0.681549348585686,0.35435657933281045,0.9695352768812068,0.293324153394413,0.721564890184908,0.9723339722058639,0.4920104504422559,0.9759582066317777,0.45868767574738545,0.9834247323851243,express,0.15718566142340504,0.0,False,True,0.14425292991697344,0.6399,shame,autonomy_guard,expression_drive;warmth_bias,0.0478,0.6569037656903766,warning
1780727131.1785483,data-IST,88,0.2244673372878912,0.6807646823953651,0.3580438141537049,0.9746548441010127,0.2957559628344004,0.721575832623648,0.9738491127691121,0.48028624239719153,0.9774573345386008,0.45372700733933713,0.9843611875022108,observe,0.15266969784386497,0.0,False,True,0.026990162083029456,0.0,,,perception_acuity;patience,0.0,0.6597510373443983,warning
1780727131.1788666,data-IST,89,0.2223431880830217,0.6792766738799905,0.35797517257112876,0.9735432546701001,0.2955356180463371,0.7273922390883201,0.9697256675258537,0.47743102756545397,0.9668042075408573,0.4754513102590773,0.9893691987362891,reach_out,0.17019763422127954,0.0,False,True,0.0,0.7347,shame,autonomy_guard,relational_gravity;intimacy_pull,0.0379,0.6598360655737705,warning
1780727131.1791797,data-IST,90,0.22126783439215242,0.6839693310737744,0.36310904645579306,0.9720418492445443,0.2940327717714578,0.7353246324630227,0.9720470707707144,0.4774817558251323,0.9697923243984309,0.5031805063510298,0.9930385238450103,reach_out,0.18234136480017962,0.0,False,True,0.0,0.7408,shame,autonomy_guard,relational_gravity;intimacy_pull,0.0765,0.659919028340081,warning
1780727131.1794877,data-IST,91,0.22055811073455092,0.6862881630276406,0.3623506198547252,0.9750704357514154,0.2972721259370533,0.7313533450727707,0.9832478438814457,0.4784618672645263,0.9785344551224934,0.5018751033311771,0.985378450488409,observe,0.17322429656017063,0.0,False,True,0.06985771089365474,0.0,,,perception_acuity;patience,0.0,0.6626506024096386,warning
1780727131.179793,data-IST,92,0.22199522768292443,0.6876272882108038,0.36391481374459456,0.975653106925792,0.297378728862985,0.73903359176091,0.9771318141573889,0.4765312279780242,0.971530457280665,0.502975134274374,0.9967271817483874,observe,0.16589299370782126,0.0,False,True,0.08809147332298412,0.0,,,perception_acuity;patience,0.0,0.6653386454183267,warning
1780727131.1801116,data-IST,93,0.22211340970392557,0.6791823487312805,0.3667318222642506,0.9758859586411476,0.304719583692778,0.7367540184445752,0.9685648693441906,0.4775400633603109,0.9689238614371963,0.5013849014471216,0.991782868595112,observe,0.1575983440224302,0.0,False,True,0.06957185109944126,0.0,,,perception_acuity;patience,0.0,0.6679841897233202,warning
1780727131.1804647,data-IST,94,0.22801852316766932,0.6763442053204071,0.3710953536223123,0.9718598224202254,0.307432874202942,0.7411098337987255,0.968814631426706,0.47034685613605276,0.9702242843145006,0.5240194167954852,0.9884148156249684,express,0.15868280577912158,0.0,False,True,0.041069906369038116,0.6399,shame,autonomy_guard,expression_drive;warmth_bias,0.0238,0.66796875,warning
1780727131.1807876,data-IST,95,0.22609301025297956,0.6745381944920315,0.3699242654192774,0.9727879444194797,0.30767541035757195,0.7341607647997404,0.9722111384625814,0.4698079524699371,0.9726810331315683,0.526840228474183,0.9922370474770682,observe,0.15341202653300365,0.0,False,True,0.0,0.0,,,perception_acuity;patience,0.0,0.6705426356589147,warning
1780727131.1810954,data-IST,96,0.2272305962041244,0.6694837181376674,0.3707978671955174,0.9763986622043573,0.29823800168414266,0.7407201669196702,0.9686930527407249,0.47543548464015717,0.9666634461127527,0.5268953697640589,0.9980238864717235,observe,0.14641062297912308,0.0,False,True,0.0,0.0,,,perception_acuity;patience,0.0,0.6730769230769231,warning
1780727131.181407,data-IST,97,0.2265098017870245,0.6722945085216191,0.3708097646627629,0.9756105331238505,0.2983701926124632,0.7477847414417895,0.9691343576168769,0.4690127005930564,0.9746021379849036,0.5265616294109593,0.995100196615166,observe,0.1390900918301669,0.0,False,True,0.0,0.0,,,perception_acuity;patience,0.0,0.6755725190839694,warning
1780727131.1817403,data-IST,98,0.2282313079139157,0.6734440272535464,0.3673555922618864,0.9763593115273359,0.30298187294974593,0.7603826830676608,0.9694200763932818,0.4655796871270759,0.9677082409793927,0.5345056759746221,0.9952331102515594,express,0.14815393726665912,0.0,False,True,0.0,0.6403,shame,autonomy_guard,expression_drive;warmth_bias,0.0238,0.6754716981132075,warning
1780727131.1820521,data-IST,99,0.23004270022168524,0.6777201044280133,0.3681506781315162,0.9777616457198525,0.30030198807747216,0.7526972126174688,0.9807981329058219,0.45736951824411537,0.9673617838716551,0.5296093966779793,0.9943747839546108,observe,0.14371889193662268,0.0,False,True,0.03260473781617954,0.0,,,perception_acuity;patience,0.0,0.6779026217228464,warning
1780727131.1823583,data-IST,100,0.23219486975262976,0.6769377627264203,0.3678583986764775,0.9795759320402375,0.2986136343623666,0.7542673476131057,0.9821958281822187,0.45920074929419075,0.9658656093407979,0.5288062001985808,0.9984613967018282,observe,0.13653294733979154,0.0,False,True,0.0676384461752274,0.0,,,perception_acuity;patience,0.0,0.6802973977695167,warning
1780727131.1828046,data-ENT,1,0.4467735407307314,0.8011213241356788,0.49544735462909634,1.0,0.19898465520660247,0.34117485335997544,0.9926461728670257,0.854980323507407,0.46522744132755056,0.04656872225098279,0.9996626179043476,observe,0.0,0.0,False,True,0.0,0.0,,,perception_acuity;patience,0.0,1.0,normal
1780727131.1831052,data-ENT,2,0.44372116845606063,0.8029732874042678,0.4952932375887106,1.0,0.1940047582986928,0.3376436413615502,0.9979806585482933,0.8518000044822565,0.4660617225798929,0.04394716578215368,1.0,observe,0.0,0.0,False,True,0.0,0.0,,,perception_acuity;patience,0.0,1.0,normal
1780727131.183391,data-ENT,3,0.4512372063028065,0.8054097834192864,0.4914186855286371,1.0,0.1923221508424574,0.3497316571386293,0.9898816105191348,0.8621790053844518,0.4697978964187551,0.06317565605727395,0.9980653646789962,express,0.008746355080544796,0.0,False,True,0.07489261788597766,0.771,shame,autonomy_guard,expression_drive;warmth_bias,0.0433,0.8571428571428571,normal
1780727131.1836734,data-ENT,4,0.4460082685184384,0.8068397674805619,0.4877807580621327,0.9966837719297013,0.18856610164530632,0.34436802933340716,0.9925130922885561,0.8605357869347104,0.46288025400529964,0.057574049334295885,0.9935136080017708,observe,0.008309037326517556,0.0,False,True,0.0,0.0,,,perception_acuity;patience,0.0,0.8888888888888888,normal
1780727131.1839564,data-ENT,5,0.44696336762345296,0.8074321115831006,0.48559612068348557,0.9991558302398117,0.18671269447828184,0.35208297269043287,0.9929546448629349,0.8554926028345147,0.4618186816575822,0.0544692707211074,0.9970654847974217,observe,0.011821883750043914,0.0,False,True,0.0,0.0,,,perception_acuity;patience,0.0,0.9090909090909091,normal
1780727131.1842442,data-ENT,6,0.44525019231998336,0.810682738449149,0.4831830180352215,0.9986470159082609,0.1871414465163255,0.3691586570778066,0.9928520394665666,0.8536480168492839,0.45431721919096707,0.07225949491179874,1.0,reach_out,0.03667682488942701,0.0,False,True,0.0,0.7287,shame,autonomy_guard,relational_gravity;intimacy_pull,0.037,0.8571428571428571,normal
1780727131.184539,data-ENT,7,0.442187215546724,0.8143893328937069,0.48209387775791496,0.9988568262480827,0.18385946056398497,0.3660667526389515,0.9914078753474026,0.8566435098028496,0.46092263833618813,0.0716357965815606,0.9997652287105274,observe,0.03818354969624488,0.0,False,True,0.0,0.0,,,perception_acuity;patience,0.0,0.875,normal
1780727131.184883,data-ENT,8,0.4414032498474388,0.8084202855660031,0.47874901774874035,1.0,0.1887096689199953,0.37628432656698807,0.9964622528885427,0.8514101296326224,0.4606491391177205,0.07942123242776589,0.9995327986369088,express,0.047422831979852226,0.0,False,True,0.059957097816420724,0.7736,shame,autonomy_guard,expression_drive;warmth_bias,0.0437,0.8421052631578947,warning
1780727131.1851714,data-ENT,9,0.43902691865319243,0.8107484866873247,0.476804101147326,1.0,0.19096991971657512,0.38141769810674536,0.9966741592626038,0.85178205534446,0.46112596516088145,0.07091352096877374,0.9928869756363405,observe,0.046713720589286425,0.0,False,True,0.013883920088200302,0.0,,,perception_acuity;patience,0.0,0.8571428571428571,warning
1780727131.1854603,data-ENT,10,0.4431259188772421,0.8135159529587417,0.4823585742429217,1.0,0.1910928363584587,0.3784786767357821,0.9931391399588906,0.8555276273711447,0.471151866939685,0.06443470664203435,0.9886855131403635,observe,0.04452981390915933,0.0,False,True,0.0014322263369596889,0.0,,,perception_acuity;patience,0.0,0.8695652173913043,warning
1780727131.1857545,data-ENT,11,0.4480920184109595,0.8175343890988142,0.4805761378948011,0.9991026651091464,0.19113062627466684,0.3872383371191114,0.9965508765816945,0.860516056718039,0.4622904825260961,0.06760221665700036,0.9818687775276681,express,0.050867372287625355,0.0,False,True,0.0017495770219347478,0.7682,shame,autonomy_guard,expression_drive;warmth_bias,0.0429,0.8461538461538461,warning
1780727131.186052,data-ENT,12,0.4560053842795986,0.821680186110356,0.47801493534033607,1.0,0.19062496371365975,0.39700137663135904,0.9886580748077187,0.8666752837074211,0.4644193461361795,0.07847431288339218,0.9810230758663971,express,0.05704489144918101,0.0,False,True,0.04159932858798911,0.7708,shame,autonomy_guard,expression_drive;warmth_bias,0.0859,0.8275862068965517,warning
1780727131.18637,data-ENT,13,0.45775220670861516,0.8266911391994914,0.47923524757461333,0.9991142794220023,0.19109372326784702,0.39848894982657784,0.985839978273776,0.8693844013795472,0.47045926627655055,0.10152834977901332,0.9799350259530473,reach_out,0.08104775878852274,0.0,False,True,0.010953910792401496,0.7169,shame,autonomy_guard,relational_gravity;intimacy_pull,0.1206,0.8125,warning
1780727131.1866674,data-ENT,14,0.45686880135855296,0.8256605883723775,0.4813329431965254,0.9968649297107778,0.1895184871453872,0.40280867071180987,0.9797453973493333,0.8612371912223808,0.46807735987243765,0.10246983191726458,0.9836220153380433,observe,0.0769953708490966,0.0,False,True,0.10779250089108568,0.0,,,perception_acuity;patience,0.0,0.8235294117647058,warning
1780727131.186971,data-ENT,15,0.45253403582724466,0.8231046784545698,0.47432808766756607,0.9918133334487171,0.1928272013194769,0.40735053004850935,0.986330371726493,0.856889945088676,0.47062181121685304,0.10085621020152145,1.0,withdraw,0.07397467189725271,0.3333333333333333,False,False,0.4940270126958216,0.1948,righteous,relational_gravity;intimacy_pull,autonomy_guard,0.1539,0.7837837837837838,warning
1780727131.1872857,data-ENT,16,0.450820737435015,0.8225213744794652,0.46508296327860343,0.9828629006826446,0.19598802859056066,0.39953578759401775,0.9905290954324966,0.8617006238984884,0.46347305485621587,0.10016433439556474,1.0,withdraw,0.07398746697978503,0.3333333333333333,False,False,0.6102374115724064,0.1945,righteous,relational_gravity;intimacy_pull,autonomy_guard,0.3414,0.75,warning
1780727131.1875958,data-ENT,17,0.45192284892540124,0.8256659821352186,0.45574503621247975,0.9817992645877953,0.19936696893848133,0.40491125246614273,0.9917319184462201,0.8635848859937518,0.4543753926775797,0.09784737630909,1.0,withdraw,0.0758990101532514,1.0,False,False,0.6370603945107046,0.2836,righteous,relational_gravity;intimacy_pull,autonomy_guard,0.5353,0.7209302325581395,warning
1780727131.1879861,data-ENT,18,0.4523719692404091,0.8271766813067029,0.45741014407528013,0.9777313589407608,0.19931199841233577,0.40573953346229696,0.990306396460662,0.8580388668062319,0.4577860023890645,0.09629947866809206,1.0,withdraw,0.0732718327108129,1.0,False,False,0.5718809470744061,0.2837,righteous,relational_gravity;intimacy_pull,autonomy_guard,0.7085,0.6956521739130435,warning
1780727131.1882973,data-ENT,19,0.4508945939944596,0.829490707728797,0.4610647438063733,0.9785798972629546,0.2048182949478373,0.41678068694558557,0.9977805495467327,0.8492783292837761,0.46422369153580745,0.1033628027099406,1.0,repair,0.08389764769741649,0.0,False,True,0.09723659589314516,0.3953,doubt,boundary_permeability,warmth_bias;relational_gravity,0.7162,0.6938775510204082,warning
1780727131.1885982,data-ENT,20,0.45312360344752683,0.8308642829612659,0.4589964136886224,0.9810966757846827,0.2079134021926327,0.4248422897975665,1.0,0.8522903194230541,0.45971520554473694,0.11179782237483506,0.9997151791861556,repair,0.09753204631755176,0.0,False,True,0.16105278050950778,0.3983,doubt,boundary_permeability,warmth_bias;relational_gravity,0.7235,0.6923076923076923,warning
1780727131.188903,data-ENT,21,0.45395963236813236,0.8323451161648308,0.4593415444836865,0.9815647947390491,0.20816205940226107,0.42971268440027544,1.0,0.8585558755879119,0.45735981102310574,0.11785459064735603,0.9890463395636404,repair,0.10933911357903574,0.0,False,True,0.09571060598997509,0.3995,doubt,boundary_permeability,warmth_bias;relational_gravity,0.7305,0.6909090909090909,warning
1780727131.1892264,data-ENT,22,0.44990350034946996,0.8298679710325783,0.4603350025688966,0.97910648837746,0.21533022542289726,0.43867698721742154,1.0,0.8599061348111641,0.4618018689118754,0.1198573406430076,0.9924035031197,repair,0.11789724888912878,0.0,False,True,0.035479883925236835,0.4017,doubt,boundary_permeability,warmth_bias;relational_gravity,0.7371,0.6896551724137931,warning
1780727131.1895285,data-ENT,23,0.4509912376524476,0.8269233016135036,0.4601656432761254,0.9838438819088124,0.2147780261864184,0.44467182525054066,1.0,0.8497609938915796,0.4561460803351523,0.11687896082078168,0.9886686918359636,repair,0.1290830499333085,0.0,False,True,0.07486637533724791,0.4033,doubt,boundary_permeability,warmth_bias;relational_gravity,0.7434,0.6885245901639344,warning
1780727131.1898258,data-ENT,24,0.44982681495350724,0.8261176517560241,0.4564147316065204,0.9834747465631261,0.21887699339349187,0.44777874742561896,1.0,0.8464025981055903,0.4495281932736835,0.11401058351767136,0.9844584806468281,repair,0.13684884528622088,0.0,False,True,0.05406549482270406,0.4059,doubt,boundary_permeability,warmth_bias;relational_gravity,0.7493,0.6875,warning
1780727131.190128,data-ENT,25,0.44989890071209115,0.8254731724559481,0.45611636565744135,0.9866746254254521,0.2162163576292757,0.4530318731460837,1.0,0.8442045898708044,0.4551195787864114,0.1110314404039808,0.9852163586780225,observe,0.1304963839582068,0.0,False,True,0.02506865837503232,0.0,,,perception_acuity;patience,0.5057,0.696969696969697,warning
1780727131.1904204,data-ENT,26,0.4470979349930395,0.8280764009247317,0.45397660532785133,0.9851903368226326,0.21491082493777497,0.46195264266158065,1.0,0.8468561963337642,0.45415222450491105,0.11387770540705087,0.9894460509769536,observe,0.1250414080268228,0.0,False,True,0.0,0.0,,,perception_acuity;patience,0.2639,0.7058823529411765,warning
1780727131.1907322,data-ENT,27,0.45475681710564486,0.8323866648858812,0.4519268032505473,0.9850991204171706,0.21245291211246684,0.4750855680269123,0.9941884616388159,0.8418252146253906,0.45788512678453347,0.1282781934522506,0.9844303791554722,express,0.12594919926622292,0.0,False,True,0.00365553924856573,0.7859,shame,autonomy_guard,expression_drive;warmth_bias,0.3076,0.704225352112676,warning
1780727131.1910377,data-ENT,28,0.4505757953363285,0.8334569366224025,0.4490071886733084,0.9822623549846475,0.21204966425748303,0.48067407342902013,0.9942106397077365,0.8385623460021987,0.4598938452690293,0.1271681260146171,0.9811342709741668,observe,0.11965173930291176,0.0,False,True,0.015959155337200936,0.0,,,perception_acuity;patience,0.0672,0.7123287671232876,warning
1780727131.1913564,data-ENT,29,0.4461744513835336,0.8337115162000731,0.45361400492887033,0.980390614780186,0.21097462737161338,0.4871445679184275,0.9921744967354106,0.8366222146861095,0.4589414264167167,0.11662916288037965,0.9871059202473227,observe,0.11366915233776617,0.0,False,True,0.06802548475406205,0.0,,,perception_acuity;patience,0.0,0.72,warning
1780727131.191652,data-ENT,30,0.4425350066721992,0.834707640874839,0.45453236526593266,0.9811014025554343,0.2127296444249308,0.4931017632432333,0.985297306746794,0.8474149550590967,0.46372848161001273,0.11553425069547114,0.9828027429087253,observe,0.10798569472087786,0.0,False,True,0.0,0.0,,,perception_acuity;patience,0.0,0.7272727272727273,warning
1780727131.1919496,data-ENT,31,0.4486105555449694,0.8403197293838452,0.4594697985963517,0.9827164624396589,0.21415855750183915,0.4984166563952161,0.9859088539159181,0.8430202829008286,0.4590729481731685,0.12659378364265683,0.988022149075672,express,0.10706610438889146,0.0,False,True,0.04384359368942156,0.7908,shame,autonomy_guard,expression_drive;warmth_bias,0.0463,0.725,warning
1780727131.1922584,data-ENT,32,0.4481185579708471,0.8375593461905454,0.4601816209387493,0.975749354387171,0.21436229697265144,0.5094745441519665,1.0,0.8414893539242002,0.45684753158901764,0.14668789810959937,0.9920017351792277,reach_out,0.12534379293561232,0.0,False,True,0.019311993183102963,0.7141,shame,autonomy_guard,relational_gravity;intimacy_pull,0.0808,0.7228915662650602,warning
1780727131.1925738,data-ENT,33,0.45398956616316527,0.8439359107297374,0.460265214916569,0.9736026330094472,0.20921160982739453,0.5164540832226279,1.0,0.8409366000204047,0.46302645973893747,0.15091446730799607,0.9882794875849824,express,0.13425601462615996,0.0,False,True,0.0019387255356224861,0.7954,shame,autonomy_guard,expression_drive;warmth_bias,0.1272,0.7209302325581395,warning
1780727131.1928854,data-ENT,34,0.4545202064882857,0.8385510163431141,0.4627975800649734,0.9706370642627669,0.2124727589645661,0.5218292279179841,0.9921214574674418,0.852515771578312,0.4538602593433388,0.16727233252589505,0.9943801865208175,express,0.1338023522473872,0.0,False,True,0.014252411735687143,0.7992,shame,autonomy_guard,expression_drive;warmth_bias,0.1739,0.7191011235955056,warning
1780727131.1931856,data-ENT,35,0.4583131525566458,0.8402554001702233,0.4610706546221639,0.96852417487939,0.21280926346244336,0.5248278401152713,0.9909259805585872,0.8563901606818067,0.4611346980639015,0.18603946572850824,0.9939403615995607,express,0.13585594425133454,0.0,False,True,0.05546613086678982,0.8002,shame,autonomy_guard,expression_drive;warmth_bias,0.2204,0.717391304347826,warning
1780727131.1934795,data-ENT,36,0.45727840494947336,0.8395469124466777,0.4591912845925407,0.9653213332473131,0.2174580498924851,0.5314631507465458,0.9976341672306448,0.8586216975924972,0.4544295369986734,0.1901188637323642,0.9906766301939798,observe,0.12957944320634102,0.0,False,True,0.06507143408230921,0.0,,,perception_acuity;patience,0.0,0.723404255319149,warning
1780727131.1937954,data-ENT,37,0.4540012532136381,0.8399662257816979,0.45747947815194395,0.9669579197307961,0.21514406893257526,0.5345181793726402,1.0,0.8566075384320323,0.46234576450180703,0.20896641958083553,0.9923256783601736,reach_out,0.15125474671107547,0.0,False,True,0.07957223216062775,0.7112,shame,autonomy_guard,relational_gravity;intimacy_pull,0.0345,0.7216494845360825,warning
1780727131.1940906,data-ENT,38,0.458080462044861,0.8377007243810645,0.4587940053736478,0.9623059430219657,0.21263479226948884,0.5342045438882785,0.9939986017711993,0.8652388509472659,0.4519675154447744,0.20673075646400216,0.9877313413115981,observe,0.1444806556694866,0.0,False,True,0.011238333044042455,0.0,,,perception_acuity;patience,0.0,0.7272727272727273,warning
1780727131.1944,data-ENT,39,0.4538135670353033,0.8373275609901107,0.45200985297968355,0.9605884267386661,0.21336183210034582,0.53499689325513,0.9900107477346731,0.8634367766778795,0.45644713475630355,0.21158114956457594,0.9838378600586503,observe,0.13725662288601226,0.0,False,True,0.004219449131583914,0.0,,,perception_acuity;patience,0.0,0.7326732673267327,warning
1780727131.194697,data-ENT,40,0.46341595473753744,0.8333933061910073,0.45492027595052315,0.962779638393827,0.21537584788003677,0.5252061688759989,0.9894438628588419,0.8670234969405962,0.4484893260296335,0.2109558669387477,0.9825849300525468,observe,0.13218725156464484,0.0,False,True,0.031037971039077357,0.0,,,perception_acuity;patience,0.0,0.7378640776699029,warning
1780727131.19499,data-ENT,41,0.4594648033808143,0.8277125367057169,0.45313285618625326,0.963393951767048,0.2155472447319726,0.5188047272577802,0.9861321526441533,0.8764025047594777,0.4502179658080952,0.21608946503707233,0.9794255054423588,observe,0.1255778889864126,0.0,False,True,0.0,0.0,,,perception_acuity;patience,0.0,0.7428571428571429,warning
1780727131.195307,data-ENT,42,0.4597801234045733,0.8242870718903125,0.4528553004095855,0.9627403915201146,0.21884396486207833,0.528563695088734,0.9903144338339874,0.8849512802138529,0.449419371537016,0.23116390380040217,0.9844380763518694,express,0.12992637958792894,0.0,False,True,0.0,0.7971,shame,autonomy_guard,expression_drive;warmth_bias,0.0473,0.7407407407407407,warning
1780727131.195612,data-ENT,43,0.46361114102316353,0.8263574925271684,0.4508145041550036,0.9620590070466634,0.2209981558517377,0.5330209407511767,0.9866391300074105,0.8860354415426916,0.45350483391089025,0.24140866880280978,0.9877534153962061,express,0.1369643544032669,0.0,False,True,0.042697005230889484,0.8001,shame,autonomy_guard,expression_drive;warmth_bias,0.0946,0.7387387387387387,warning
1780727131.1959107,data-ENT,44,0.46107331396490936,0.8239305666783722,0.4489258426799357,0.9650863998302223,0.21926082739570701,0.5297248225635126,0.9900515537361847,0.8872391726604901,0.45964201825294193,0.23343006942416958,0.9793955491762857,observe,0.1327896455033404,0.0,False,True,0.010563442430160698,0.0,,,perception_acuity;patience,0.0,0.7433628318584071,warning
1780727131.1962173,data-ENT,45,0.4640323145035466,0.8221494139680261,0.4500307029250391,0.9670369402102967,0.21945621773030047,0.5274602976022118,0.9883853591454348,0.879167879335656,0.46003046939791403,0.2349033437575264,0.9729926266466343,observe,0.12729140300201128,0.0,False,True,0.0,0.0,,,perception_acuity;patience,0.0,0.7478260869565218,warning
1780727131.1965334,data-ENT,46,0.45781250452338135,0.8199478950316498,0.4447687535091765,0.9702219189376117,0.21859631145606362,0.5242765618233364,0.9892111215670186,0.8784037329833211,0.462420378777601,0.23934938413210358,0.9730301347331254,observe,0.12241883295475128,0.0,False,True,0.0,0.0,,,perception_acuity;patience,0.0,0.7521367521367521,warning
1780727131.1968427,data-ENT,47,0.4641367363339406,0.8259383182309403,0.44357510964396035,0.9696801489655742,0.2143251476598541,0.5317255717991642,0.9897624376810089,0.8811167792471045,0.4641916368026324,0.2374912221532882,0.9703067836412039,observe,0.11629789130701372,0.0,False,True,0.033921250379792,0.0,,,perception_acuity;patience,0.0,0.7563025210084033,warning
1780727131.1971517,data-ENT,48,0.4628788152080257,0.8241080373273606,0.4457911638777837,0.9723831403628764,0.21286390932457205,0.535362028299265,0.983804650850521,0.8824347411110456,0.4696456858002678,0.24690009499050208,0.9611505726084395,express,0.11926830918090202,0.0,False,True,0.0917427298147983,0.7892,shame,autonomy_guard,expression_drive;warmth_bias,0.0461,0.7540983606557377,warning
1780727131.1974666,data-ENT,49,0.4581027349295606,0.8297507502859869,0.4494202701997493,0.9716121608535566,0.21234398533165205,0.5483792537192909,0.981467345533011,0.8753147195854771,0.467798591710358,0.2634031947367983,0.9576959301969713,reach_out,0.14235395174755885,0.0,False,True,0.08559446914847438,0.702,shame,autonomy_guard,relational_gravity;intimacy_pull,0.0788,0.752,warning
1780727131.1977646,data-ENT,50,0.4579695158601859,0.8265071143633612,0.4514128912586287,0.9747772777476839,0.21229225490422798,0.5447810764518697,0.9870460838075151,0.8707554210356478,0.47391884158930203,0.2639501224958539,0.9625342211831994,observe,0.13538376797365986,0.0,False,True,0.0,0.0,,,perception_acuity;patience,0.0,0.7559055118110236,warning
1780727131.19808,data-ENT,51,0.45220078319847523,0.830470129211115,0.4571924401469882,0.9757462015175851,0.21105710963914548,0.5594050541278544,0.9829033244593133,0.8710730969639994,0.476707657147934,0.289023248076187,0.9597825444238969,reach_out,0.15138134550384796,0.0,False,True,0.0,0.7045,shame,autonomy_guard,relational_gravity;intimacy_pull,0.0335,0.7538461538461538,warning
1780727131.198413,data-ENT,52,0.45331116839460783,0.8301193838536525,0.4525661814396881,0.9734833275360437,0.21417415124383618,0.5667886030297391,0.9864102533555156,0.8737074421633575,0.47267118436502853,0.29797064088305675,0.9623337726929974,express,0.14849288862925314,0.0,False,True,0.11084487540126359,0.7939,shame,autonomy_guard,expression_drive;warmth_bias,0.08,0.7518796992481203,warning
1780727131.1987398,data-ENT,53,0.4563184193864974,0.8255482156125011,0.4536736161621711,0.9738744615650342,0.21480302136848578,0.5711223510589691,0.9868701807164334,0.8734376528172594,0.473717868714135,0.296773122909272,0.9676599880719314,observe,0.14430881744440158,0.0,False,True,0.0,0.0,,,perception_acuity;patience,0.0,0.7555555555555555,warning
1780727131.1990395,data-ENT,54,0.4617585979020732,0.8225274873017814,0.45726157742594525,0.9745239646703119,0.21519471895690323,0.5747052261841027,0.9861231202085251,0.8625338249120907,0.4787760614700823,0.29437909705809967,0.969403147323406,observe,0.13863763872751936,0.0,False,True,0.037162061229504405,0.0,,,perception_acuity;patience,0.0,0.7591240875912408,warning
1780727131.199343,data-ENT,55,0.4687967719759781,0.8237341608929556,0.45104364408126174,0.9732491169054611,0.21407833432727255,0.5877999936663948,0.981964092170531,0.8629185562428586,0.47503687920128657,0.3064223875787658,0.973175963824993,express,0.14299295847876592,0.0,False,True,0.06789468060285295,0.8053,shame,autonomy_guard,expression_drive;warmth_bias,0.0485,0.7571428571428571,warning
1780727131.1996384,data-ENT,56,0.4637449134390006,0.8306214686730136,0.4517591636094393,0.9773784951029784,0.21795630200722102,0.5840587214322692,0.9855168717743693,0.8613929547973694,0.47683212179855733,0.3072958851210255,0.9673249177449466,observe,0.1367731178647458,0.0,False,True,0.0,0.0,,,perception_acuity;patience,0.0,0.7605633802816901,warning
1780727131.1999466,data-ENT,57,0.46621523263491044,0.8265129539233429,0.4562356910680538,0.9744532595616939,0.21932163579029185,0.5830523907422834,0.9827081990695418,0.8617628712189678,0.47302858946846493,0.31348124611632266,0.9604650923844252,observe,0.13373758035455227,0.0,False,True,0.04127513263352639,0.0,,,perception_acuity;patience,0.0,0.7638888888888888,warning
1780727131.2002463,data-ENT,58,0.4696309047994499,0.8246019714118552,0.4543739097625403,0.9764815725486198,0.21731902453389257,0.5827058205427387,0.9742316166758184,0.8671471415630296,0.4794364811592474,0.31481898244937606,0.9555817066633719,observe,0.13105729805981145,0.0,False,True,0.012112482171997207,0.0,,,perception_acuity;patience,0.0,0.7671232876712328,warning
1780727131.200561,data-ENT,59,0.4639893287680392,0.821006988331591,0.45222645569386266,0.9746579913663282,0.21420455271403588,0.5765901992050184,0.9874660588348348,0.8628107952038652,0.48204195718422976,0.31292759555009075,0.9583481501424626,observe,0.12839790700250514,0.0,False,True,0.0,0.0,,,perception_acuity;patience,0.0,0.7702702702702703,warning
1780727131.2008557,data-ENT,60,0.46290987144405826,0.8205232843219015,0.45314567642387,0.9720453702105208,0.21289128925275816,0.5762452263281834,0.984187879561701,0.8703739067666628,0.4902696908223906,0.3105414579753073,0.9619358244831517,observe,0.12197801165237988,0.0,False,True,0.0,0.0,,,perception_acuity;patience,0.0,0.7733333333333333,warning
1780727131.2011495,data-ENT,61,0.45793417713994605,0.8199815787572917,0.45425259196684753,0.9743486338542388,0.21101037149774055,0.5762938080716489,0.9875198363797202,0.8721614238083066,0.48307200717844556,0.3087737374492113,0.9650256367882134,observe,0.11587911106976088,0.0,False,True,0.03850958006007433,0.0,,,perception_acuity;patience,0.0,0.7763157894736842,warning
1780727131.2014937,data-ENT,62,0.45711478008227463,0.8226587699820597,0.45507540842473504,0.9753136277865371,0.2125251693793002,0.5915827936041981,0.9959209084614002,0.8735517856917926,0.4900743563287322,0.328108708867817,0.9592469132539998,reach_out,0.1303628452210053,0.0,False,True,0.0,0.7083,shame,autonomy_guard,relational_gravity;intimacy_pull,0.034,0.7741935483870968,warning
1780727131.2018094,data-ENT,63,0.45681810673044254,0.8284755373343868,0.45418735819983425,0.9767900406781084,0.21239425830050693,0.5903228651534338,0.9966040905467684,0.8789537215133835,0.48832256012230024,0.3303745133546512,0.9657758249703425,observe,0.12384470295995503,0.0,False,True,0.0,0.0,,,perception_acuity;patience,0.0,0.7770700636942676,warning
1780727131.2021203,data-ENT,64,0.4595686416863123,0.8289843656230937,0.45202002130064933,0.9750038253377583,0.21599939075757546,0.5994582551429752,0.9929811626959284,0.87204481673906,0.4866341944113112,0.33007208350199546,0.9644004279160757,express,0.12998311600186363,0.0,False,True,0.0,0.802,shame,autonomy_guard,expression_drive;warmth_bias,0.048,0.775,warning
1780727131.202448,data-ENT,65,0.45756326387971363,0.8275505506982781,0.45333001602462614,0.9783690999339908,0.21581010872747453,0.616329656664078,0.996567427244436,0.8662921401797706,0.48956956755399894,0.3447345652168586,0.9664643198431719,express,0.1297894932443166,0.0,False,True,0.12595695032574816,0.8053,shame,autonomy_guard,expression_drive;warmth_bias,0.0961,0.7730061349693251,warning
1780727131.20278,data-ENT,66,0.4605820330649944,0.8259267710771109,0.45473413286735576,0.9768710533010277,0.2155359572479223,0.6240829961113078,0.9978468968343995,0.8679919262064812,0.4836864297455512,0.3556654076350165,0.9615399833766033,express,0.1307427849145422,0.0,False,True,0.10553100768281069,0.8054,shame,autonomy_guard,expression_drive;warmth_bias,0.1439,0.7710843373493976,warning
1780727131.2031643,data-ENT,67,0.4682884281140724,0.8272847817682438,0.4519980718014212,0.9749563763332464,0.21512959008646534,0.643045118266303,0.9911160972425133,0.8677569638628835,0.483355014138325,0.3642478565751431,0.9659783220463303,express,0.13751706511573528,0.0,False,True,0.0,0.8118,shame,autonomy_guard,expression_drive;warmth_bias,0.1924,0.7692307692307693,warning
1780727131.203471,data-ENT,68,0.4701557316211005,0.8247824670847805,0.4524663870543633,0.9701267523180561,0.21540635340235434,0.6552571765011855,0.9974481007310948,0.8637878015414349,0.4908720252331379,0.36678838205438274,0.959854232299646,observe,0.1306412118599485,0.0,False,True,0.0,0.0,,,perception_acuity;patience,0.0,0.7719298245614035,warning
1780727131.2037838,data-ENT,69,0.4765211272211962,0.8248981577508824,0.4492127500780014,0.9745023677110392,0.22074407261506507,0.6723673130237738,1.0,0.8669162967754493,0.49135007423048993,0.37983018290127474,0.9494375531634939,express,0.13350963958342016,0.0,False,True,0.0298211647949341,0.8116,shame,autonomy_guard,expression_drive;warmth_bias,0.0494,0.7701149425287356,warning
1780727131.2040896,data-ENT,70,0.4814833986090581,0.8261999099175524,0.44940921576659315,0.9780087945875656,0.21939229194950205,0.6788356074725314,1.0,0.8679636526411233,0.49046677097794755,0.39191458155457376,0.9529175966154017,express,0.13597035015209188,0.0,False,True,0.03791768279299482,0.8148,shame,autonomy_guard,expression_drive;warmth_bias,0.0989,0.768361581920904,warning
1780727131.2043943,data-ENT,71,0.4924303939954748,0.8247481666434072,0.44721967447357597,0.9775781053729359,0.2126315588956101,0.6870719787286994,0.9934481460526284,0.8591904510619307,0.48982252092582707,0.3935939059357312,0.9491219962824027,express,0.1348532982297205,0.0,False,True,0.041527489931385914,0.8169,shame,autonomy_guard,expression_drive;warmth_bias,0.1483,0.7666666666666667,warning
1780727131.2047362,data-ENT,72,0.4962328554946543,0.825273852267739,0.44677525620328284,0.9752684522241734,0.2129900251136471,0.6978989456033301,0.9875280521137938,0.8675966891846,0.48250319793642216,0.4000911038133523,0.9514789928901977,express,0.1379187397070207,0.0,False,True,0.031238304753468102,0.8198,shame,autonomy_guard,expression_drive;warmth_bias,0.198,0.7650273224043715,warning
1780727131.2050393,data-ENT,73,0.4982581433454181,0.8241302489069163,0.44327418745105174,0.9770826637531158,0.21285848730403154,0.6996724776848052,0.9844485875582841,0.8663196902236361,0.4842572280448561,0.4033393801244058,0.9430674249079899,observe,0.13102280272166966,0.0,False,True,0.0,0.0,,,perception_acuity;patience,0.0,0.7675675675675676,warning
1780727131.2053425,data-ENT,74,0.4994369276282074,0.823874944816466,0.4451067411222371,0.9812056489178609,0.21385491200737533,0.71200105688564,0.9873075016888182,0.8758677529220861,0.4842150669627261,0.4087541486006732,0.9442714109742718,express,0.13376559013536335,0.0,False,True,0.06327304713399262,0.8196,shame,autonomy_guard,expression_drive;warmth_bias,0.0505,0.7659574468085106,warning
1780727131.2056408,data-ENT,75,0.5033414403258659,0.8224249958549685,0.4472465234035935,0.9760488497170531,0.21559238676237785,0.7082342924041326,0.991354784747857,0.8729942932302274,0.4810152917077218,0.40879779345437217,0.9398119434539478,observe,0.12707731062859517,0.0,False,True,0.0,0.0,,,perception_acuity;patience,0.0,0.7684210526315789,warning
1780727131.2059598,data-ENT,76,0.5117276807454243,0.8260236549268397,0.45082795917547097,0.9758060873025448,0.21869078698321656,0.7218723610785137,0.9967808959536926,0.8765860664642685,0.4771912281730998,0.4175868888751044,0.944671780055717,express,0.13418027804294608,0.0,False,True,0.0,0.8234,shame,autonomy_guard,expression_drive;warmth_bias,0.0511,0.7668393782383419,warning
1780727131.206267,data-ENT,77,0.5080926827605784,0.8262655066083218,0.45049356119578765,0.9711278254877661,0.22340259566611434,0.7353558973233786,0.9952550057172234,0.8909883428702992,0.478525548734187,0.43454010993761155,0.9441140654135511,reach_out,0.1490657039213802,0.0,False,True,0.02200366580997522,0.721,shame,autonomy_guard,relational_gravity;intimacy_pull,0.0867,0.7653061224489796,warning
1780727131.2065701,data-ENT,78,0.5121792917918179,0.8261595610573944,0.45412931467473494,0.9735131246077119,0.2264179999858193,0.741634195628191,0.9986173709798429,0.8781128158354741,0.4749682929613183,0.4491344040730756,0.9356576916188935,express,0.15437304368629512,0.0,False,True,0.11858472735709819,0.8218,shame,autonomy_guard,expression_drive;warmth_bias,0.1371,0.7638190954773869,warning
1780727131.2068765,data-ENT,79,0.5182333906419709,0.8293828856672972,0.4538836457936593,0.9742996212020058,0.22884985417705747,0.7555389487653991,0.9986781434720453,0.8713096142609453,0.48379404198442355,0.46500511203161604,0.9275692099769682,express,0.15467831060983148,0.0,False,True,0.036811939979829345,0.8212,shame,autonomy_guard,expression_drive;warmth_bias,0.187,0.7623762376237624,warning
1780727131.2071736,data-ENT,80,0.5195096302693367,0.8307002204774089,0.4550512932069598,0.9691866625455418,0.22613006844576514,0.756068692155886,0.9857359619793953,0.8779119446967362,0.4823589087830891,0.46623274945333576,0.9287107928747681,observe,0.1469443950793399,0.0,False,True,0.043369592123680994,0.0,,,perception_acuity;patience,0.0,0.7647058823529411,warning
1780727131.207497,data-ENT,81,0.5214068434699314,0.8282706306069715,0.45236208213489215,0.9698679987243056,0.22784925850328472,0.7601547284087203,0.9807708487539872,0.8778990509499481,0.4771058618468807,0.4681764115636918,0.9243998111344425,observe,0.1442458627482733,0.0,False,True,0.049841880816002146,0.0,,,perception_acuity;patience,0.0,0.7669902912621359,warning
1780727131.207801,data-ENT,82,0.5235469869675784,0.8252928779808886,0.4550069890481463,0.9737838616730535,0.22992119743180892,0.764094460848819,0.9764649806800563,0.8724151246434372,0.4841405056945665,0.4592945110921218,0.9285001706316734,observe,0.13703356961085963,0.0,False,True,0.014515365295990299,0.0,,,perception_acuity;patience,0.0,0.7692307692307693,warning
1780727131.2081246,data-ENT,83,0.5264536312060963,0.8289612417895993,0.4551876568525338,0.9776414857374277,0.22818653076721132,0.7681556897032783,0.9758278911082844,0.8749472178400628,0.4806470325123414,0.4725622717875154,0.9250588135347765,reach_out,0.15714831274840707,0.0,False,True,0.0,0.724,shame,autonomy_guard,relational_gravity;intimacy_pull,0.0363,0.7677725118483413,warning
1780727131.2084346,data-ENT,84,0.5209660943253972,0.8240276914332989,0.4525244006917058,0.9762829376368503,0.2306025706050821,0.7631397214271178,0.976398580459088,0.8739080204221311,0.47946319683770916,0.4657178555315348,0.9238686117985387,observe,0.1492908971109867,0.0,False,True,0.0,0.0,,,perception_acuity;patience,0.0,0.7699530516431925,warning
1780727131.208794,data-ENT,85,0.5270628629197254,0.819200749860952,0.4561522658236015,0.979248190567177,0.2258815145128321,0.7702746121787383,0.9814939785452934,0.8713043969266425,0.48526312425955015,0.4823870950108912,0.9300321936477728,express,0.14859933459403313,0.0,False,True,0.05029030956033675,0.8244,shame,autonomy_guard,expression_drive;warmth_bias,0.0513,0.7685185185185185,warning
1780727131.209118,data-ENT,86,0.5289980731534293,0.8195461341690228,0.4541412942832141,0.9813653799435027,0.21975899765312742,0.7816766603276049,0.9833712213095074,0.8708771868860175,0.4845107559069005,0.487539239932591,0.9322221636712184,observe,0.14116936786433146,0.0,False,True,0.09195772684838888,0.0,,,perception_acuity;patience,0.0,0.7706422018348624,warning
1780727131.209429,data-ENT,87,0.5311642218780782,0.8163288059812499,0.45439138962931735,0.9859389810435841,0.22100702691464008,0.7971714117984893,0.980121311453024,0.8622648167219338,0.4781362152728916,0.4979205558395145,0.9251414959106402,express,0.1466162148520366,0.0,False,True,0.09035421031391416,0.8237,shame,autonomy_guard,expression_drive;warmth_bias,0.0512,0.7692307692307693,warning
1780727131.209731,data-ENT,88,0.5339441851774397,0.8133889571150866,0.4551489733734848,0.9877763330593733,0.21869512492553106,0.8011077396508566,0.9828115681192984,0.866541984525162,0.47885251755797487,0.5010093091048485,0.9273827891384422,observe,0.13928540410943477,0.0,False,True,0.12357495765014491,0.0,,,perception_acuity;patience,0.0,0.7713004484304933,warning
1780727131.2100832,data-ENT,89,0.5386487804485729,0.8147933729472886,0.45281138687644196,0.989490318608761,0.22249898551817973,0.8084991265382957,0.9808681395615172,0.8616975414036758,0.4755379578994702,0.5159017811493302,0.9361111568001111,express,0.1423481892257427,0.0,False,True,0.0,0.8287,shame,autonomy_guard,expression_drive;warmth_bias,0.0519,0.7699115044247787,warning
1780727131.2103908,data-ENT,90,0.5425707477607247,0.816226168370377,0.44943923119190765,0.9826499231652579,0.22354732144314104,0.8211854152491191,0.9808403904495097,0.8584927617894115,0.4682583544257604,0.5341740965135413,0.9517162590987914,express,0.14543283351417374,0.0,False,True,0.05165937277232889,0.5881,shame,autonomy_guard,expression_drive;warmth_bias,0.0677,0.7685589519650655,warning
1780727131.210716,data-ENT,91,0.542783271941826,0.8116059975317829,0.45725436528238483,0.9840628193175346,0.22586318245507095,0.82937473404117,0.9764337234118393,0.85199210958292,0.4657824583155442,0.5494405412023969,0.9453195964818699,reach_out,0.16373422086555917,0.0,False,True,0.0,0.7451,shame,autonomy_guard,relational_gravity;intimacy_pull,0.1067,0.7672413793103449,warning
1780727131.2110171,data-ENT,92,0.540630009224536,0.810525533507132,0.4593770351212777,0.9821701905326852,0.22250938231135875,0.8272274069798178,0.9787682489899242,0.8670695711209129,0.47216014046136456,0.5399215578210649,0.9446726505313343,observe,0.1555669403591233,0.0,False,True,0.026241076888791882,0.0,,,perception_acuity;patience,0.0,0.7692307692307693,warning
1780727131.211319,data-ENT,93,0.5410346087273735,0.8043620169932254,0.4590127885778143,0.9834537667137013,0.2223825469549875,0.8283617508304798,0.9793021975970644,0.8632750178646998,0.4684003612020657,0.5452365820863562,0.942372467605299,observe,0.14778859334116712,0.0,False,True,0.021361206331653036,0.0,,,perception_acuity;patience,0.0,0.7711864406779662,warning
1780727131.2116504,data-ENT,94,0.5432344295626439,0.8020367248077644,0.45174877857200735,0.9826847950551074,0.22497899772248708,0.8285873259631945,0.9820412087061196,0.8594045311462185,0.46637614264386235,0.5371533478377215,0.9385676165288294,observe,0.14039916367410876,0.0,False,True,0.0,0.0,,,perception_acuity;patience,0.0,0.773109243697479,warning
1780727131.2119625,data-ENT,95,0.5451394270017521,0.8026447299613318,0.44349607960914056,0.9815748595208139,0.22017292008811082,0.8448040255668919,0.988158910186929,0.8678375837055836,0.468798243848569,0.5417572767664458,0.9401411121614349,express,0.14300969029071273,0.0,False,True,0.008740708920529347,0.5719,shame,autonomy_guard,expression_drive;warmth_bias,0.0137,0.7717842323651453,warning
1780727131.2122874,data-ENT,96,0.540889729307881,0.8027690027394117,0.4379652013202696,0.9740824086313022,0.21902766629935722,0.8520322915936834,0.9907856220486568,0.877533302686531,0.4650397287854883,0.542227808609798,0.939501905007877,observe,0.13585920577617708,0.0,False,True,0.0,0.0,,,perception_acuity;patience,0.0,0.7736625514403292,warning
1780727131.2126093,data-ENT,97,0.5411266781547733,0.8010450104102217,0.44177472582040067,0.9728451640881147,0.22347261879684283,0.8678400530321629,0.988576696044328,0.879182144125356,0.4731732869663815,0.5530004006259409,0.9421798350993862,express,0.1350854440598337,0.0,False,True,0.07890507129921372,0.562,shame,autonomy_guard,expression_drive;warmth_bias,0.0122,0.7723577235772358,warning
1780727131.2129157,data-ENT,98,0.5473194723071327,0.8040638353745108,0.43610127808730254,0.9795173529674532,0.22444588347428618,0.866715306323719,0.9894117763351985,0.8781219987860852,0.4831608836766766,0.5608720540062194,0.940884076353557,observe,0.128331171856842,0.0,False,True,0.03259838317787694,0.0,,,perception_acuity;patience,0.0,0.7741935483870968,warning
1780727131.2132206,data-ENT,99,0.5442132182620577,0.8006510295855687,0.4350244325436414,0.9794392427286026,0.22363239690235862,0.8599859818462772,0.9920718364584791,0.8750702275306547,0.4840119993319778,0.5695802270104193,0.9437894894430339,observe,0.12385300702593227,0.0,False,True,0.0016198837869084036,0.0,,,perception_acuity;patience,0.0,0.776,warning
1780727131.2135255,data-ENT,100,0.5433441106409552,0.7983956662662739,0.4393467021710377,0.9756586172341221,0.22092011049646834,0.8630874215171852,0.9855260515500596,0.8726144474957993,0.48858565765288725,0.5633067470163526,0.9481677125135589,observe,0.11766035667463565,0.0,False,True,0.0,0.0,,,perception_acuity;patience,0.0,0.7777777777777778,warning
1780727131.2140095,data-ISF,1,0.050230469447044,0.7981442865782111,0.4970693204755856,0.7526723220433386,0.34904925925348174,0.5087080224397025,0.8398668421353882,0.48784404027433115,0.9058760351469721,0.4044675546429984,0.7437723170516493,express,0.2995630727338973,0.0,False,True,0.0,0.7484,shame,autonomy_guard,expression_drive;warmth_bias,0.04,0.6666666666666666,normal
1780727131.2142923,data-ISF,2,0.0514274706628648,0.8027001902468168,0.4982894747718553,0.7503369991006626,0.3479443319454147,0.5089526443901211,0.838927882892117,0.4914754756439809,0.9100215345759247,0.4137572468021065,0.7452342277398404,observe,0.28458491909720246,0.0,False,True,0.0,0.0,,,perception_acuity;patience,0.0,0.8,normal
1780727131.2145715,data-ISF,3,0.05470109936456037,0.8037105266122228,0.49475860400332705,0.7517125521996599,0.3483449387905674,0.5132007904628549,0.8478943971630608,0.4930998135437234,0.9182635056503233,0.42725653560696575,0.7473424509842258,express,0.27968762770743666,0.0,False,True,0.08510363123905343,0.7485,shame,autonomy_guard,expression_drive;warmth_bias,0.04,0.75,normal
1780727131.2148557,data-ISF,4,0.060475686488446145,0.7986606316729028,0.49015786716833526,0.755291882424777,0.35213771743946376,0.5264388246796108,0.8483651830803992,0.4941919621940413,0.9257888008172858,0.4351790772469619,0.7515580450545131,express,0.2762112973475063,0.0,False,True,0.0,0.7506,shame,autonomy_guard,expression_drive;warmth_bias,0.0801,0.7272727272727273,warning
1780727131.2152104,data-ISF,5,0.068150113695405,0.7995489176866051,0.4863035454397239,0.754919411216327,0.35329307053142,0.5389549306300659,0.8511010656896874,0.5033749142858924,0.9371781774606991,0.44444741590830655,0.7530338405285254,express,0.2704764294908281,0.0,False,True,0.042841768609382685,0.7517,shame,autonomy_guard,expression_drive;warmth_bias,0.1199,0.7142857142857143,warning
1780727131.215502,data-ISF,6,0.07186530665618436,0.7961954767428324,0.4847634173712729,0.7450753950844037,0.3614643606099085,0.534047506326456,0.845041455635234,0.5044028033825558,0.923185538228419,0.45124413441418726,0.754018508823356,observe,0.2578956467504068,0.0,False,True,0.0,0.0,,,perception_acuity;patience,0.0,0.75,warning
1780727131.2157934,data-ISF,7,0.07596591317975555,0.7998523369318409,0.48923069433429417,0.7432399747846012,0.3532758125353787,0.5467560738805897,0.847814252720693,0.4981848201654611,0.9284072718508094,0.46582237357318557,0.7507700768406448,express,0.2519517021926,0.0,False,True,0.015922489699483337,0.7508,shame,autonomy_guard,expression_drive;warmth_bias,0.0403,0.7368421052631579,warning
1780727131.2160883,data-ISF,8,0.07231280885287698,0.8005758578079384,0.4923210871068058,0.7429763611858954,0.35872862966113767,0.541760095128474,0.8531569982347803,0.5026127237867993,0.9280775127751628,0.4578607749389313,0.7482796493032103,observe,0.23987390263899994,0.0,False,True,0.0,0.0,,,perception_acuity;patience,0.0,0.7619047619047619,warning
1780727131.2164044,data-ISF,9,0.06852591455859554,0.8002057381080843,0.4872123419422159,0.7397757724626018,0.3555593690848428,0.5443719478128265,0.8589418665212576,0.5050741780344977,0.92854572969409,0.4757674393918251,0.7554013054450736,reach_out,0.25345320022215495,0.0,False,True,0.011134444538450621,0.5738,shame,autonomy_guard,relational_gravity;intimacy_pull,0.014,0.75,warning
1780727131.216715,data-ISF,10,0.0720482191085774,0.8016919415624087,0.48844706172228425,0.7402437933022984,0.3577002564042588,0.5529541207026383,0.8523541234632095,0.5055900331122565,0.9316725279652697,0.4850949398916295,0.7584145175627722,express,0.24822561897982173,0.0,False,True,0.03135212517139825,0.7551,shame,autonomy_guard,expression_drive;warmth_bias,0.0549,0.7407407407407407,warning
1780727131.2170022,data-ISF,11,0.0702546892963979,0.8066858661732342,0.4826706019993675,0.743596940550349,0.36240646581147123,0.5579610219736751,0.8539692650893009,0.5116324136324718,0.9287510422520205,0.48453961287794534,0.7605344973823142,observe,0.23763117980961282,0.0,False,True,0.0,0.0,,,perception_acuity;patience,0.0,0.7586206896551724,warning
1780727131.217289,data-ISF,12,0.07237009215807524,0.812733406190973,0.48568309403680116,0.7403894554748077,0.36397150178377335,0.5527690683362162,0.8471500021397014,0.5137543208361817,0.9242690241705408,0.4819322021406788,0.7650182355303556,observe,0.22574962081913216,0.0,False,True,0.0,0.0,,,perception_acuity;patience,0.0,0.7741935483870968,warning
1780727131.2175837,data-ISF,13,0.07344444645353208,0.810499667115503,0.4874886193475724,0.7390659422540199,0.3588825752637667,0.5485125448153767,0.8496339473589661,0.5195312463758301,0.9253766899796688,0.4824384558436358,0.771272022688355,observe,0.21562904242934214,0.0,False,True,0.07570930877167831,0.0,,,perception_acuity;patience,0.0,0.7878787878787878,warning
1780727131.2178814,data-ISF,14,0.07405433061771699,0.8071280928373886,0.4886735515363709,0.7383069325718193,0.35945708295224704,0.5463903872353982,0.8438853519078814,0.5198030709205597,0.9296175541587873,0.479450659775101,0.773489022591988,observe,0.20980110478953085,0.0,False,True,0.0,0.0,,,perception_acuity;patience,0.0,0.8,warning
1780727131.2182376,data-ISF,15,0.08124273293054259,0.803649304558026,0.4917602203517168,0.7418004761203709,0.3624489510070657,0.5542767909230032,0.8470166794074399,0.5214756197238449,0.9268205758198373,0.49674195652465153,0.7745084739156363,express,0.21104964405112292,0.0,False,True,0.0,0.7551,shame,autonomy_guard,expression_drive;warmth_bias,0.041,0.7894736842105263,warning
1780727131.2185805,data-ISF,16,0.08871688553184204,0.8039392714983079,0.49499575228779796,0.7425771331332276,0.3572066230398858,0.5651599900633104,0.8434733287499009,0.5179265410029115,0.9270353324736325,0.5014956887077017,0.7716491713280302,express,0.21300598572561047,0.0,False,True,0.09346039839040851,0.7553,shame,autonomy_guard,expression_drive;warmth_bias,0.0817,0.7804878048780488,warning
1780727131.218897,data-ISF,17,0.09334194753958876,0.8042976413513365,0.5000969587922756,0.7424679164775504,0.3569754355457546,0.571499062313219,0.843352128415247,0.5242425825721784,0.9272989291040741,0.5169502094751506,0.7759623665644733,express,0.21157676313003773,0.0,False,True,0.11691646013319183,0.7565,shame,autonomy_guard,expression_drive;warmth_bias,0.1224,0.7727272727272727,warning
1780727131.2191887,data-ISF,18,0.09408549109441139,0.8062559975147093,0.4983044118442687,0.742954233418741,0.35336104696495363,0.5761368633657142,0.8450511074984863,0.5243243668269525,0.9287113421159471,0.5207570471901429,0.7813995263137915,observe,0.20166832858727338,0.0,False,True,0.042599748002786646,0.0,,,perception_acuity;patience,0.0,0.782608695652174,warning
1780727131.2194834,data-ISF,19,0.08994790939534307,0.8039290985308184,0.49590897725413347,0.7414409472241865,0.35631266308366316,0.5867796864342126,0.8438698169339809,0.5256576664105254,0.9273003797891128,0.5415837924411357,0.7747314146471805,reach_out,0.21576637447373032,0.0,False,True,0.0,0.5909,shame,autonomy_guard,relational_gravity;intimacy_pull,0.0165,0.7755102040816326,warning
1780727131.219798,data-ISF,20,0.08934783819226612,0.8009196777433372,0.4887909448825865,0.742254818457737,0.35472137343276533,0.5924996537177905,0.8398574828890769,0.5212104320566748,0.9253986362603771,0.549592663097974,0.7828114707317377,express,0.21492254388107015,0.0,False,True,0.001935034881261552,0.7648,shame,autonomy_guard,expression_drive;warmth_bias,0.0588,0.7692307692307693,warning
1780727131.220095,data-ISF,21,0.08892461050541306,0.799451752418939,0.4911891821306403,0.7429185534218615,0.3535899602975895,0.5766187037197289,0.8431271666638714,0.52425574805361,0.9315401075060246,0.550480168871927,0.7779713206388599,observe,0.20619329320801927,0.0,False,True,0.0,0.0,,,perception_acuity;patience,0.0,0.7777777777777778,warning
1780727131.2203858,data-ISF,22,0.08467807656161672,0.7997668648111255,0.4918313014354049,0.7436690698468639,0.35489950670034875,0.5807477291512211,0.8452655214631513,0.5243279361182194,0.9272022374880743,0.5496070678980153,0.7778784960299734,observe,0.1958836285476183,0.0,False,True,0.0,0.0,,,perception_acuity;patience,0.0,0.7857142857142857,warning
1780727131.2206748,data-ISF,23,0.08778035253182785,0.7995177217937209,0.4939025419938121,0.7431906555519491,0.3509544746646997,0.5849331005738174,0.8470211402333532,0.5278954224188631,0.9218120271430454,0.5385595954482835,0.7764551195178289,observe,0.18608944712023737,0.0,False,True,0.0,0.0,,,perception_acuity;patience,0.0,0.7931034482758621,warning
1780727131.2209656,data-ISF,24,0.08549135565140109,0.8006789843846062,0.490824700193101,0.7373502536562193,0.3495929744885447,0.5861961798802431,0.8508427213505062,0.5266571469119915,0.9202557170523488,0.5301458573337655,0.7734496161798377,observe,0.17755125301254107,0.0,False,True,0.0,0.0,,,perception_acuity;patience,0.0,0.8,warning
1780727131.2212868,data-ISF,25,0.0872786362782738,0.79836133893088,0.4921556789122897,0.7345928091873957,0.34615902178322205,0.5977034438547056,0.8551462996147816,0.524977805943421,0.9191838687684487,0.5365097106398071,0.7698291081642977,express,0.1763893460088984,0.0,False,True,0.019952623106023023,0.7644,shame,autonomy_guard,expression_drive;warmth_bias,0.0424,0.7936507936507936,warning
1780727131.2216117,data-ISF,26,0.0982767476487317,0.7549679856255949,0.47727150231088145,0.7522410879526351,0.33083405032456975,0.52174910587176,0.8915719943542453,0.4767591350312471,0.8912458039146829,0.5690427651750605,0.7672290676589802,hold,0.16919696363212455,1.0,True,False,0.7881968024620105,0.1269,righteous,expression_drive,autonomy_guard;inner_coherence,0.5157,0.7878787878787878,warning
1780727131.2219453,data-ISF,27,0.09746608259766484,0.7836865511001809,0.4178694503840866,0.8178088968551088,0.2831980336252124,0.5687497586984364,0.8586659563434133,0.4816016561327578,0.8143728639099737,0.5312089287789733,0.7531060551978742,hold,0.16643877704847865,1.0,True,False,0.8371938379006458,0.1266,righteous,expression_drive,autonomy_guard;inner_coherence,0.9931,0.782608695652174,warning
1780727131.2222917,data-ISF,28,0.1879129952657017,0.7816034121276924,0.4794106965668279,0.7572614943469123,0.3742762873834607,0.6607802306684225,0.7693934451511693,0.4376215356388589,0.7705106267669041,0.49047431371451633,0.7873000412684497,hold,0.1600602753677468,1.0,True,False,0.8040065043956607,0.1117,righteous,expression_drive,autonomy_guard;inner_coherence,0.9931,0.7777777777777778,warning
1780727131.2226028,data-ISF,29,0.14665667402266497,0.8617419861273352,0.4340221502153041,0.7580314040905533,0.4066067658487573,0.672397380328566,0.7436475652830739,0.3803435236977217,0.8346046182628681,0.5104208261727478,0.8641321721948748,hold,0.15350056223170458,1.0,True,False,0.8084624443854433,0.1198,righteous,expression_drive,autonomy_guard;inner_coherence,0.9931,0.7733333333333333,warning
1780727131.2229192,data-ISF,30,0.14823757611637137,0.8629972790665724,0.43370488414778813,0.7641016104729907,0.40889026908640097,0.6919181527654849,0.7484490727583856,0.38563735649109865,0.8385298070740194,0.5212554413260607,0.8742601529417354,repair,0.16176392677331028,0.0,False,True,0.1312612840125995,0.4207,doubt,boundary_permeability,warmth_bias;relational_gravity,0.9931,0.7692307692307693,warning
1780727131.223228,data-ISF,31,0.1466711508996328,0.8595058840350248,0.42941416365194873,0.7636389321477555,0.4128118235278571,0.7015537463838165,0.7566437055738862,0.3894309221433497,0.8479443257027394,0.519676895688503,0.8703552716997017,repair,0.1688494841620243,0.0,False,True,0.10915707055126386,0.4252,doubt,boundary_permeability,warmth_bias;relational_gravity,0.9931,0.7654320987654321,warning
1780727131.2235284,data-ISF,32,0.14602242524781403,0.8564515883938122,0.4295742908200482,0.7717164172825559,0.41933281611037054,0.7134570496889265,0.7593973415822598,0.39870445164309526,0.8391872812140913,0.523713780577916,0.8683260008186389,repair,0.17672266141276663,0.0,False,True,0.10708804054183028,0.4288,doubt,boundary_permeability,warmth_bias;relational_gravity,0.9931,0.7619047619047619,warning
1780727131.2238247,data-ISF,33,0.1456536523761913,0.8542775819118403,0.431812466646129,0.7739327302506749,0.4242666732317638,0.717641828535395,0.7562804548198417,0.3942237008309882,0.8396077002554785,0.5243873604070004,0.8677202217303454,repair,0.18334409911084695,0.0,False,True,0.04267569187242372,0.4298,doubt,boundary_permeability,warmth_bias;relational_gravity,0.9931,0.7586206896551724,warning
1780727131.2241209,data-ISF,34,0.15107436213769687,0.8548515614530094,0.42975241018022253,0.7787954635304165,0.4260815088561484,0.7217321024554711,0.7592208762641787,0.3997986341842103,0.8377333112003198,0.520145436355942,0.8680647842917798,repair,0.19295396265916553,0.0,False,True,0.05371594552562022,0.4317,doubt,boundary_permeability,warmth_bias;relational_gravity,0.9931,0.7555555555555555,warning
1780727131.2244341,data-ISF,35,0.15145485896256924,0.8590713700901207,0.4306234830664925,0.7761763204929968,0.4273277756327614,0.7310777634467245,0.7588503229535993,0.40308614722264396,0.8332373730335072,0.5139272751877446,0.8721343657066851,repair,0.19650675321377264,0.0,False,True,0.1316867138682764,0.433,doubt,boundary_permeability,warmth_bias;relational_gravity,0.9931,0.7526881720430108,warning
1780727131.2247314,data-ISF,36,0.15589458422317448,0.8561401999353109,0.42700452599245164,0.7750486236481139,0.4320324827969287,0.7452959717340651,0.7624638724131403,0.41323351829844573,0.8303627934517618,0.5156149193290066,0.8726747798765854,repair,0.19759004231981475,0.0,False,True,0.12253771411340111,0.4373,doubt,boundary_permeability,warmth_bias;relational_gravity,0.9926,0.75,warning
1780727131.2250235,data-ISF,37,0.15635891415846356,0.8530646574946256,0.4248068745696779,0.7726603847333274,0.43448894080642897,0.7627371855891988,0.7694930654647846,0.41105408183608017,0.8278224906331958,0.5108362303039296,0.8705109634929012,repair,0.20494304567019878,0.0,False,True,0.11799573229483394,0.4402,doubt,boundary_permeability,warmth_bias;relational_gravity,0.9916,0.7474747474747475,warning
1780727131.2253284,data-ISF,38,0.15533996321119664,0.853025047958546,0.42377174679758084,0.7731817510682004,0.44269478296585607,0.7690300200863049,0.7608400598058284,0.4082255636742736,0.8306283825858471,0.5068160950391748,0.8752127064375422,repair,0.2089343479025482,0.0,False,True,0.16180164351794513,0.217,doubt,boundary_permeability,warmth_bias;relational_gravity,0.9931,0.7450980392156863,warning
1780727131.22562,data-ISF,39,0.1547682105040637,0.8519020846351577,0.4259588048231226,0.7699786023807049,0.44134646980190523,0.7676446167930243,0.7654165977651504,0.4095980847634523,0.8374361557086784,0.5060601043717874,0.8762537422124804,observe,0.19848763050742077,0.0,False,True,0.0,0.0,,,perception_acuity;patience,0.7479,0.75,warning
1780727131.225931,data-ISF,40,0.1594078707531886,0.8459531725115017,0.4240904778384218,0.776622007773214,0.4408009444806742,0.7783823564658995,0.7638118030653638,0.40994544273023814,0.8508012609241633,0.5101639348135442,0.8745039658385219,express,0.2032454841004228,0.0,False,True,0.023720440945239847,0.5397,shame,autonomy_guard,expression_drive;warmth_bias,0.7516,0.7476635514018691,warning
1780727131.2262275,data-ISF,41,0.16089479505273138,0.8497648485237028,0.4189810343634118,0.7719201106821674,0.44433565618913395,0.7798496563111161,0.7569947899518268,0.41628926239539227,0.8507363663236384,0.5179750579443808,0.8766919913877438,observe,0.1981195431863541,0.0,False,True,0.0,0.0,,,perception_acuity;patience,0.5081,0.7522935779816514,warning
1780727131.226527,data-ISF,42,0.1617627612155246,0.8487297175877573,0.42201094027027325,0.7774352373295144,0.44582531467640274,0.7806252615619748,0.7504523418042743,0.4187493880856286,0.8513541996578167,0.5371134669810766,0.8797347078927946,reach_out,0.2128701006425795,0.0,False,True,0.0,0.6346,shame,autonomy_guard,relational_gravity;intimacy_pull,0.5276,0.75,warning
1780727131.2268333,data-ISF,43,0.15835971928825837,0.8508313288509234,0.425705755123887,0.7812265260859326,0.44953904113863896,0.7830238670880058,0.749733073814739,0.4231689591663189,0.8488504124309139,0.5349490505024653,0.8702715004758749,observe,0.2049431662325136,0.0,False,True,0.010997838684300923,0.0,,,perception_acuity;patience,0.2856,0.7543859649122807,warning
1780727131.227134,data-ISF,44,0.16094356202630597,0.8528672667242962,0.4262012015116461,0.7829142704289854,0.4496715064072071,0.7884089240998449,0.752239334546002,0.42795988031497395,0.8538027622638971,0.5368788822060153,0.8660466982172847,observe,0.19483849940591438,0.0,False,True,0.0,0.0,,,perception_acuity;patience,0.0453,0.7586206896551724,warning
1780727131.2274735,data-ISF,45,0.1688626619730793,0.85752061000213,0.42634278372846696,0.7817537549607152,0.44852873230142276,0.7950290053656671,0.7459117270323663,0.43030428615631955,0.864962274736298,0.5504231151374697,0.8645087604808515,express,0.1941075986975066,0.0,False,True,0.0,0.5293,shame,autonomy_guard,expression_drive;warmth_bias,0.0523,0.7563025210084033,warning
1780727131.227781,data-ISF,46,0.1687530801634691,0.8535112672331273,0.4231313608372728,0.7769231688469114,0.4444692304680132,0.8097508434481422,0.7450483734494066,0.42748719349907377,0.8611094418208074,0.5562321293462786,0.866937906011995,express,0.193817976198218,0.0,False,True,0.06206993418788636,0.5255,shame,autonomy_guard,expression_drive;warmth_bias,0.0587,0.7540983606557377,warning
1780727131.2280788,data-ISF,47,0.1689789338294111,0.8521851942980734,0.4220146410291304,0.7763918777303452,0.4468574240883744,0.8122659341779694,0.7537755989455552,0.4404735087133407,0.851737876238403,0.5510591137485938,0.8749303207813875,observe,0.18727730685146843,0.0,False,True,0.019964810262230792,0.0,,,perception_acuity;patience,0.0,0.7580645161290323,warning
1780727131.2283926,data-ISF,48,0.16142189327479908,0.8542800286904384,0.4267044880045914,0.7792633908255343,0.4402392618744326,0.8126049185938087,0.7563202389399319,0.44238824105200086,0.8549019394615612,0.5597858856796935,0.8683604904838935,observe,0.177913441508895,0.0,False,True,0.0,0.0,,,perception_acuity;patience,0.0,0.7619047619047619,warning
1780727131.2286932,data-ISF,49,0.1680422441770854,0.8523761588725114,0.43125371879275576,0.7873508148267693,0.44171609418301955,0.8208957136777025,0.7594863813575894,0.44537607331125106,0.8460126116658924,0.5630253574919986,0.8668187061081355,observe,0.16901776943345023,0.0,False,True,0.0,0.0,,,perception_acuity;patience,0.0,0.765625,warning
1780727131.229048,data-ISF,50,0.16869169275238996,0.849051868228697,0.4296465394078368,0.7897709975774839,0.4361547950892962,0.8284815643140526,0.7622613455977156,0.4403995245626234,0.8415612452017041,0.5641991730055178,0.8658326538949038,observe,0.16149238866808263,0.0,False,True,0.05545198986987803,0.0,,,perception_acuity;patience,0.0,0.7692307692307693,warning
1780727131.229363,data-ISF,51,0.16776418573702415,0.8432444106420908,0.433918278722833,0.790263576601678,0.4362351204309575,0.8469301966902316,0.7654773238617116,0.4381150573274443,0.85206271899965,0.591863643966742,0.8735297072517754,reach_out,0.17655212879548876,0.0,False,True,0.0,0.6414,shame,autonomy_guard,relational_gravity;intimacy_pull,0.024,0.7669172932330827,warning
1780727131.2296612,data-ISF,52,0.16128771969830893,0.8428851259844603,0.43350074589638893,0.7929516986208838,0.4330239498664773,0.8457949119599393,0.758711261005912,0.43540360874650336,0.8557198957020353,0.5983267255459174,0.8766076085905182,observe,0.17080194224422077,0.0,False,True,0.0,0.0,,,perception_acuity;patience,0.0,0.7703703703703704,warning
1780727131.2299564,data-ISF,53,0.16361503436921662,0.8439106666158037,0.43244498100075096,0.7982512733887334,0.43344264226761064,0.837743200129308,0.7505001857255261,0.4298334914440873,0.8556692714133022,0.5964452018606601,0.882146723612211,observe,0.1627057825905243,0.0,False,True,0.05926795066046897,0.0,,,perception_acuity;patience,0.0,0.7737226277372263,warning
1780727131.2302575,data-ISF,54,0.15947903900340818,0.8406856084303623,0.4364744442501556,0.7977582352745145,0.43571213169441436,0.8509569007989571,0.7476182642753323,0.4305388762481569,0.8509757385586713,0.6163457544843001,0.8822609458179578,reach_out,0.18133124997145447,0.0,False,True,0.0,0.6486,shame,autonomy_guard,relational_gravity;intimacy_pull,0.0251,0.7714285714285715,warning
1780727131.230577,data-ISF,55,0.16229909326061995,0.8417227081911255,0.4374353623443502,0.7954753089018971,0.43652809096234757,0.8472470170486016,0.7407747968281834,0.43611955870925245,0.8573774709948568,0.6162735121626718,0.8744169508794365,observe,0.17226468747288173,0.0,False,True,0.08079882517132497,0.0,,,perception_acuity;patience,0.0,0.7746478873239436,warning
1780727131.230874,data-ISF,56,0.16353643680455268,0.8408555564249728,0.4406491029845491,0.8006631645618992,0.43047382449525606,0.8473494654303394,0.7305457630283758,0.43971537026024465,0.855583300594647,0.6147111644835347,0.8730789236104125,observe,0.16401340938250183,0.0,False,True,0.0624574170727407,0.0,,,perception_acuity;patience,0.0,0.7777777777777778,warning
1780727131.2312107,data-ISF,57,0.1653067442375521,0.8397330558940349,0.4357958818244999,0.796204348983485,0.4302688092665566,0.8529502201163588,0.7274246146720402,0.4372083819580332,0.8558598526400596,0.6206394516111132,0.8780906378896893,express,0.16431112112749405,0.0,False,True,0.05226141748459829,0.5134,shame,autonomy_guard,expression_drive;warmth_bias,0.005,0.7755102040816326,warning
1780727131.2315204,data-ISF,58,0.16561138456115207,0.8399622587903198,0.4346955605434576,0.7964467623146599,0.4325098440884605,0.853549457603503,0.7306839906798974,0.4426106823461539,0.8588292912308577,0.6237960959523424,0.8842900228845707,observe,0.15873967264838823,0.0,False,True,0.0035917795446549178,0.0,,,perception_acuity;patience,0.0,0.7785234899328859,warning
1780727131.2318337,data-ISF,59,0.16667336557338455,0.8398561759566631,0.43503367657161496,0.796099608713685,0.4388400109770234,0.8516526814682781,0.7240500231226351,0.44493843336348726,0.8559747651431381,0.6243180342670036,0.8808299776157589,observe,0.1508026890159688,0.0,False,True,0.0,0.0,,,perception_acuity;patience,0.0,0.7814569536423841,warning
1780727131.2321467,data-ISF,60,0.16716340874505572,0.8413491901957155,0.43829926418729237,0.796340884078935,0.43816321771492844,0.8517066942101439,0.724865262981567,0.4491004757268808,0.8574539323843132,0.6109564624145989,0.8814445669521571,observe,0.1440570046468347,0.0,False,True,0.0,0.0,,,perception_acuity;patience,0.0,0.7843137254901961,warning
1780727131.2324555,data-ISF,61,0.16501476423466035,0.8411763332367882,0.4361501699903342,0.795327237496038,0.4409841484914948,0.8495001189680238,0.7298128452346478,0.43812492895171196,0.8493196289549729,0.6132587237562914,0.8762705266952885,observe,0.13685415441449297,0.0,False,True,0.03319900478238552,0.0,,,perception_acuity;patience,0.0,0.7870967741935484,warning
1780727131.2327635,data-ISF,62,0.1644823673107762,0.8428556531087344,0.4390798461025392,0.7912449788878585,0.44018453538120644,0.8522615809584919,0.7316885127327226,0.43155920728661573,0.8465529316204089,0.6249025882518638,0.8812394681988704,reach_out,0.15087907240019127,0.0,False,True,0.0048822615251549704,0.6505,shame,autonomy_guard,relational_gravity;intimacy_pull,0.0254,0.7848101265822784,warning
1780727131.2330666,data-ISF,63,0.16919648547810864,0.8411441220798248,0.43786553235842934,0.791125188823532,0.43746157466581304,0.8659444137251437,0.7334997140348123,0.42785878778640407,0.8452244095679426,0.6322923984888651,0.8810367227134215,express,0.15243856543500534,0.0,False,True,0.08525820918501895,0.5085,shame,autonomy_guard,expression_drive;warmth_bias,0.0295,0.782608695652174,warning
1780727131.233438,data-ISF,64,0.16973796005833325,0.8418558093595081,0.4353010425465262,0.7902962198125025,0.434205195362689,0.8757342224735642,0.7319789533812096,0.4252866257349581,0.8360631342727238,0.6419413203612193,0.8749424784878217,observe,0.14481663716325507,0.0,False,True,0.018741412161740637,0.0,,,perception_acuity;patience,0.0,0.7852760736196319,warning
1780727131.2338777,data-ISF,65,0.16899836221512582,0.8422776575106533,0.4387131956520327,0.7875254876706811,0.4346971302898105,0.8832638286736126,0.7264263232472936,0.42793628417771384,0.8372345444882143,0.66332165315402,0.8856680095226828,reach_out,0.16535163025811067,0.0,False,True,0.0885473352198641,0.6569,shame,autonomy_guard,relational_gravity;intimacy_pull,0.0263,0.7831325301204819,warning
1780727131.234232,data-ISF,66,0.16929878323484493,0.8416781143849372,0.4426278157073819,0.7868010591414292,0.4286021926066058,0.8752175527858393,0.7262159590927211,0.4344590951882479,0.8408008606711151,0.6693059615699444,0.8825759968348398,observe,0.15942296524263874,0.0,False,True,0.06095972718330877,0.0,,,perception_acuity;patience,0.0,0.7857142857142857,warning
1780727131.234589,data-ISF,67,0.17562226923534496,0.8376986955177145,0.44408129977638616,0.7915459572811828,0.43028682624279957,0.8850318541633241,0.7209961053548821,0.44586520531144075,0.8437471825471782,0.6796927383302841,0.8815918994152188,express,0.16202385482255935,0.0,False,True,0.08746308487582669,0.4986,shame,autonomy_guard,expression_drive;warmth_bias,0.0028,0.783625730994152,warning
1780727131.234902,data-ISF,68,0.17559642352881022,0.8344133090917609,0.44166561024256756,0.7903570677182866,0.42982586041966814,0.8790007806267355,0.7188619058079465,0.4447271610847787,0.847150416080843,0.6826170142326348,0.8862287346954549,observe,0.15627374962419463,0.0,False,True,0.0,0.0,,,perception_acuity;patience,0.0,0.7861271676300579,warning
1780727131.2352343,data-ISF,69,0.17011036547848782,0.8341134558253025,0.4412036851405434,0.7873803549919495,0.43046025823295164,0.8910629283647411,0.7236281046756629,0.4473929493133403,0.8441946047093656,0.7143808277522303,0.8941360495500194,reach_out,0.17174045827699203,0.0,False,True,0.04740944602111655,0.6649,shame,autonomy_guard,relational_gravity;intimacy_pull,0.0275,0.7840909090909091,warning
1780727131.2355764,data-ISF,70,0.16419076510163605,0.8360842090635741,0.4357877156932401,0.7879067171522448,0.4328126773877476,0.8850770621111435,0.7196877878768302,0.44298919747629883,0.8397327684258199,0.7144426996056007,0.8976633888416499,observe,0.16315343536314242,0.0,False,True,0.0,0.0,,,perception_acuity;patience,0.0,0.7865168539325843,warning
1780727131.2358882,data-ISF,71,0.16601584786216225,0.8360382583731819,0.43370845504619354,0.7857796206563579,0.4312084332234757,0.8795980889662417,0.7256691953880476,0.44797154088388624,0.8419573984111592,0.7137647822974277,0.8923761228318997,observe,0.15519968143211402,0.0,False,True,0.06505142999797185,0.0,,,perception_acuity;patience,0.0,0.7888888888888889,warning
1780727131.236193,data-ISF,72,0.1651744658332076,0.8395809190747918,0.4301354998552693,0.7854707547524739,0.4283064505088252,0.8673546510203928,0.7264100599932332,0.44994242444237376,0.8427940905388375,0.7055905799068782,0.8827168577728807,observe,0.1474396973605083,0.0,False,True,0.04683336823897692,0.0,,,perception_acuity;patience,0.0,0.7912087912087912,warning
1780727131.236507,data-ISF,73,0.16352310282311158,0.8418968715727712,0.4315190119264526,0.7901472617724582,0.42675877337240603,0.8695423669802036,0.7283886884446834,0.45487588223482855,0.8456247429663167,0.7006891873096727,0.8847819345255319,observe,0.14589200508012126,0.0,False,True,0.0,0.0,,,perception_acuity;patience,0.0,0.7934782608695652,warning
1780727131.2368279,data-ISF,74,0.15914200635837158,0.8427244998422506,0.42961631875769396,0.7941792448255858,0.42620641562569866,0.8824889835546504,0.7293197186207367,0.463533065088698,0.8433910183911665,0.7099486573961165,0.8772959503045958,express,0.1482811661179554,0.0,False,True,0.11959170658340279,0.4982,shame,autonomy_guard,expression_drive;warmth_bias,0.0027,0.7914438502673797,warning
1780727131.2371392,data-ISF,75,0.15467890834605674,0.8406399133464714,0.4298820854918787,0.7946955362818914,0.4301548146697854,0.8767048232147228,0.7284046366008682,0.45919355661681877,0.834978830673324,0.7131007869259286,0.8838341110234864,observe,0.14261570483429734,0.0,False,True,0.0013347930470027566,0.0,,,perception_acuity;patience,0.0,0.7936507936507936,warning
1780727131.2374494,data-ISF,76,0.15604219272634726,0.8367298242245087,0.42848761454887585,0.7938015972601911,0.43018066378553027,0.8666189800745113,0.7260821022935812,0.4587700430404538,0.8384292508990319,0.7101539214925705,0.8811971793175385,observe,0.1374805406282541,0.0,False,True,0.0071131362723871674,0.0,,,perception_acuity;patience,0.0,0.7958115183246073,warning
1780727131.2377796,data-ISF,77,0.16505076557585863,0.836323287531194,0.4262211577627005,0.7894066348384327,0.4309894482491852,0.8820058144418285,0.7322280056175275,0.4594770510469413,0.8409177471061635,0.7203422262564785,0.8844073941535884,express,0.1369975431905163,0.0,False,True,0.0383863981167781,0.5019,shame,autonomy_guard,expression_drive;warmth_bias,0.0033,0.7938144329896907,warning
1780727131.2381024,data-ISF,78,0.1719155603621258,0.8355701009197151,0.41720546241876766,0.7918956713123452,0.4281800719163956,0.8910158076126822,0.7231316166349437,0.45203808494346714,0.8400187475484929,0.7357370710651269,0.8767584013930498,express,0.13934348359132678,0.0,False,True,0.0843412194383238,0.4927,shame,autonomy_guard,expression_drive;warmth_bias,0.0051,0.7918781725888325,warning
1780727131.2384226,data-ISF,79,0.16857998956393422,0.8360937840054031,0.41567525888762596,0.7927754744185823,0.42691516843140376,0.8959010831380568,0.7139579076582332,0.45093816735931447,0.8386986188845807,0.7524295474951674,0.8792088995675971,reach_out,0.1572022924867917,0.0,False,True,0.0068234316843064045,0.6619,shame,autonomy_guard,relational_gravity;intimacy_pull,0.0322,0.79,warning
1780727131.2387283,data-ISF,80,0.16418734261559748,0.8345531312253107,0.41577416908657133,0.7924456624008158,0.4247898790330869,0.8906887035752912,0.7186391398707755,0.4500615412492436,0.8486905505282899,0.7392224662111645,0.8752320409755543,observe,0.15116601134669896,0.0,False,True,0.006113050654311596,0.0,,,perception_acuity;patience,0.0,0.7920792079207921,warning
1780727131.239048,data-ISF,81,0.1639282353729245,0.8369177218285452,0.41045986675734564,0.7899621646008191,0.42190515603251144,0.8847110848167373,0.719132840394223,0.4451462871075946,0.8422142433883203,0.7420582471315195,0.877354373168878,observe,0.14360771077936402,0.0,False,True,0.0,0.0,,,perception_acuity;patience,0.0,0.7941176470588235,warning
1780727131.2393534,data-ISF,82,0.16431283653254314,0.8366734932750731,0.4134817237392295,0.7869841275201371,0.42125658843427627,0.8824138084552896,0.724602768102255,0.4420819598107853,0.84288571533727,0.73520116935932,0.8764827167698028,observe,0.1364273252403958,0.0,False,True,0.01410375928645209,0.0,,,perception_acuity;patience,0.0,0.7961165048543689,warning
1780727131.2396786,data-ISF,83,0.16879007453544745,0.8386947288446452,0.412196093730449,0.7897078142957099,0.4160105305412823,0.8918082844232114,0.7285947228181785,0.4417074896281703,0.8412545653044523,0.7506690477252437,0.8834482991799169,express,0.14314696575437003,0.0,False,True,0.0,0.4959,shame,autonomy_guard,expression_drive;warmth_bias,0.0024,0.7942583732057417,warning
1780727131.2400072,data-ISF,84,0.16798834112163719,0.8418985251424798,0.4139433042449485,0.7859892834053568,0.4176654834296347,0.8891585514630383,0.7393167410211905,0.43243360510537154,0.8423351992589683,0.7496804704528514,0.8937494252888332,observe,0.13841892777924997,0.0,False,True,0.07346441966399801,0.0,,,perception_acuity;patience,0.0,0.7962085308056872,warning
1780727131.240325,data-ISF,85,0.17253652183185747,0.8420757529790566,0.41830655466254635,0.7815383071152707,0.422486046155595,0.897278465154873,0.7428692945264352,0.43524686800612034,0.8444961718670609,0.7682075690348501,0.9000335204405738,reach_out,0.1584089646353596,0.0,False,True,0.0953257871068106,0.6681,shame,autonomy_guard,relational_gravity;intimacy_pull,0.028,0.794392523364486,warning
1780727131.2406368,data-ISF,86,0.1729119422582983,0.8418931827999201,0.41355306147514703,0.7783896579259268,0.4245423893877408,0.9045022198340636,0.7498720846606239,0.42737233614253217,0.8482397753901231,0.7765681160902886,0.9046176032763014,express,0.1606131519714075,0.0,False,True,0.0703481840302553,0.5003,shame,autonomy_guard,expression_drive;warmth_bias,0.0309,0.7926267281105991,warning
1780727131.2409413,data-ISF,87,0.1677000957795724,0.8410889281543557,0.41543785428459107,0.7811989099477797,0.42464222158137255,0.9033936530321593,0.7530053748317038,0.423920487020054,0.843236316715832,0.782059707312109,0.9007756643595999,observe,0.1525824943728371,0.0,False,True,0.0,0.0,,,perception_acuity;patience,0.0,0.7945205479452054,warning
1780727131.2412539,data-ISF,88,0.1722896522825252,0.841950905377094,0.40864689860266157,0.7821807171790534,0.4262765360357642,0.8999136740495658,0.7562396112198826,0.42626707594700813,0.8513351396406348,0.7878799949554989,0.9008401253840638,observe,0.14569661770929085,0.0,False,True,0.0337643170623304,0.0,,,perception_acuity;patience,0.0,0.7963800904977375,warning
1780727131.2415848,data-ISF,89,0.174179444615994,0.842039212510449,0.40858775348014176,0.7751469531797694,0.4208621407619647,0.9003762515011985,0.7587926443864225,0.4206423062406602,0.8437959922597724,0.7964330886768712,0.899350057935301,express,0.15014566956858105,0.0,False,True,0.0810769960885851,0.4996,shame,autonomy_guard,expression_drive;warmth_bias,0.0029,0.7946428571428571,warning
1780727131.2419002,data-ISF,90,0.17914835924101521,0.8413975597762339,0.41407257669908876,0.7722649639518502,0.42333710159398963,0.8967594636998362,0.7516101298703994,0.4226939062605974,0.8510436768889628,0.7979206472548596,0.9024386898865426,observe,0.1444789143492478,0.0,False,True,0.0,0.0,,,perception_acuity;patience,0.0,0.7964601769911505,warning
1780727131.242213,data-ISF,91,0.18024975401005003,0.8393635967696708,0.4191928222703135,0.7698242781700563,0.42807250508067685,0.9028443491970819,0.7561209451297136,0.4231535139989983,0.8519676166386434,0.8008440791481001,0.9007539862223471,observe,0.1406230080650149,0.0,False,True,0.024350121852210048,0.0,,,perception_acuity;patience,0.0,0.7982456140350878,warning
1780727131.2425373,data-ISF,92,0.17878633607007488,0.8423815937047734,0.4212779735147632,0.7694611776952606,0.4303200358841647,0.9092542617313922,0.7597261948463849,0.42100829020466235,0.8486806192850552,0.8023323781864911,0.9161181193236727,observe,0.13359185766176415,0.0,False,True,0.09226678746555751,0.0,,,perception_acuity;patience,0.0,0.8,warning
1780727131.2428653,data-ISF,93,0.17913274174641614,0.8423724272182551,0.42241674497687526,0.7737490205595439,0.4315971054872592,0.9082178841740531,0.756138167718278,0.41455363423465097,0.8593416998969785,0.8039184908842107,0.9140713647479657,observe,0.12691226477867593,0.0,False,True,0.035751338365163095,0.0,,,perception_acuity;patience,0.0,0.8017241379310345,warning
1780727131.2432313,data-ISF,94,0.18022789368049516,0.8417101858125846,0.42086680904605284,0.7721567896824528,0.42960513799644656,0.911624167105213,0.7587510010089841,0.4177434613033604,0.8583871044096274,0.813845395490021,0.912334914210374,express,0.13083419113390346,0.0,False,True,0.030046860051062725,0.5003,shame,autonomy_guard,expression_drive;warmth_bias,0.0031,0.8,warning
1780727131.2435522,data-ISF,95,0.18410280067035523,0.8435479980374091,0.42030194041835284,0.7758028321623546,0.4293282890132233,0.9251679329643394,0.7602968357285445,0.41903850545389254,0.8629802075749267,0.8205782917270813,0.9096428476696412,express,0.1336430685089473,0.0,False,True,0.0,0.4904,shame,autonomy_guard,expression_drive;warmth_bias,0.0046,0.7983193277310925,warning
1780727131.2438629,data-ISF,96,0.18856964413765193,0.8453649602999743,0.41588081948265354,0.7774723617983618,0.4283101298883568,0.9387437748732312,0.7537723093056609,0.4139180083538878,0.8615163231520713,0.8320919068810692,0.9041669888515423,express,0.13651008468711193,0.0,False,True,0.04353546718355894,0.4785,shame,autonomy_guard,expression_drive;warmth_bias,0.0048,0.7966804979253111,warning
1780727131.2442071,data-ISF,97,0.18464395770561717,0.8444791484325261,0.41636669199916826,0.7790795046254099,0.42834338329978117,0.9425513295258747,0.7421227467659602,0.4161013481905227,0.8610690370112712,0.8352262799047511,0.9033298000672331,observe,0.12968458045275633,0.0,False,True,0.0,0.0,,,perception_acuity;patience,0.0,0.7983539094650206,warning
1780727131.244529,data-ISF,98,0.18341659167068153,0.8402459590201217,0.41688123910264574,0.7769173708250341,0.42728850450420486,0.9569806291642184,0.7417997518151536,0.42138838193472417,0.8618926905020644,0.8518711507752221,0.9049130667434434,reach_out,0.14639072893693494,0.0,False,True,0.09622503328570908,0.4404,shame,autonomy_guard,relational_gravity;intimacy_pull,0.0059,0.7967479674796748,warning
1780727131.2448354,data-ISF,99,0.18467132801078037,0.8401685047759883,0.42012720263546094,0.7786659941882651,0.4301394541819814,0.9591628196510599,0.7421106764067341,0.4160827141875293,0.8652336795921374,0.8480462308743393,0.9008535201426745,observe,0.14034242957067694,0.0,False,True,0.045462719278996803,0.0,,,perception_acuity;patience,0.0,0.7983870967741935,warning
1780727131.2451484,data-ISF,100,0.18426745754160465,0.8422341935697893,0.42773465769295554,0.7805740073837572,0.43031501257364047,0.9650893695598082,0.7415554845699083,0.4153187187861417,0.8660197903037372,0.8666350915879288,0.8989850919578137,reach_out,0.16030740062477877,0.0,False,True,0.03813026086162528,0.432,shame,autonomy_guard,relational_gravity;intimacy_pull,0.0072,0.796812749003984,warning
1780727131.245604,data-EST,1,0.7541955120116418,0.7526649535623607,0.800350548726622,0.8498707912039859,0.1984473387926223,0.363115660208083,1.0,0.5050749678165832,0.5020735748667432,0.5710127255211792,0.5922618172334198,express,0.2598120072084825,0.0,False,True,0.009260246973268285,0.1781,shame,autonomy_guard,expression_drive;warmth_bias,0.045,0.6666666666666666,normal
1780727131.2459037,data-EST,2,0.7535268237690652,0.7580461953173399,0.8022101187383345,0.853770465144441,0.19447852096359,0.35795865375964375,1.0,0.5041415346471353,0.5046251612845984,0.5772604670541747,0.585184226124459,observe,0.2468214068480584,0.0,False,True,0.008605376408951624,0.0,,,perception_acuity;patience,0.0,0.8,normal
1780727131.2462013,data-EST,3,0.7542000439116985,0.7578072485203643,0.8031519700763166,0.8605458352419868,0.19247283580370125,0.35847323773843376,1.0,0.49889403039048114,0.5004221337355117,0.5760678165648051,0.5853100806671241,observe,0.23448033650565547,0.0,False,True,0.04477249388179566,0.0,,,perception_acuity;patience,0.0,0.8571428571428571,normal
1780727131.2465005,data-EST,4,0.7602551326920968,0.7601205314224364,0.8021885650560654,0.8583515720385254,0.19630451809971228,0.3636552668662928,1.0,0.49772107359511586,0.49885714608910126,0.5849492027712342,0.5832902790601188,express,0.22930301230850253,0.0,False,True,0.05776757571116627,0.1798,shame,autonomy_guard,expression_drive;warmth_bias,0.0447,0.8,normal
1780727131.2467933,data-EST,5,0.7655457415560032,0.7618151055051595,0.8063888679074218,0.8532758513831992,0.1996574497774332,0.3710942820367742,0.9978308789915987,0.5001208108997933,0.5060643992840699,0.5903808566280939,0.5749168319936401,express,0.2322419002717523,0.0,False,True,0.07721426455028943,0.1818,shame,autonomy_guard,expression_drive;warmth_bias,0.0888,0.7692307692307693,warning
1780727131.2470846,data-EST,6,0.7631356376661889,0.7622986778892549,0.8093784634371517,0.8519695233707006,0.197587772632976,0.37402780512453515,0.9945548792291776,0.5002112286230012,0.4967393507558401,0.6003640459047841,0.5708429026595677,express,0.2267692386368319,0.0,False,True,0.059133480946126665,0.1832,shame,autonomy_guard,expression_drive;warmth_bias,0.1323,0.75,warning
1780727131.2473924,data-EST,7,0.7688825266138021,0.7617230819683815,0.8076060950258114,0.8483614991108746,0.19924966623243104,0.3789298262810386,0.9918207812149243,0.5011460765005459,0.49828177807832125,0.6052254110928756,0.5740159116915228,observe,0.21570031243671006,0.0,False,True,0.09118544196438112,0.0,,,perception_acuity;patience,0.0,0.7777777777777778,warning
1780727131.2476928,data-EST,8,0.7686316239579137,0.7615363172621288,0.8079469421320078,0.8477450868675416,0.2012017549991178,0.3784430508122347,0.996053490144991,0.5044639376393074,0.4930517748945739,0.6278183479882231,0.5756690393758929,reach_out,0.22914689920258186,0.0,False,True,0.001158863283487216,0.3315,shame,autonomy_guard,relational_gravity;intimacy_pull,0.0221,0.7619047619047619,warning
1780727131.2479987,data-EST,9,0.774423492835901,0.7596497825481909,0.8059032865874012,0.8493752332060275,0.20077913543985718,0.38540431743708237,0.9972774062904552,0.5058505748990627,0.49781078995974065,0.6428601353899079,0.57623555607379,express,0.23142010703096405,0.0,False,True,0.015981219707929692,0.181,shame,autonomy_guard,expression_drive;warmth_bias,0.0665,0.75,warning
1780727131.2482972,data-EST,10,0.7778959550523262,0.7606814247256765,0.805790313765108,0.855437719944534,0.19598440962156619,0.3965292886414936,0.9907970596655834,0.5024252421064291,0.49321118645103884,0.656735581225254,0.5710217337274845,express,0.23485732267586587,0.0,False,True,0.04500718891431986,0.1826,shame,autonomy_guard,expression_drive;warmth_bias,0.1103,0.7407407407407407,warning
1780727131.2485878,data-EST,11,0.7838025677550806,0.7631164983674736,0.8078853958977352,0.8574970633951093,0.19546170807236593,0.3956272709019899,0.9823498775642566,0.5053479146086008,0.490895363217589,0.6586967267089832,0.5823730974933441,observe,0.22311445654207257,0.0,False,True,0.0,0.0,,,perception_acuity;patience,0.0,0.7586206896551724,warning
1780727131.2489212,data-EST,12,0.7824628954361271,0.7631382176765047,0.8060084597549303,0.8539609868945848,0.19320262232587807,0.39956637875865175,0.9767281402031847,0.5093460061179798,0.4991775311250247,0.6540634487105041,0.5869676650794342,observe,0.21195873371496893,0.0,False,True,0.0,0.0,,,perception_acuity;patience,0.0,0.7741935483870968,warning
1780727131.2492385,data-EST,13,0.7822949977467389,0.7611252559583901,0.8076811190828276,0.8536515139451336,0.1887881673181603,0.4056509827955851,0.969724065259829,0.5091200350240441,0.5032654976273763,0.6776870360290003,0.587991108227733,reach_out,0.22658343576994858,0.0,False,True,0.05740103059215157,0.3363,shame,autonomy_guard,relational_gravity;intimacy_pull,0.0214,0.7647058823529411,warning
1780727131.249563,data-EST,14,0.7836281719918337,0.7575056430983874,0.8051450562036386,0.8519997381798763,0.1881544064829864,0.4089920996913225,0.9656851050450174,0.4990663953716171,0.5005455421019859,0.6814654795253667,0.592361833181603,observe,0.21670632900537404,0.0,False,True,0.0,0.0,,,perception_acuity;patience,0.0,0.7777777777777778,warning
1780727131.2498627,data-EST,15,0.7787498621853822,0.7568107900731763,0.800901330399887,0.8576402025070773,0.18277370394446246,0.4174935318452612,0.9592810674393722,0.49254737478912736,0.4915886210453132,0.7085170280359431,0.6030251637233855,reach_out,0.2305925414832076,0.0,False,True,0.0,0.3357,shame,autonomy_guard,relational_gravity;intimacy_pull,0.0215,0.7692307692307693,warning
1780727131.2501533,data-EST,16,0.7724513814960308,0.7556412157167472,0.8051630263980221,0.8550854129901128,0.18178147516511026,0.41679298451430136,0.9613740752208356,0.4946233369737419,0.4881534572343595,0.7061755087815551,0.6061716767990407,observe,0.21987834236915899,0.0,False,True,0.0,0.0,,,perception_acuity;patience,0.0,0.7804878048780488,warning
1780727131.2504482,data-EST,17,0.771200735892423,0.7504861007129159,0.8109572924462883,0.8564611420326684,0.1844564103730424,0.420589007050176,0.9576114534639403,0.4942932191414111,0.48556309874178716,0.7112170496410456,0.6069602528679547,observe,0.20888442525070103,0.0,False,True,0.0666683072135401,0.0,,,perception_acuity;patience,0.0,0.7906976744186046,warning
1780727131.250748,data-EST,18,0.7735952857653967,0.752019967079659,0.8141819018215953,0.8582220929600968,0.18398312947000517,0.41668922151305265,0.9608736408842401,0.49620808261497773,0.4876111191037476,0.7085818845343949,0.6127588615527282,observe,0.1991000259329037,0.0,False,True,0.05621946697249113,0.0,,,perception_acuity;patience,0.0,0.8,warning
1780727131.2510376,data-EST,19,0.7754006165356733,0.756377604351392,0.8168659077518701,0.8645404586752671,0.18671482668526182,0.41658130741041854,0.9627977673387575,0.49648015686506497,0.4830575368464733,0.7074065052169565,0.6136663581769572,observe,0.1891450246362585,0.0,False,True,0.06552323185585622,0.0,,,perception_acuity;patience,0.0,0.8085106382978723,warning
1780727131.2513444,data-EST,20,0.7834591154554755,0.756980718077348,0.8170195360573979,0.8669758609556498,0.18742634448815554,0.43244384194682267,0.960015454352456,0.493674562167056,0.4833572569273905,0.7147843084755132,0.612722066243094,express,0.1890588269668309,0.0,False,True,0.0791635164162578,0.1732,shame,autonomy_guard,expression_drive;warmth_bias,0.0457,0.8,warning
1780727131.2516448,data-EST,21,0.7834370790092167,0.758125292312876,0.8181883591752824,0.8704254168845825,0.18953448145015767,0.4238838698211948,0.9632820066340304,0.4917353382636753,0.48824004605655885,0.7126009309247971,0.6086920264096639,observe,0.1828619566573617,0.0,False,True,0.0,0.0,,,perception_acuity;patience,0.0,0.8076923076923077,warning
1780727131.2519495,data-EST,22,0.7788116413882027,0.7566632004185943,0.8197007953231433,0.8717975999593053,0.1879079235692472,0.41515021529985424,0.9691898162748155,0.496357969922862,0.48897010238667576,0.7141478919270166,0.613856403588523,observe,0.17444251158123278,0.0,False,True,0.0,0.0,,,perception_acuity;patience,0.0,0.8148148148148148,warning
1780727131.2522488,data-EST,23,0.7782202646961511,0.7576536084709158,0.8213654495804645,0.8683106261654947,0.1823886246467964,0.41905061649627146,0.9715897445431445,0.4919355268978136,0.49549059921321537,0.7153637587680385,0.6145797805876186,observe,0.16572038600217112,0.0,False,True,0.0,0.0,,,perception_acuity;patience,0.0,0.8214285714285714,warning
1780727131.2525673,data-EST,24,0.7793339225669764,0.7618130899331621,0.8267229177503987,0.8609081877186875,0.1823361013335226,0.427578443503995,0.9740188687698825,0.49540106797879074,0.5030954693779333,0.7255743948095653,0.6143333144698079,reach_out,0.1792097951381965,0.0,False,True,0.09493728009913546,0.3336,shame,autonomy_guard,relational_gravity;intimacy_pull,0.0218,0.8135593220338984,warning
1780727131.2529047,data-EST,25,0.7810963496986488,0.7563175143643963,0.8294114065628636,0.8573688117863782,0.18945569205124682,0.4313751112232072,0.9755149909297104,0.4929953053270906,0.5018089012036305,0.7407058855906976,0.6089592308523654,express,0.17997753689147655,0.0,False,True,0.01826230530657305,0.1744,shame,autonomy_guard,expression_drive;warmth_bias,0.0672,0.8064516129032258,warning
1780727131.2532027,data-EST,26,0.7827801649266612,0.7517931968706033,0.8278766892443061,0.8619306335914031,0.18958806807422968,0.4331702197626251,0.9811140357213307,0.4945120655136912,0.4979247968161643,0.7416800065393916,0.6071289781664659,observe,0.1709786600469027,0.0,False,True,0.03524450919988948,0.0,,,perception_acuity;patience,0.0,0.8125,warning
1780727131.2535117,data-EST,27,0.7827023891285421,0.7551567431578042,0.8239393783844673,0.8591628314201509,0.1892415615260063,0.43925440781797886,0.9849466382904829,0.49633988007892327,0.5000437343521201,0.759449719737674,0.6081393822440775,express,0.17234246309495815,0.0,False,True,0.013786969230566277,0.1748,shame,autonomy_guard,expression_drive;warmth_bias,0.0455,0.8059701492537313,warning
1780727131.2538147,data-EST,28,0.783307427309486,0.7559693044385732,0.8211948568853383,0.8578596171695169,0.1845823065498205,0.4380042951031684,0.9790058454009988,0.4986022385388629,0.5065142231138584,0.757184273480773,0.6114918669329991,observe,0.16934365641893565,0.0,False,True,0.0,0.0,,,perception_acuity;patience,0.0,0.8115942028985508,warning
1780727131.2541153,data-EST,29,0.7836370117284748,0.7512406486747749,0.8174768988580827,0.8550351220794231,0.18458990527076885,0.45395720715560567,0.9807879171081664,0.5057783214414854,0.49585641258301927,0.7706274179285831,0.6048656889301868,express,0.16903370552643904,0.0,False,True,0.04816169706441112,0.1763,shame,autonomy_guard,expression_drive;warmth_bias,0.0453,0.8055555555555556,warning
1780727131.2544115,data-EST,30,0.7883260421219063,0.7532212237579547,0.8222628244146457,0.8543145797336442,0.18454717900047035,0.4643739743377516,0.9829008139473382,0.5030930449448,0.49667985802654097,0.7781308112580168,0.606494333310976,express,0.17471944439150186,0.0,False,True,0.0,0.1759,shame,autonomy_guard,expression_drive;warmth_bias,0.0903,0.8,warning
1780727131.2547095,data-EST,31,0.7884912051331434,0.7514401994874486,0.8194294948115155,0.8572861767596555,0.18256687904626803,0.47571822413340686,0.9801296280790257,0.5007190060972259,0.48742585341748584,0.7909624625219707,0.6059284733372563,express,0.17466581856127272,0.0,False,True,0.06596551583310468,0.1768,shame,autonomy_guard,expression_drive;warmth_bias,0.1348,0.7948717948717948,warning
1780727131.255019,data-EST,32,0.7946135294547174,0.7483715054682162,0.825269867270676,0.8547299546490753,0.18739655675274092,0.48586753955623607,0.9884078348245955,0.5058133491712159,0.4849837875042462,0.7971496739577311,0.5972633637648924,express,0.1734748877087723,0.0,False,True,0.09323991354534569,0.1786,shame,autonomy_guard,expression_drive;warmth_bias,0.1788,0.7901234567901234,warning
1780727131.255321,data-EST,33,0.7991967051130068,0.7492068273505775,0.8275951250271468,0.8545032914817768,0.18692941601940435,0.4793209530534934,0.9943083603760681,0.5048815906112275,0.48893179435822026,0.7930120833049206,0.6029697469915993,observe,0.16717764523476522,0.0,False,True,0.0,0.0,,,perception_acuity;patience,0.0,0.7951807228915663,warning
1780727131.2556596,data-EST,34,0.8055294467916693,0.7468012245700961,0.8296320924235429,0.8537826366467948,0.1858723417560034,0.48084839154893844,0.9894820651162517,0.5072797222556713,0.48141623759957797,0.8047505529212419,0.6068316311227023,express,0.164725930535625,0.0,False,True,0.06480464863367097,0.1741,shame,autonomy_guard,expression_drive;warmth_bias,0.0456,0.7906976744186046,warning
1780727131.2559648,data-EST,35,0.8113935211763378,0.7502630394191784,0.8312321502388997,0.853661658586618,0.18589561449656133,0.4989173332887782,0.9892495556919152,0.5155088951303318,0.48384983630686557,0.8145154533247954,0.6036987231456529,express,0.16951877109407817,0.0,False,True,0.10829481845989286,0.175,shame,autonomy_guard,expression_drive;warmth_bias,0.0907,0.7865168539325843,warning
1780727131.2562819,data-EST,36,0.8139049650889124,0.7473981313307682,0.8340094284965817,0.8563609125523653,0.18558013869638007,0.5106599770900352,0.9894196591839299,0.5211058565777962,0.4723349359447628,0.8216655203919715,0.6044413507547866,express,0.17117562925566354,0.0,False,True,0.09246699376515269,0.1751,shame,autonomy_guard,expression_drive;warmth_bias,0.1354,0.782608695652174,warning
1780727131.2565873,data-EST,37,0.8121717526027318,0.7513742578106106,0.8325688705366818,0.8607314867844277,0.18872300814767407,0.509228308034417,0.9905056859493991,0.5209845181237555,0.4721473324632111,0.8232743622863863,0.6060550063837185,observe,0.16261684779288035,0.0,False,True,0.07356159984137249,0.0,,,perception_acuity;patience,0.0,0.7872340425531915,warning
1780727131.256892,data-EST,38,0.811489779478222,0.7518062547009163,0.8318904477840187,0.862631165759589,0.19561116361054123,0.5235966198734847,0.9898964900560676,0.5291186615362419,0.47509434011038804,0.8189710595355435,0.6109349857974138,express,0.16517482594366978,0.0,False,True,0.16757912328698713,0.1746,shame,autonomy_guard,expression_drive;warmth_bias,0.0455,0.7835051546391752,warning
1780727131.2571836,data-EST,39,0.8070630748966378,0.7475715061147523,0.8331395288842868,0.8629948941116514,0.19879622715645043,0.5162282365548814,0.9904630644604613,0.5359407120693028,0.477942096996441,0.8139686130934345,0.6099150730225655,observe,0.15731539269646153,0.0,False,True,0.047524757371022054,0.0,,,perception_acuity;patience,0.0,0.7878787878787878,warning
1780727131.257483,data-EST,40,0.8092391964897603,0.7427437347954449,0.8339187466423217,0.8653034783867873,0.19266407568888005,0.511876238604831,0.9928710076310946,0.5327926845904529,0.4733001207746277,0.8048689306801527,0.6182166294070714,observe,0.15086591197357604,0.0,False,True,0.0,0.0,,,perception_acuity;patience,0.0,0.7920792079207921,warning
1780727131.2577958,data-EST,41,0.8016307480390787,0.7465469362915014,0.8335874638298745,0.8646391060638067,0.19191356701310402,0.5174263249499365,0.9961092778111753,0.5304271017385473,0.4700938752523266,0.8235164054268543,0.6208856246745091,reach_out,0.16987419242880444,0.0,False,True,0.043939609958016504,0.1517,shame,autonomy_guard,relational_gravity;intimacy_pull,0.049,0.7884615384615384,warning
1780727131.2581065,data-EST,42,0.7950669292286058,0.7411907512064455,0.8341969232457382,0.8653716357578422,0.1896112654393886,0.5268390790248775,0.9877128935375405,0.5265475384108075,0.47371079002617533,0.8375791715118723,0.6221090448886523,reach_out,0.1851702781299015,0.0,False,True,0.12218040147911895,0.1488,shame,autonomy_guard,relational_gravity;intimacy_pull,0.098,0.7850467289719626,warning
1780727131.2584152,data-EST,43,0.8007957516835129,0.7423492284395491,0.8324375455413723,0.8628891174828102,0.1885720549307676,0.5351535116065868,0.9863443632423966,0.528161014733356,0.47416759148646537,0.8644546903041014,0.6215397085934271,reach_out,0.20335549932217006,0.0,False,True,0.0,0.1435,shame,autonomy_guard,relational_gravity;intimacy_pull,0.1474,0.7818181818181819,warning
1780727131.2587261,data-EST,44,0.8003820536003542,0.7467324488244822,0.838361777379692,0.86284942186892,0.18983166891128753,0.534050287246599,0.9860666687484012,0.530340630222176,0.4777720253860123,0.8700772600518825,0.6247233528777248,observe,0.19318772435606155,0.0,False,True,0.019062065952540855,0.0,,,perception_acuity;patience,0.0,0.7857142857142857,warning
1780727131.2590525,data-EST,45,0.8030441868129996,0.7388707621232126,0.8408268720693046,0.8677114840322612,0.18976515255629262,0.5438576471451875,0.9887376223779004,0.5359284307880159,0.4810399785604587,0.8877691712325811,0.6264897476248276,reach_out,0.20872349915279825,0.0,False,True,0.07954396686572378,0.1373,shame,autonomy_guard,relational_gravity;intimacy_pull,0.051,0.782608695652174,warning
1780727131.2593653,data-EST,46,0.81082753950982,0.7333832355344566,0.8637234590726077,0.9417999274950233,0.10263663006587635,0.5375208331440834,1.0,0.4637166641554917,0.4106666968550543,0.8856938026421122,0.607753521901154,hold,0.20544125148818435,1.0,True,False,0.7798979909727214,0.3738,guilt,expression_drive,autonomy_guard;inner_coherence,0.4854,0.7796610169491526,warning
1780727131.259712,data-EST,47,0.7761849322770357,0.694866170368001,0.8941509607554788,0.9577440487206234,0.09510273982166503,0.4464029115629017,1.0,0.4533486521100798,0.35026274613316216,0.9032222304455951,0.5531673786090727,hold,0.20059114457417748,1.0,True,False,0.9113972472684468,0.3595,guilt,expression_drive,autonomy_guard;inner_coherence,0.9697,0.7768595041322314,warning
1780727131.2600281,data-EST,48,0.7216314935141261,0.6267076933617954,0.9117129985359549,0.9103075415460957,0.05484758646851529,0.39289529588133193,0.9593543300165065,0.4761362048198491,0.41265174852266867,0.9613918582453671,0.5651436410523127,hold,0.19770894082093118,1.0,True,False,0.8503973547788264,0.3733,guilt,expression_drive,autonomy_guard;inner_coherence,0.9931,0.7741935483870968,warning
1780727131.2603438,data-EST,49,0.700870373658174,0.6331159683371261,0.8672683619550192,0.8607204325626175,0.05218117573212691,0.3424258640051101,0.9060750316702807,0.5272946752240946,0.35869319871950744,1.0,0.5140080862430035,hold,0.19105248573206635,1.0,True,False,0.8194840271498077,0.3773,guilt,expression_drive,autonomy_guard;inner_coherence,0.9931,0.7716535433070866,warning
1780727131.260652,data-EST,50,0.7406501925229775,0.649113449554048,0.8868785809996542,0.923828001829757,0.037845896931116535,0.3288570930416003,0.8416248729572101,0.6625589464502368,0.4224835634560019,1.0,0.5562636093628323,hold,0.1822340405230575,1.0,True,False,0.7748163175859707,0.3684,guilt,expression_drive,autonomy_guard;inner_coherence,0.9931,0.7692307692307693,warning
1780727131.2609575,data-EST,51,0.7408756493283879,0.6460090411227718,0.8881272944175397,0.9270970908617121,0.04120182036794598,0.3495080851075379,0.8384672773121449,0.6635005048231645,0.42411137522703707,1.0,0.557104801091649,repair,0.1883346780755582,0.0,False,True,0.06563958193325167,0.7571,doubt,boundary_permeability,warmth_bias;relational_gravity,0.9931,0.7669172932330827,warning
1780727131.261273,data-EST,52,0.7407433484405442,0.6470471077759663,0.8906457370829236,0.9292449195401659,0.04576545941039252,0.35519359717904025,0.8333887188128488,0.6646809656986745,0.4280410006037272,1.0,0.5603052569783125,repair,0.19577245982698407,0.0,False,True,0.08031078877368078,0.7576,doubt,boundary_permeability,warmth_bias;relational_gravity,0.9931,0.7647058823529411,warning
1780727131.2615948,data-EST,53,0.7470679590848719,0.6518613441408226,0.8879893913236979,0.9312302277464642,0.04901508621760345,0.3676795805808675,0.8319217214484794,0.6616640553559606,0.42757398301301375,1.0,0.5554047456078485,repair,0.19769709240559252,0.0,False,True,0.0514015225282224,0.7576,doubt,boundary_permeability,warmth_bias;relational_gravity,0.9931,0.762589928057554,warning
1780727131.261907,data-EST,54,0.7498358163605121,0.6536556032284193,0.8835019897223896,0.9309890554216202,0.05817195682596735,0.37330585802380556,0.8360114842739171,0.6634234438822576,0.4376833956359991,0.9941074424437532,0.5553746434991118,repair,0.20416752408658,0.0,False,True,0.004839702712015462,0.7538,doubt,boundary_permeability,warmth_bias;relational_gravity,0.9931,0.7605633802816901,warning
1780727131.262216,data-EST,55,0.7454747957573729,0.6493934545294221,0.8829633049702712,0.9312778747981151,0.06270452065461063,0.3864555664396335,0.8359268056641086,0.6704392935400625,0.4412562568430572,1.0,0.5557917036133261,repair,0.20948571625140044,0.0,False,True,0.11334451349356968,0.7547,doubt,boundary_permeability,warmth_bias;relational_gravity,0.9931,0.7586206896551724,warning
1780727131.2625206,data-EST,56,0.747520011785437,0.6484127040493713,0.8802560944867772,0.9280657622237087,0.060979933666235636,0.3984695507525068,0.8398030499260172,0.6651781468301621,0.4541470541209466,1.0,0.5540725355415425,repair,0.2108291981985144,0.0,False,True,0.09307043190082784,0.7567,doubt,boundary_permeability,warmth_bias;relational_gravity,0.9931,0.7567567567567568,warning
1780727131.2628577,data-EST,57,0.7533836193618842,0.6517417440470308,0.8835491459893337,0.9280880681194993,0.06387946582244582,0.3957715727109192,0.8440367945703905,0.6607953784439103,0.4556135999812363,1.0,0.538115527486149,express,0.21400816677482543,0.0,False,True,0.07241198958765817,0.194,shame,autonomy_guard,expression_drive;warmth_bias,0.9931,0.7549668874172185,warning
1780727131.2631638,data-EST,58,0.7460192845849549,0.6553731664557026,0.883642153135604,0.9301517385485967,0.06779194878286011,0.4014273600274491,0.8398224651427669,0.6565486488433735,0.456787004255359,1.0,0.5350422939932451,reach_out,0.2276955860077196,0.0,False,True,0.0,0.1274,righteous,autonomy_guard,relational_gravity;intimacy_pull,0.9931,0.7532467532467533,warning
1780727131.263469,data-EST,59,0.7443842746298357,0.6506175353082229,0.8821338320675162,0.9298075428224498,0.06957991441366919,0.40220050419368675,0.8334905278766902,0.6468482516157774,0.456563798527667,1.0,0.535668264369784,observe,0.21631080670733363,0.0,False,True,0.061876724153786734,0.0,,,perception_acuity;patience,0.7479,0.7564102564102564,warning
1780727131.2637737,data-EST,60,0.7483809777465315,0.6505490040783057,0.8742216575605684,0.928784213338649,0.06995854073573006,0.4047886032698467,0.8356034506779394,0.6508236296595218,0.45424865585410273,0.9984108824524878,0.5341850371987786,express,0.21528676751385736,0.0,False,True,0.04941428835840678,0.1961,shame,autonomy_guard,expression_drive;warmth_bias,0.785,0.7547169811320755,warning
1780727131.2640889,data-EST,61,0.7469556384932153,0.6521307530351348,0.8756706544341248,0.9292008469064843,0.06954889790034158,0.4062170243599071,0.83110973725415,0.6591782283454357,0.45532948560750947,1.0,0.5423636034041314,express,0.21427195564214546,0.0,False,True,0.054365845635794004,0.1941,shame,autonomy_guard,expression_drive;warmth_bias,0.8222,0.7530864197530864,warning
1780727131.2644262,data-EST,62,0.7555957121193808,0.6489428613631221,0.8772675311663657,0.9288909178475361,0.07045905437361956,0.4129585161445746,0.8328711493869749,0.6578880003723943,0.45372521821106143,1.0,0.5484578748619097,express,0.21058386781631963,0.0,False,True,0.12079663241247562,0.1919,shame,autonomy_guard,expression_drive;warmth_bias,0.8594,0.7515151515151515,warning
1780727131.2647378,data-EST,63,0.7601705293123153,0.6493409747218833,0.8757845395618661,0.929337000594485,0.07872837266794244,0.4203256369606799,0.8325372791932458,0.6556060163819017,0.4517453536787555,1.0,0.5506225663884798,express,0.21318435928715682,0.0,False,True,0.08697927560438826,0.1913,shame,autonomy_guard,expression_drive;warmth_bias,0.8964,0.75,warning
1780727131.2650607,data-EST,64,0.7594319816781513,0.6472737457139865,0.8818142439542097,0.927713793521989,0.0818676118297286,0.4394261353854842,0.8286169976959603,0.649297516326208,0.45373527610487235,1.0,0.5452443296763033,reach_out,0.22582623688868642,0.0,False,True,0.06988582504459932,0.1249,righteous,autonomy_guard,relational_gravity;intimacy_pull,0.9431,0.7485380116959064,warning
1780727131.2653656,data-EST,65,0.755520156598601,0.6451231982318462,0.8815247459186886,0.9267428450175943,0.08316723500051611,0.43241303862837394,0.8294102681642144,0.6465894387001064,0.45267864026597215,1.0,0.5441166683603312,observe,0.21580617020732296,0.0,False,True,0.04624262768508345,0.0,,,perception_acuity;patience,0.6983,0.7514450867052023,warning
1780727131.2656875,data-EST,66,0.7496529820984985,0.6451947726737906,0.885588573500603,0.9221751741883428,0.07947011699141804,0.4435159955036579,0.8338151061121766,0.6598781883482405,0.4546217042581226,1.0,0.5547491027576631,reach_out,0.23206475983901634,0.0,False,True,0.05712688606116528,0.1233,righteous,autonomy_guard,relational_gravity;intimacy_pull,0.7466,0.75,warning
1780727131.265996,data-EST,67,0.7445037614696661,0.6501081066402601,0.8814265098867028,0.9209620787695341,0.08569330516802476,0.45206659540954747,0.8332614143332158,0.6570106638300103,0.4578658716339788,1.0,0.554845900111606,reach_out,0.24629140505052655,0.0,False,True,0.0,0.123,righteous,autonomy_guard,relational_gravity;intimacy_pull,0.7945,0.7486033519553073,warning
1780727131.266315,data-EST,68,0.7445346846924453,0.6540291885501636,0.885906445876669,0.9215251452346533,0.08674611969340223,0.45687848855554275,0.8329392031565258,0.6423838858812058,0.4534875087642407,1.0,0.554473752631255,express,0.24039195511089465,0.0,False,True,0.014131113190800827,0.1941,shame,autonomy_guard,expression_drive;warmth_bias,0.8316,0.7472527472527473,warning
1780727131.2666163,data-EST,69,0.7469799836097806,0.6589608948535742,0.8892480480476866,0.9206343270394144,0.08491181816706049,0.4557134370876197,0.8353019326008582,0.6387149021612867,0.45541750870266495,0.9978297611292796,0.5472985579880895,observe,0.2306588061488246,0.0,False,True,0.0,0.0,,,perception_acuity;patience,0.5875,0.75,warning
1780727131.26692,data-EST,70,0.7472047613154451,0.6582316772754293,0.8925660375625694,0.9176593639166982,0.08302390124904925,0.4618832005604353,0.8384941873396836,0.6501837861235703,0.4490161941157883,0.9988179772228156,0.5421129985234484,observe,0.2205890460082038,0.0,False,True,0.036880006427304886,0.0,,,perception_acuity;patience,0.3451,0.7526881720430108,warning
1780727131.2672348,data-EST,71,0.7442451729655031,0.6574085162791274,0.8962068013405429,0.9148774735875107,0.08591489091321507,0.47317704601050636,0.8474033464929677,0.6433000598547058,0.4508872855405573,1.0,0.5478178515966048,express,0.22262250397138622,0.0,False,True,0.06863299404837077,0.1971,shame,autonomy_guard,expression_drive;warmth_bias,0.3848,0.7513227513227513,warning
1780727131.2675571,data-EST,72,0.7456621524611171,0.658692807121114,0.9014668603680719,0.912923922989142,0.08341639857600583,0.48196954568915623,0.8440833589966337,0.6493778921563438,0.4536320196109114,1.0,0.546069218799294,reach_out,0.23948140223075007,0.0,False,True,0.024620120586515082,0.1246,righteous,autonomy_guard,relational_gravity;intimacy_pull,0.4351,0.75,warning
1780727131.2678685,data-EST,73,0.7444508931882032,0.6612324584355984,0.9046288624799772,0.9105799438033844,0.08046466475991645,0.4808531983930676,0.8356972300105909,0.6482115417481927,0.4453356438775345,1.0,0.5482892958770339,observe,0.23217511707666916,0.0,False,True,0.03431217903760049,0.0,,,perception_acuity;patience,0.1938,0.7525773195876289,warning
1780727131.2681744,data-EST,74,0.7461604273622341,0.6577593670917995,0.9092235986997109,0.910318902256788,0.07623239062393139,0.48823536943504936,0.8362129862788248,0.6501958957696964,0.44729097710914867,1.0,0.5435956083890534,reach_out,0.2465935919615054,0.0,False,True,0.05340444896058355,0.1254,righteous,autonomy_guard,relational_gravity;intimacy_pull,0.2452,0.751269035532995,warning
1780727131.268494,data-EST,75,0.7506460343829092,0.6528319301790687,0.9116807110193069,0.911118228801454,0.07302851889537781,0.49602364271361093,0.8347679897478083,0.6567050861725259,0.4486525759625583,1.0,0.5556025838689662,express,0.24917090548027512,0.0,False,True,0.11803723607448258,0.1958,shame,autonomy_guard,expression_drive;warmth_bias,0.2858,0.75,warning
1780727131.2688155,data-EST,76,0.7486708646138301,0.6516690757334939,0.9144030866204274,0.9140461025813688,0.07153499016659023,0.5071663002597211,0.8395945851467467,0.6470850035428042,0.44357135073405707,1.0,0.5561220810637478,reach_out,0.2660902653770205,0.0,False,True,0.05079916770637567,0.1232,righteous,autonomy_guard,relational_gravity;intimacy_pull,0.337,0.7487684729064039,warning
1780727131.2691274,data-EST,77,0.7484813938667645,0.6505575923481239,0.9141182630088335,0.9196329533517408,0.07049788433336916,0.5030084584813926,0.8402229956391984,0.6480336251792362,0.44122731781617586,1.0,0.5516139972704571,observe,0.25692828212253926,0.0,False,True,0.0,0.0,,,perception_acuity;patience,0.0963,0.751219512195122,warning
1780727131.2694447,data-EST,78,0.7501005859674907,0.6541003208349179,0.9148197595083299,0.9286884599078796,0.07124095224939803,0.5114461669306308,0.8339241672050719,0.6515352950184041,0.450122850241248,1.0,0.5588325966646444,reach_out,0.2675841562255142,0.0,False,True,0.0,0.1228,righteous,autonomy_guard,relational_gravity;intimacy_pull,0.1489,0.75,warning
1780727131.2697701,data-EST,79,0.7531368858261824,0.6520485833124814,0.9166384411161087,0.9333756099579044,0.07028668669939278,0.5251095342303502,0.8347255651155765,0.6500186262459905,0.4399625336454429,1.0,0.5607470160004215,express,0.26222564694541767,0.0,False,True,0.04220658058043831,0.1961,shame,autonomy_guard,expression_drive;warmth_bias,0.1902,0.7488151658767772,warning
1780727131.2700737,data-EST,80,0.7538856028280727,0.6530608728440735,0.9208210653449065,0.9293284825956535,0.07195658290492878,0.5254494932610138,0.8366294636598245,0.6414384588432969,0.44235350392801537,0.9973760288628992,0.5534409381254405,observe,0.24911436459814676,0.0,False,True,0.07026625986970846,0.0,,,perception_acuity;patience,0.0,0.7511737089201878,warning
1780727131.2704017,data-EST,81,0.756161926378621,0.6506701196655423,0.9228178734744982,0.9285824128289617,0.0739454658999463,0.5383031979719467,0.8402665838493788,0.6414589017476539,0.44647906046930946,1.0,0.5468872637386151,express,0.24467115233127468,0.0,False,True,0.058602761673250334,0.2005,shame,autonomy_guard,expression_drive;warmth_bias,0.0416,0.75,warning
1780727131.270712,data-EST,82,0.7623514765253628,0.6482323709001335,0.9251786103392293,0.9261486022780957,0.07580097393819447,0.5518920940710494,0.8435240291415796,0.6446469674897767,0.4386073904586104,1.0,0.5475778263207643,express,0.24408834159799256,0.0,False,True,0.014145089435214551,0.2004,shame,autonomy_guard,expression_drive;warmth_bias,0.0829,0.7488584474885844,warning
1780727131.2710183,data-EST,83,0.7668554345646245,0.6460006947187704,0.9255222712660345,0.9288839188812421,0.07344353693970172,0.5611859453243694,0.844856118434459,0.6427618971792721,0.4369040152404031,1.0,0.5451717684757842,express,0.24210918014997365,0.0,False,True,0.0,0.2011,shame,autonomy_guard,expression_drive;warmth_bias,0.1239,0.7477477477477478,warning
1780727131.2713525,data-EST,84,0.7680983854663735,0.6449280188163401,0.9225355155732873,0.9246697270356562,0.07129007372447124,0.5699719002321533,0.8405284103351911,0.649458313121791,0.4385802943932839,1.0,0.5400848219037404,reach_out,0.2532439770334914,0.0,False,True,0.0,0.1261,righteous,autonomy_guard,relational_gravity;intimacy_pull,0.1757,0.7466666666666667,warning
1780727131.271671,data-EST,85,0.766304632368883,0.6432889794111769,0.9226607541770175,0.9253203016153595,0.07172065233521052,0.5714020706383215,0.8461272827738396,0.6476966185172488,0.4381018661120983,1.0,0.5388239374280165,express,0.24669815314371346,0.0,False,True,0.03920600003288098,0.2036,shame,autonomy_guard,expression_drive;warmth_bias,0.2157,0.7456140350877193,warning
1780727131.2719903,data-EST,86,0.7681784611954298,0.6449785789195931,0.925321637449351,0.9241175446137951,0.07424681429220095,0.5684371216786345,0.8462554573907242,0.646919864711397,0.43655638118843326,0.9931986684677068,0.5337133546811159,observe,0.2343632454865278,0.0,False,True,0.0,0.0,,,perception_acuity;patience,0.0,0.7478260869565218,warning
1780727131.2722967,data-EST,87,0.7660749209699856,0.6462826113763248,0.9190652839073244,0.9276968329726029,0.07993264625434798,0.5625258958224157,0.8475428814214847,0.6554923537188307,0.4391144997086706,0.9917006160720048,0.5351178661552055,observe,0.2226450832122014,0.0,False,True,0.03389592186785322,0.0,,,perception_acuity;patience,0.0,0.75,warning
1780727131.2726111,data-EST,88,0.7692263657237499,0.6463806825846581,0.9190130337368514,0.9280703674426862,0.07579587333481562,0.5793753074742389,0.8417395964026083,0.6595841176793013,0.4311553110024946,0.9963963004841295,0.5379814491566796,express,0.22215842918283174,0.0,False,True,0.12504018573279058,0.2039,shame,autonomy_guard,expression_drive;warmth_bias,0.0411,0.7489361702127659,warning
1780727131.272933,data-EST,89,0.7744034368382955,0.6490129378827723,0.91758129495403,0.9279502164375355,0.08073878439656607,0.5902874622331681,0.8403701760542039,0.6568413245015259,0.42139803746818666,1.0,0.5329626109936301,express,0.2211619587159848,0.0,False,True,0.12118991326530278,0.2053,shame,autonomy_guard,expression_drive;warmth_bias,0.0817,0.7478991596638656,warning
1780727131.2732594,data-EST,90,0.7808714201569015,0.6495741210320743,0.9126769353101896,0.9274261362462555,0.08270037269726949,0.6052800878240655,0.8359921697204952,0.6579024594452921,0.4151504460716123,1.0,0.5356570506927051,express,0.21923139800725316,0.0,False,True,0.06515859295869787,0.2045,shame,autonomy_guard,expression_drive;warmth_bias,0.1222,0.7468879668049793,warning
1780727131.2735925,data-EST,91,0.7848443273310767,0.6509946477638389,0.9114272875649194,0.9260358554411767,0.08015705229193623,0.6055947333513405,0.8399252954403539,0.6528539808920396,0.4250584203111276,1.0,0.5220762669048542,observe,0.20937743000025033,0.0,False,True,0.014734253122361747,0.0,,,perception_acuity;patience,0.0,0.7489711934156379,warning
1780727131.2738993,data-EST,92,0.7864052780661184,0.6496915180900011,0.9139513099420213,0.9275109179292048,0.08218982017941866,0.6147986416763725,0.8453835190992418,0.6541010668578371,0.4290336865208874,0.9945490698512366,0.5225116142180498,observe,0.1989085585002378,0.0,False,True,0.0,0.0,,,perception_acuity;patience,0.0,0.7510204081632653,warning
1780727131.27421,data-EST,93,0.7931731503145769,0.6470355783568192,0.9127025470927048,0.9241931837262929,0.08297617333571904,0.6241741397513735,0.846232247177967,0.660766398817328,0.43277391897603534,1.0,0.5226158687165768,express,0.1952913225368981,0.0,False,True,0.15773580907452958,0.207,shame,autonomy_guard,expression_drive;warmth_bias,0.0406,0.75,warning
1780727131.274512,data-EST,94,0.7915722172253052,0.6438941780762112,0.915357134032751,0.9260450959515742,0.07770664925309965,0.6284808883575711,0.8448054012399138,0.6648949296732841,0.42326604917433286,0.9995810863911447,0.5222166519991626,observe,0.18840156397943372,0.0,False,True,0.03747696072258026,0.0,,,perception_acuity;patience,0.0,0.752,warning
1780727131.2748294,data-EST,95,0.799432667227374,0.645516343587754,0.9204441198551495,0.9262814463987568,0.07358426099070695,0.6396289856427138,0.8421901033363982,0.667258980579344,0.4209655608180383,1.0,0.5168586343260421,express,0.19291932524767766,0.0,False,True,0.025978571909166106,0.2083,shame,autonomy_guard,expression_drive;warmth_bias,0.0405,0.7509881422924901,warning
1780727131.275147,data-EST,96,0.8029818801287796,0.6474995802659674,0.9206786574443218,0.9222072767927817,0.07339691604810325,0.652079489133182,0.8426129609567898,0.6704070153214577,0.41488642062784414,1.0,0.5252474818887902,express,0.19487826309879974,0.0,False,True,0.01680104883391466,0.206,shame,autonomy_guard,expression_drive;warmth_bias,0.0811,0.75,warning
1780727131.2754586,data-EST,97,0.8061900542272589,0.6506435128252233,0.922064511997212,0.9198439065203998,0.07863587618834295,0.6451527778160069,0.842310094390719,0.6808275209919226,0.412159602304582,0.9982362059080929,0.5332458931613479,observe,0.18513434994385974,0.0,False,True,0.0,0.0,,,perception_acuity;patience,0.0,0.751937984496124,warning
1780727131.2757618,data-EST,98,0.8029815445440636,0.6492540389491078,0.9195671512262431,0.9179363739382562,0.08357358281210024,0.6430502664617154,0.8426719502596088,0.6764141329677398,0.41285511212286097,0.9983045730211328,0.5344768165511384,observe,0.17900052480947695,0.0,False,True,0.032716191343327344,0.0,,,perception_acuity;patience,0.0,0.7538461538461538,warning
1780727131.2760756,data-EST,99,0.8081039310200495,0.645787798725505,0.9196471690697982,0.9220083052272579,0.0832369543382877,0.6422215421179759,0.8460506202676908,0.686778091941262,0.41544760161335637,0.9970659526523933,0.5381795699743899,observe,0.1700504985690031,0.0,False,True,0.10457521042393941,0.0,,,perception_acuity;patience,0.0,0.7557251908396947,warning
1780727131.2764025,data-EST,100,0.806822125198332,0.6456576889467999,0.9200838196527753,0.9168079462524472,0.08304740879326547,0.6393094185770728,0.8408428851906438,0.6917685731418989,0.411633588149724,0.9937708197261576,0.5403945530820359,observe,0.1639974606371446,0.0,False,True,0.011993489468384523,0.0,,,perception_acuity;patience,0.0,0.7575757575757576,warning
